#
# There is insufficient memory for the Java Runtime Environment to continue.
# Native memory allocation (malloc) failed to allocate 2933056 bytes. Error detail: Chunk::new
# Possible reasons:
#   The system is out of physical RAM or swap space
#   This process is running with CompressedOops enabled, and the Java Heap may be blocking the growth of the native heap
# Possible solutions:
#   Reduce memory load on the system
#   Increase physical memory or swap space
#   Check if swap backing store is full
#   Decrease Java heap size (-Xmx/-Xms)
#   Decrease number of Java threads
#   Decrease Java thread stack sizes (-Xss)
#   Set larger code cache with -XX:ReservedCodeCacheSize=
#   JVM is running with Zero Based Compressed Oops mode in which the Java heap is
#     placed in the first 32GB address space. The Java Heap base address is the
#     maximum limit for the native heap growth. Please use -XX:HeapBaseMinAddress
#     to set the Java Heap base and to place the Java Heap above 32GB virtual address.
# This output file may be truncated or incomplete.
#
#  Out of Memory Error (arena.cpp:168), pid=20592, tid=5184
#
# JRE version: OpenJDK Runtime Environment Microsoft-11933218 (21.0.8+9) (build 21.0.8+9-LTS)
# Java VM: OpenJDK 64-Bit Server VM Microsoft-11933218 (21.0.8+9-LTS, mixed mode, sharing, tiered, compressed oops, compressed class ptrs, g1 gc, windows-amd64)
# No core dump will be written. Minidumps are not enabled by default on client versions of Windows
#

---------------  S U M M A R Y ------------

Command Line: --add-exports=jdk.compiler/com.sun.tools.javac.api=ALL-UNNAMED --add-exports=jdk.compiler/com.sun.tools.javac.util=ALL-UNNAMED --add-opens=java.base/java.util=ALL-UNNAMED --add-opens=java.base/java.lang=ALL-UNNAMED --add-opens=java.base/java.lang.invoke=ALL-UNNAMED --add-opens=java.prefs/java.util.prefs=ALL-UNNAMED --add-exports=jdk.compiler/com.sun.tools.javac.api=ALL-UNNAMED --add-exports=jdk.compiler/com.sun.tools.javac.util=ALL-UNNAMED --add-opens=java.base/java.nio.charset=ALL-UNNAMED --add-opens=java.base/java.net=ALL-UNNAMED --add-opens=java.base/java.util.concurrent.atomic=ALL-UNNAMED -Xmx4096m -Dfile.encoding=UTF-8 -Duser.country=IN -Duser.language=en -Duser.variant -javaagent:C:\Users\LearnersYT\.gradle\wrapper\dists\gradle-8.9-bin\90cnw93cvbtalezasaz0blq0a\gradle-8.9\lib\agents\gradle-instrumentation-agent-8.9.jar org.gradle.launcher.daemon.bootstrap.GradleDaemon 8.9

Host: 12th Gen Intel(R) Core(TM) i5-1240P, 16 cores, 31G,  Windows 11 , 64 bit Build 26100 (10.0.26100.9444)
Time: Tue Sep 22 10:27:11 2026 India Standard Time elapsed time: 202.434746 seconds (0d 0h 3m 22s)

---------------  T H R E A D  ---------------

Current thread (0x00000226b41de900):  JavaThread "C2 CompilerThread0" daemon [_thread_in_native, id=5184, stack(0x000000b76c200000,0x000000b76c300000) (1024K)]


Current CompileTask:
C2:202434 37268       4       com.android.tools.r8.internal.vd::a (6886 bytes)

Stack: [0x000000b76c200000,0x000000b76c300000]
Native frames: (J=compiled Java code, j=interpreted, Vv=VM code, C=native code)
V  [jvm.dll+0x6e1729]
V  [jvm.dll+0x8bf47b]
V  [jvm.dll+0x8c19aa]
V  [jvm.dll+0x8c2083]
V  [jvm.dll+0x289fd6]
V  [jvm.dll+0xc903d]
V  [jvm.dll+0xc958c]
V  [jvm.dll+0x3c771c]
V  [jvm.dll+0x1ea5ad]
V  [jvm.dll+0x251db3]
V  [jvm.dll+0x251283]
V  [jvm.dll+0x1d18bf]
V  [jvm.dll+0x260f4a]
V  [jvm.dll+0x25f2b5]
V  [jvm.dll+0x40151d]
V  [jvm.dll+0x86975d]
V  [jvm.dll+0x6dff2d]
C  [ucrtbase.dll+0x2cd30]
C  [KERNEL32.DLL+0x2cd87]
C  [ntdll.dll+0xacaec]


---------------  P R O C E S S  ---------------

Threads class SMR info:
_java_thread_list=0x000002268a81fca0, length=230, elements={
0x0000022691d5c150, 0x00000226b41c5100, 0x00000226b41c7b60, 0x00000226b41c86e0,
0x00000226b41c94c0, 0x00000226b41cefe0, 0x00000226b41daa70, 0x00000226b41de900,
0x00000226b4261f20, 0x00000226b43725e0, 0x00000226b451d1a0, 0x00000226fafadf60,
0x00000226fb0a2850, 0x00000226fb13abb0, 0x00000226fb139ff0, 0x00000226fb2bc8c0,
0x00000226fb2a8310, 0x00000226fb2a89a0, 0x00000226fb2aa3e0, 0x00000226fb2ab100,
0x00000226fb2a9030, 0x00000226fcb28860, 0x00000226fcb2a2a0, 0x00000226fcb281d0,
0x00000226fcb2afc0, 0x0000022680487f10, 0x00000226fee16ca0, 0x00000226804892c0,
0x00000226fbcb35d0, 0x00000226fbcb28b0, 0x0000022686c01430, 0x0000022686924130,
0x00000226869247c0, 0x00000226871ac500, 0x0000022686c00710, 0x0000022686c00da0,
0x0000022686c00080, 0x0000022688b42520, 0x0000022686ce0b00, 0x0000022686ce3260,
0x0000022686ce1eb0, 0x0000022686ce1190, 0x0000022687594330, 0x0000022687595050,
0x00000226875949c0, 0x00000226875956e0, 0x0000022687218c80, 0x0000022687217f60,
0x00000226872185f0, 0x0000022687216bb0, 0x0000022687217240, 0x0000022687219310,
0x0000022687215e90, 0x0000022687216520, 0x00000226872178d0, 0x000002268ac95af0,
0x000002268ac94740, 0x000002268ac94dd0, 0x000002268ac95460, 0x000002268ac92670,
0x000002268ac92d00, 0x000002268ac93390, 0x000002268ac93a20, 0x000002268ac940b0,
0x0000022680195190, 0x0000022680194b00, 0x0000022680193de0, 0x0000022680194470,
0x000002268801de40, 0x000002268801e4d0, 0x000002268801eb60, 0x000002268801d7b0,
0x0000022681f65400, 0x00000226871ab150, 0x0000022686ce2540, 0x0000022686ce2bd0,
0x0000022686cdfde0, 0x0000022686ce0470, 0x000002268ad18290, 0x000002268ad18920,
0x000002268ad17c00, 0x000002268ad18fb0, 0x00000226869254e0, 0x000002268bb845d0,
0x000002268bb83220, 0x000002268bb84c60, 0x000002268bb83f40, 0x00000226888df7e0,
0x000002268bb838b0, 0x000002268bb852f0, 0x000002268ad00f60, 0x000002268ad015f0,
0x000002268ad01c80, 0x000002268ad008d0, 0x000002268ad02310, 0x000002268ad029a0,
0x000002268ad03030, 0x000002268ad036c0, 0x000002268ad03d50, 0x0000022688603680,
0x00000226886043a0, 0x0000022688603d10, 0x00000226886022d0, 0x0000022688604a30,
0x0000022681f65a90, 0x000002268900c120, 0x000002268900db60, 0x000002268900b400,
0x000002268900c7b0, 0x000002268900ce40, 0x0000022681f646e0, 0x00000226fb9a98e0,
0x00000226fb9a9250, 0x00000226fb9a9f70, 0x00000226fb9a8bc0, 0x000002268a0dc0d0,
0x000002268a0dba40, 0x000002268a0deec0, 0x000002268a0de830, 0x000002268a0dc760,
0x000002268a0ddb10, 0x000002268a0dcdf0, 0x000002268a0de1a0, 0x000002268a0dd480,
0x00000227043c53b0, 0x00000227043c6760, 0x000002268858e670, 0x000002268858d2c0,
0x000002268858dfe0, 0x000002268858d950, 0x000002268858ed00, 0x00000226885900b0,
0x000002268858f390, 0x0000022688590740, 0x000002268858fa20, 0x000002268b7fd690,
0x000002268b7fc970, 0x000002268b7fbc50, 0x000002268b7fa210, 0x000002268b7fa8a0,
0x000002268b7faf30, 0x00000226feef1180, 0x0000022686b26a50, 0x00000227043c60d0,
0x00000227043c6df0, 0x00000227043c5a40, 0x00000227043c4000, 0x00000227043c3970,
0x00000227043c4690, 0x00000227043c4d20, 0x0000022688c92c20, 0x0000022688c932b0,
0x0000022688c8fe30, 0x0000022688c904c0, 0x0000022688c90b50, 0x00000226866202f0,
0x00000226888dfe70, 0x00000226888e0500, 0x00000226888e0b90, 0x00000226870ea4a0,
0x00000226870eab30, 0x00000226870eb1c0, 0x00000226870ecc00, 0x00000226870ed290,
0x00000226870ed920, 0x00000226870ec570, 0x00000226870eb850, 0x00000226869cba80,
0x00000226869ca6d0, 0x000002268104c180, 0x000002268104cea0, 0x00000226886050c0,
0x0000022688605750, 0x0000022688602960, 0x0000022688602ff0, 0x000002270665e120,
0x000002270665b330, 0x000002270665b9c0, 0x000002270665cd70, 0x0000022688a951f0,
0x0000022688a91d70, 0x0000022686b270e0, 0x0000022686b242f0, 0x0000022686b25010,
0x0000022686b27770, 0x0000022686b24980, 0x0000022686b263c0, 0x000002268900d4d0,
0x000002268900e1f0, 0x000002268900ba90, 0x000002268ad5a540, 0x000002268ad5abd0,
0x000002268ad5c610, 0x000002268ad5b260, 0x000002268ad5bf80, 0x000002268ad5b8f0,
0x000002270665c050, 0x000002270665e7b0, 0x000002270665da90, 0x000002270665c6e0,
0x000002270665d400, 0x00000226fe3500c0, 0x0000022688c911e0, 0x0000022688c91870,
0x0000022688c91f00, 0x0000022688c92590, 0x000002268b79ad70, 0x0000022686b256a0,
0x0000022686b25d30, 0x0000022706193af0, 0x0000022706194ea0, 0x0000022706194180,
0x0000022706194810, 0x0000022706191a20, 0x0000022706193460, 0x0000022706192740,
0x00000227061920b0, 0x0000022688a92400, 0x0000022688a94b60, 0x0000022688a92a90,
0x000002268b7fb5c0, 0x000002268a8b1e80, 0x000002268a8b2510, 0x0000022705fd3530,
0x000002268b205350, 0x0000022688a93120, 0x0000022686be6670, 0x0000022686be7390,
0x000002268a0b8e10, 0x000002270640b750
}

Java Threads: ( => current thread )
  0x0000022691d5c150 JavaThread "main"                              [_thread_blocked, id=3212, stack(0x000000b76b400000,0x000000b76b500000) (1024K)]
  0x00000226b41c5100 JavaThread "Reference Handler"          daemon [_thread_blocked, id=14360, stack(0x000000b76bc00000,0x000000b76bd00000) (1024K)]
  0x00000226b41c7b60 JavaThread "Finalizer"                  daemon [_thread_blocked, id=19340, stack(0x000000b76bd00000,0x000000b76be00000) (1024K)]
  0x00000226b41c86e0 JavaThread "Signal Dispatcher"          daemon [_thread_blocked, id=12448, stack(0x000000b76be00000,0x000000b76bf00000) (1024K)]
  0x00000226b41c94c0 JavaThread "Attach Listener"            daemon [_thread_blocked, id=2368, stack(0x000000b76bf00000,0x000000b76c000000) (1024K)]
  0x00000226b41cefe0 JavaThread "Service Thread"             daemon [_thread_blocked, id=20624, stack(0x000000b76c000000,0x000000b76c100000) (1024K)]
  0x00000226b41daa70 JavaThread "Monitor Deflation Thread"   daemon [_thread_blocked, id=26016, stack(0x000000b76c100000,0x000000b76c200000) (1024K)]
=>0x00000226b41de900 JavaThread "C2 CompilerThread0"         daemon [_thread_in_native, id=5184, stack(0x000000b76c200000,0x000000b76c300000) (1024K)]
  0x00000226b4261f20 JavaThread "C1 CompilerThread0"         daemon [_thread_in_native, id=22920, stack(0x000000b76c300000,0x000000b76c400000) (1024K)]
  0x00000226b43725e0 JavaThread "Common-Cleaner"             daemon [_thread_blocked, id=16260, stack(0x000000b76c400000,0x000000b76c500000) (1024K)]
  0x00000226b451d1a0 JavaThread "Notification Thread"        daemon [_thread_blocked, id=12424, stack(0x000000b76c700000,0x000000b76c800000) (1024K)]
  0x00000226fafadf60 JavaThread "Daemon health stats"               [_thread_blocked, id=12132, stack(0x000000b76d500000,0x000000b76d600000) (1024K)]
  0x00000226fb0a2850 JavaThread "Incoming local TCP Connector on port 62361"        [_thread_in_native, id=14640, stack(0x000000b76d600000,0x000000b76d700000) (1024K)]
  0x00000226fb13abb0 JavaThread "Daemon periodic checks"            [_thread_blocked, id=3252, stack(0x000000b76d800000,0x000000b76d900000) (1024K)]
  0x00000226fb139ff0 JavaThread "Daemon"                            [_thread_blocked, id=27528, stack(0x000000b76d900000,0x000000b76da00000) (1024K)]
  0x00000226fb2bc8c0 JavaThread "Daemon worker"                     [_thread_blocked, id=15668, stack(0x000000b76dc00000,0x000000b76dd00000) (1024K)]
  0x00000226fb2a8310 JavaThread "Cache worker for journal cache (C:\Users\LearnersYT\.gradle\caches\journal-1)"        [_thread_blocked, id=14828, stack(0x000000b76e000000,0x000000b76e100000) (1024K)]
  0x00000226fb2a89a0 JavaThread "File lock request listener"        [_thread_in_native, id=17372, stack(0x000000b76e100000,0x000000b76e200000) (1024K)]
  0x00000226fb2aa3e0 JavaThread "Cache worker for file hash cache (C:\Users\LearnersYT\.gradle\caches\8.9\fileHashes)"        [_thread_blocked, id=5180, stack(0x000000b76e300000,0x000000b76e400000) (1024K)]
  0x00000226fb2ab100 JavaThread "File watcher server"        daemon [_thread_in_native, id=2448, stack(0x000000b76e900000,0x000000b76ea00000) (1024K)]
  0x00000226fb2a9030 JavaThread "File watcher consumer"      daemon [_thread_blocked, id=16220, stack(0x000000b76ea00000,0x000000b76eb00000) (1024K)]
  0x00000226fcb28860 JavaThread "jar transforms"                    [_thread_blocked, id=12684, stack(0x000000b76d700000,0x000000b76d800000) (1024K)]
  0x00000226fcb2a2a0 JavaThread "jar transforms Thread 2"           [_thread_blocked, id=3992, stack(0x000000b76e600000,0x000000b76e700000) (1024K)]
  0x00000226fcb281d0 JavaThread "Cache worker for file content cache (C:\Users\LearnersYT\.gradle\caches\8.9\fileContent)"        [_thread_blocked, id=10812, stack(0x000000b76eb00000,0x000000b76ec00000) (1024K)]
  0x00000226fcb2afc0 JavaThread "jar transforms Thread 3"           [_thread_blocked, id=27652, stack(0x000000b76ef00000,0x000000b76f000000) (1024K)]
  0x0000022680487f10 JavaThread "jar transforms Thread 4"           [_thread_blocked, id=3832, stack(0x000000b76ec00000,0x000000b76ed00000) (1024K)]
  0x00000226fee16ca0 JavaThread "Memory manager"                    [_thread_blocked, id=8140, stack(0x000000b772100000,0x000000b772200000) (1024K)]
  0x00000226804892c0 JavaThread "VFS cleanup"                       [_thread_blocked, id=19880, stack(0x000000b76c600000,0x000000b76c700000) (1024K)]
  0x00000226fbcb35d0 JavaThread "jar transforms Thread 5"           [_thread_blocked, id=12932, stack(0x000000b76f000000,0x000000b76f100000) (1024K)]
  0x00000226fbcb28b0 JavaThread "jar transforms Thread 6"           [_thread_blocked, id=9156, stack(0x000000b76f100000,0x000000b76f200000) (1024K)]
  0x0000022686c01430 JavaThread "included builds"                   [_thread_blocked, id=15152, stack(0x000000b76f200000,0x000000b76f300000) (1024K)]
  0x0000022686924130 JavaThread "included builds"                   [_thread_blocked, id=2020, stack(0x000000b772800000,0x000000b772900000) (1024K)]
  0x00000226869247c0 JavaThread "Handler for socket connection from /127.0.0.1:62361 to /127.0.0.1:57300"        [_thread_in_native, id=27544, stack(0x000000b76b100000,0x000000b76b200000) (1024K)]
  0x00000226871ac500 JavaThread "Cancel handler"                    [_thread_blocked, id=25652, stack(0x000000b76b200000,0x000000b76b300000) (1024K)]
  0x0000022686c00710 JavaThread "Asynchronous log dispatcher for DefaultDaemonConnection: socket connection from /127.0.0.1:62361 to /127.0.0.1:57300"        [_thread_blocked, id=11748, stack(0x000000b76b300000,0x000000b76b400000) (1024K)]
  0x0000022686c00da0 JavaThread "Stdin handler"                     [_thread_blocked, id=10136, stack(0x000000b76c500000,0x000000b76c600000) (1024K)]
  0x0000022686c00080 JavaThread "Daemon client event forwarder"        [_thread_blocked, id=3332, stack(0x000000b76d400000,0x000000b76d500000) (1024K)]
  0x0000022688b42520 JavaThread "Cache worker for file hash cache (C:\Users\LearnersYT\source\TheDesiTadka\Mobile\.gradle\8.9\fileHashes)"        [_thread_blocked, id=4792, stack(0x000000b76da00000,0x000000b76db00000) (1024K)]
  0x0000022686ce0b00 JavaThread "Cache worker for Build Output Cleanup Cache (C:\Users\LearnersYT\source\TheDesiTadka\Mobile\.gradle\buildOutputCleanup)"        [_thread_blocked, id=28416, stack(0x000000b76db00000,0x000000b76dc00000) (1024K)]
  0x0000022686ce3260 JavaThread "Cache worker for checksums cache (C:\Users\LearnersYT\source\TheDesiTadka\Mobile\.gradle\8.9\checksums)"        [_thread_blocked, id=22536, stack(0x000000b76dd00000,0x000000b76de00000) (1024K)]
  0x0000022686ce1eb0 JavaThread "Cache worker for cache directory md-rule (C:\Users\LearnersYT\.gradle\caches\8.9\md-rule)"        [_thread_blocked, id=6488, stack(0x000000b76de00000,0x000000b76df00000) (1024K)]
  0x0000022686ce1190 JavaThread "Cache worker for cache directory md-supplier (C:\Users\LearnersYT\.gradle\caches\8.9\md-supplier)"        [_thread_blocked, id=13616, stack(0x000000b76df00000,0x000000b76e000000) (1024K)]
  0x0000022687594330 JavaThread "Unconstrained build operations"        [_thread_blocked, id=16728, stack(0x000000b76e800000,0x000000b76e900000) (1024K)]
  0x0000022687595050 JavaThread "Unconstrained build operations Thread 2"        [_thread_blocked, id=22376, stack(0x000000b76ed00000,0x000000b76ee00000) (1024K)]
  0x00000226875949c0 JavaThread "Unconstrained build operations Thread 3"        [_thread_blocked, id=9188, stack(0x000000b76ee00000,0x000000b76ef00000) (1024K)]
  0x00000226875956e0 JavaThread "Unconstrained build operations Thread 4"        [_thread_blocked, id=24296, stack(0x000000b76f400000,0x000000b76f500000) (1024K)]
  0x0000022687218c80 JavaThread "Unconstrained build operations Thread 5"        [_thread_blocked, id=7344, stack(0x000000b76f500000,0x000000b76f600000) (1024K)]
  0x0000022687217f60 JavaThread "Unconstrained build operations Thread 6"        [_thread_blocked, id=2084, stack(0x000000b76f600000,0x000000b76f700000) (1024K)]
  0x00000226872185f0 JavaThread "Unconstrained build operations Thread 7"        [_thread_blocked, id=2412, stack(0x000000b76f700000,0x000000b76f800000) (1024K)]
  0x0000022687216bb0 JavaThread "Unconstrained build operations Thread 8"        [_thread_blocked, id=9064, stack(0x000000b76f800000,0x000000b76f900000) (1024K)]
  0x0000022687217240 JavaThread "Unconstrained build operations Thread 9"        [_thread_blocked, id=3044, stack(0x000000b76f900000,0x000000b76fa00000) (1024K)]
  0x0000022687219310 JavaThread "Unconstrained build operations Thread 10"        [_thread_blocked, id=26472, stack(0x000000b76fa00000,0x000000b76fb00000) (1024K)]
  0x0000022687215e90 JavaThread "Unconstrained build operations Thread 11"        [_thread_blocked, id=24520, stack(0x000000b76fb00000,0x000000b76fc00000) (1024K)]
  0x0000022687216520 JavaThread "Unconstrained build operations Thread 12"        [_thread_blocked, id=11568, stack(0x000000b76fc00000,0x000000b76fd00000) (1024K)]
  0x00000226872178d0 JavaThread "Unconstrained build operations Thread 13"        [_thread_blocked, id=17276, stack(0x000000b76fd00000,0x000000b76fe00000) (1024K)]
  0x000002268ac95af0 JavaThread "Unconstrained build operations Thread 14"        [_thread_blocked, id=3456, stack(0x000000b76fe00000,0x000000b76ff00000) (1024K)]
  0x000002268ac94740 JavaThread "Unconstrained build operations Thread 15"        [_thread_blocked, id=18172, stack(0x000000b76ff00000,0x000000b770000000) (1024K)]
  0x000002268ac94dd0 JavaThread "Unconstrained build operations Thread 16"        [_thread_blocked, id=18852, stack(0x000000b770000000,0x000000b770100000) (1024K)]
  0x000002268ac95460 JavaThread "Unconstrained build operations Thread 17"        [_thread_blocked, id=12216, stack(0x000000b770100000,0x000000b770200000) (1024K)]
  0x000002268ac92670 JavaThread "Unconstrained build operations Thread 18"        [_thread_blocked, id=21888, stack(0x000000b770200000,0x000000b770300000) (1024K)]
  0x000002268ac92d00 JavaThread "Unconstrained build operations Thread 19"        [_thread_blocked, id=9440, stack(0x000000b770300000,0x000000b770400000) (1024K)]
  0x000002268ac93390 JavaThread "Unconstrained build operations Thread 20"        [_thread_blocked, id=20492, stack(0x000000b770400000,0x000000b770500000) (1024K)]
  0x000002268ac93a20 JavaThread "Unconstrained build operations Thread 21"        [_thread_blocked, id=26628, stack(0x000000b770500000,0x000000b770600000) (1024K)]
  0x000002268ac940b0 JavaThread "Unconstrained build operations Thread 22"        [_thread_blocked, id=19220, stack(0x000000b770600000,0x000000b770700000) (1024K)]
  0x0000022680195190 JavaThread "Unconstrained build operations Thread 23"        [_thread_blocked, id=17696, stack(0x000000b770700000,0x000000b770800000) (1024K)]
  0x0000022680194b00 JavaThread "Unconstrained build operations Thread 24"        [_thread_blocked, id=6908, stack(0x000000b770800000,0x000000b770900000) (1024K)]
  0x0000022680193de0 JavaThread "Unconstrained build operations Thread 25"        [_thread_blocked, id=26584, stack(0x000000b770900000,0x000000b770a00000) (1024K)]
  0x0000022680194470 JavaThread "Unconstrained build operations Thread 26"        [_thread_blocked, id=15272, stack(0x000000b770a00000,0x000000b770b00000) (1024K)]
  0x000002268801de40 JavaThread "Unconstrained build operations Thread 27"        [_thread_blocked, id=10160, stack(0x000000b770b00000,0x000000b770c00000) (1024K)]
  0x000002268801e4d0 JavaThread "Unconstrained build operations Thread 28"        [_thread_blocked, id=6612, stack(0x000000b770c00000,0x000000b770d00000) (1024K)]
  0x000002268801eb60 JavaThread "Unconstrained build operations Thread 29"        [_thread_blocked, id=25372, stack(0x000000b770d00000,0x000000b770e00000) (1024K)]
  0x000002268801d7b0 JavaThread "Unconstrained build operations Thread 30"        [_thread_blocked, id=21292, stack(0x000000b770e00000,0x000000b770f00000) (1024K)]
  0x0000022681f65400 JavaThread "build event listener"              [_thread_blocked, id=13728, stack(0x000000b770f00000,0x000000b771000000) (1024K)]
  0x00000226871ab150 JavaThread "included builds"                   [_thread_blocked, id=15308, stack(0x000000b771600000,0x000000b771700000) (1024K)]
  0x0000022686ce2540 JavaThread "Execution worker"                  [_thread_blocked, id=9404, stack(0x000000b771700000,0x000000b771800000) (1024K)]
  0x0000022686ce2bd0 JavaThread "Execution worker Thread 2"         [_thread_blocked, id=12296, stack(0x000000b771800000,0x000000b771900000) (1024K)]
  0x0000022686cdfde0 JavaThread "Execution worker Thread 3"         [_thread_blocked, id=21448, stack(0x000000b771900000,0x000000b771a00000) (1024K)]
  0x0000022686ce0470 JavaThread "Execution worker Thread 4"         [_thread_blocked, id=1904, stack(0x000000b771a00000,0x000000b771b00000) (1024K)]
  0x000002268ad18290 JavaThread "Execution worker Thread 5"         [_thread_blocked, id=15372, stack(0x000000b771b00000,0x000000b771c00000) (1024K)]
  0x000002268ad18920 JavaThread "Execution worker Thread 6"         [_thread_blocked, id=28512, stack(0x000000b771d00000,0x000000b771e00000) (1024K)]
  0x000002268ad17c00 JavaThread "Execution worker Thread 7"         [_thread_blocked, id=15652, stack(0x000000b772300000,0x000000b772400000) (1024K)]
  0x000002268ad18fb0 JavaThread "Execution worker Thread 8"         [_thread_blocked, id=11544, stack(0x000000b772600000,0x000000b772700000) (1024K)]
  0x00000226869254e0 JavaThread "Execution worker Thread 9"         [_thread_blocked, id=10048, stack(0x000000b772700000,0x000000b772800000) (1024K)]
  0x000002268bb845d0 JavaThread "Execution worker Thread 10"        [_thread_blocked, id=27484, stack(0x000000b772900000,0x000000b772a00000) (1024K)]
  0x000002268bb83220 JavaThread "Execution worker Thread 11"        [_thread_blocked, id=14104, stack(0x000000b772a00000,0x000000b772b00000) (1024K)]
  0x000002268bb84c60 JavaThread "Execution worker Thread 12"        [_thread_blocked, id=18616, stack(0x000000b772b00000,0x000000b772c00000) (1024K)]
  0x000002268bb83f40 JavaThread "Execution worker Thread 13"        [_thread_blocked, id=25360, stack(0x000000b772c00000,0x000000b772d00000) (1024K)]
  0x00000226888df7e0 JavaThread "Cache worker for execution history cache (C:\Users\LearnersYT\source\TheDesiTadka\Mobile\.gradle\8.9\executionHistory)"        [_thread_blocked, id=15016, stack(0x000000b772d00000,0x000000b772e00000) (1024K)]
  0x000002268bb838b0 JavaThread "Execution worker Thread 14"        [_thread_blocked, id=11760, stack(0x000000b772e00000,0x000000b772f00000) (1024K)]
  0x000002268bb852f0 JavaThread "Execution worker Thread 15"        [_thread_blocked, id=11152, stack(0x000000b772f00000,0x000000b773000000) (1024K)]
  0x000002268ad00f60 JavaThread "Unconstrained build operations Thread 31"        [_thread_blocked, id=16284, stack(0x000000b773000000,0x000000b773100000) (1024K)]
  0x000002268ad015f0 JavaThread "Unconstrained build operations Thread 32"        [_thread_blocked, id=11432, stack(0x000000b773100000,0x000000b773200000) (1024K)]
  0x000002268ad01c80 JavaThread "Unconstrained build operations Thread 33"        [_thread_blocked, id=17928, stack(0x000000b773200000,0x000000b773300000) (1024K)]
  0x000002268ad008d0 JavaThread "Unconstrained build operations Thread 34"        [_thread_blocked, id=15612, stack(0x000000b773300000,0x000000b773400000) (1024K)]
  0x000002268ad02310 JavaThread "Unconstrained build operations Thread 35"        [_thread_blocked, id=3468, stack(0x000000b773400000,0x000000b773500000) (1024K)]
  0x000002268ad029a0 JavaThread "Unconstrained build operations Thread 36"        [_thread_blocked, id=26336, stack(0x000000b773500000,0x000000b773600000) (1024K)]
  0x000002268ad03030 JavaThread "Unconstrained build operations Thread 37"        [_thread_blocked, id=27028, stack(0x000000b773600000,0x000000b773700000) (1024K)]
  0x000002268ad036c0 JavaThread "Unconstrained build operations Thread 38"        [_thread_blocked, id=16432, stack(0x000000b773700000,0x000000b773800000) (1024K)]
  0x000002268ad03d50 JavaThread "Unconstrained build operations Thread 39"        [_thread_blocked, id=26068, stack(0x000000b773800000,0x000000b773900000) (1024K)]
  0x0000022688603680 JavaThread "Unconstrained build operations Thread 40"        [_thread_blocked, id=14892, stack(0x000000b773900000,0x000000b773a00000) (1024K)]
  0x00000226886043a0 JavaThread "Unconstrained build operations Thread 41"        [_thread_blocked, id=18632, stack(0x000000b773a00000,0x000000b773b00000) (1024K)]
  0x0000022688603d10 JavaThread "Unconstrained build operations Thread 42"        [_thread_blocked, id=15684, stack(0x000000b773b00000,0x000000b773c00000) (1024K)]
  0x00000226886022d0 JavaThread "Unconstrained build operations Thread 43"        [_thread_blocked, id=26208, stack(0x000000b773c00000,0x000000b773d00000) (1024K)]
  0x0000022688604a30 JavaThread "Unconstrained build operations Thread 44"        [_thread_blocked, id=10556, stack(0x000000b773d00000,0x000000b773e00000) (1024K)]
  0x0000022681f65a90 JavaThread "Unconstrained build operations Thread 45"        [_thread_blocked, id=8088, stack(0x000000b773e00000,0x000000b773f00000) (1024K)]
  0x000002268900c120 JavaThread "Unconstrained build operations Thread 46"        [_thread_blocked, id=16488, stack(0x000000b773f00000,0x000000b774000000) (1024K)]
  0x000002268900db60 JavaThread "Unconstrained build operations Thread 47"        [_thread_blocked, id=18308, stack(0x000000b774000000,0x000000b774100000) (1024K)]
  0x000002268900b400 JavaThread "Unconstrained build operations Thread 48"        [_thread_blocked, id=18292, stack(0x000000b774100000,0x000000b774200000) (1024K)]
  0x000002268900c7b0 JavaThread "Unconstrained build operations Thread 49"        [_thread_blocked, id=2128, stack(0x000000b774200000,0x000000b774300000) (1024K)]
  0x000002268900ce40 JavaThread "Unconstrained build operations Thread 50"        [_thread_blocked, id=25112, stack(0x000000b774300000,0x000000b774400000) (1024K)]
  0x0000022681f646e0 JavaThread "Unconstrained build operations Thread 51"        [_thread_blocked, id=15888, stack(0x000000b774600000,0x000000b774700000) (1024K)]
  0x00000226fb9a98e0 JavaThread "Unconstrained build operations Thread 52"        [_thread_blocked, id=4428, stack(0x000000b774700000,0x000000b774800000) (1024K)]
  0x00000226fb9a9250 JavaThread "Unconstrained build operations Thread 53"        [_thread_blocked, id=11164, stack(0x000000b774800000,0x000000b774900000) (1024K)]
  0x00000226fb9a9f70 JavaThread "Unconstrained build operations Thread 54"        [_thread_blocked, id=5760, stack(0x000000b774900000,0x000000b774a00000) (1024K)]
  0x00000226fb9a8bc0 JavaThread "Unconstrained build operations Thread 55"        [_thread_blocked, id=3448, stack(0x000000b774a00000,0x000000b774b00000) (1024K)]
  0x000002268a0dc0d0 JavaThread "Unconstrained build operations Thread 56"        [_thread_blocked, id=15500, stack(0x000000b774b00000,0x000000b774c00000) (1024K)]
  0x000002268a0dba40 JavaThread "Unconstrained build operations Thread 57"        [_thread_blocked, id=3220, stack(0x000000b774c00000,0x000000b774d00000) (1024K)]
  0x000002268a0deec0 JavaThread "Unconstrained build operations Thread 58"        [_thread_blocked, id=2808, stack(0x000000b774d00000,0x000000b774e00000) (1024K)]
  0x000002268a0de830 JavaThread "Unconstrained build operations Thread 59"        [_thread_blocked, id=7580, stack(0x000000b774e00000,0x000000b774f00000) (1024K)]
  0x000002268a0dc760 JavaThread "Unconstrained build operations Thread 60"        [_thread_blocked, id=25664, stack(0x000000b774f00000,0x000000b775000000) (1024K)]
  0x000002268a0ddb10 JavaThread "Unconstrained build operations Thread 61"        [_thread_blocked, id=15584, stack(0x000000b775000000,0x000000b775100000) (1024K)]
  0x000002268a0dcdf0 JavaThread "Unconstrained build operations Thread 62"        [_thread_blocked, id=10996, stack(0x000000b775100000,0x000000b775200000) (1024K)]
  0x000002268a0de1a0 JavaThread "Unconstrained build operations Thread 63"        [_thread_blocked, id=27152, stack(0x000000b775200000,0x000000b775300000) (1024K)]
  0x000002268a0dd480 JavaThread "Unconstrained build operations Thread 64"        [_thread_blocked, id=22488, stack(0x000000b775300000,0x000000b775400000) (1024K)]
  0x00000227043c53b0 JavaThread "Unconstrained build operations Thread 65"        [_thread_blocked, id=23076, stack(0x000000b775400000,0x000000b775500000) (1024K)]
  0x00000227043c6760 JavaThread "Unconstrained build operations Thread 66"        [_thread_blocked, id=16264, stack(0x000000b775500000,0x000000b775600000) (1024K)]
  0x000002268858e670 JavaThread "Unconstrained build operations Thread 67"        [_thread_blocked, id=15328, stack(0x000000b775600000,0x000000b775700000) (1024K)]
  0x000002268858d2c0 JavaThread "Unconstrained build operations Thread 68"        [_thread_blocked, id=6892, stack(0x000000b775700000,0x000000b775800000) (1024K)]
  0x000002268858dfe0 JavaThread "Unconstrained build operations Thread 69"        [_thread_blocked, id=7664, stack(0x000000b775800000,0x000000b775900000) (1024K)]
  0x000002268858d950 JavaThread "Unconstrained build operations Thread 70"        [_thread_blocked, id=16888, stack(0x000000b775900000,0x000000b775a00000) (1024K)]
  0x000002268858ed00 JavaThread "Unconstrained build operations Thread 71"        [_thread_blocked, id=8136, stack(0x000000b775a00000,0x000000b775b00000) (1024K)]
  0x00000226885900b0 JavaThread "Unconstrained build operations Thread 72"        [_thread_blocked, id=19068, stack(0x000000b775b00000,0x000000b775c00000) (1024K)]
  0x000002268858f390 JavaThread "Unconstrained build operations Thread 73"        [_thread_blocked, id=22988, stack(0x000000b775c00000,0x000000b775d00000) (1024K)]
  0x0000022688590740 JavaThread "Unconstrained build operations Thread 74"        [_thread_blocked, id=16840, stack(0x000000b775d00000,0x000000b775e00000) (1024K)]
  0x000002268858fa20 JavaThread "Unconstrained build operations Thread 75"        [_thread_blocked, id=13716, stack(0x000000b775e00000,0x000000b775f00000) (1024K)]
  0x000002268b7fd690 JavaThread "Unconstrained build operations Thread 76"        [_thread_blocked, id=17548, stack(0x000000b775f00000,0x000000b776000000) (1024K)]
  0x000002268b7fc970 JavaThread "Unconstrained build operations Thread 77"        [_thread_blocked, id=8972, stack(0x000000b776000000,0x000000b776100000) (1024K)]
  0x000002268b7fbc50 JavaThread "Unconstrained build operations Thread 78"        [_thread_blocked, id=17172, stack(0x000000b776100000,0x000000b776200000) (1024K)]
  0x000002268b7fa210 JavaThread "Unconstrained build operations Thread 79"        [_thread_blocked, id=4612, stack(0x000000b776200000,0x000000b776300000) (1024K)]
  0x000002268b7fa8a0 JavaThread "Unconstrained build operations Thread 80"        [_thread_blocked, id=25552, stack(0x000000b776300000,0x000000b776400000) (1024K)]
  0x000002268b7faf30 JavaThread "Unconstrained build operations Thread 81"        [_thread_blocked, id=15596, stack(0x000000b776400000,0x000000b776500000) (1024K)]
  0x00000226feef1180 JavaThread "Unconstrained build operations Thread 82"        [_thread_blocked, id=11572, stack(0x000000b776500000,0x000000b776600000) (1024K)]
  0x0000022686b26a50 JavaThread "Unconstrained build operations Thread 83"        [_thread_blocked, id=3112, stack(0x000000b776600000,0x000000b776700000) (1024K)]
  0x00000227043c60d0 JavaThread "Unconstrained build operations Thread 84"        [_thread_blocked, id=27428, stack(0x000000b776700000,0x000000b776800000) (1024K)]
  0x00000227043c6df0 JavaThread "Unconstrained build operations Thread 85"        [_thread_blocked, id=6672, stack(0x000000b776800000,0x000000b776900000) (1024K)]
  0x00000227043c5a40 JavaThread "Unconstrained build operations Thread 86"        [_thread_blocked, id=27940, stack(0x000000b776900000,0x000000b776a00000) (1024K)]
  0x00000227043c4000 JavaThread "Unconstrained build operations Thread 87"        [_thread_blocked, id=15976, stack(0x000000b776a00000,0x000000b776b00000) (1024K)]
  0x00000227043c3970 JavaThread "Unconstrained build operations Thread 88"        [_thread_blocked, id=3196, stack(0x000000b776b00000,0x000000b776c00000) (1024K)]
  0x00000227043c4690 JavaThread "Unconstrained build operations Thread 89"        [_thread_blocked, id=7132, stack(0x000000b776c00000,0x000000b776d00000) (1024K)]
  0x00000227043c4d20 JavaThread "Unconstrained build operations Thread 90"        [_thread_blocked, id=11728, stack(0x000000b776d00000,0x000000b776e00000) (1024K)]
  0x0000022688c92c20 JavaThread "Unconstrained build operations Thread 91"        [_thread_blocked, id=16836, stack(0x000000b776e00000,0x000000b776f00000) (1024K)]
  0x0000022688c932b0 JavaThread "Unconstrained build operations Thread 92"        [_thread_blocked, id=22304, stack(0x000000b776f00000,0x000000b777000000) (1024K)]
  0x0000022688c8fe30 JavaThread "Unconstrained build operations Thread 93"        [_thread_blocked, id=11436, stack(0x000000b777000000,0x000000b777100000) (1024K)]
  0x0000022688c904c0 JavaThread "Unconstrained build operations Thread 94"        [_thread_blocked, id=22776, stack(0x000000b777100000,0x000000b777200000) (1024K)]
  0x0000022688c90b50 JavaThread "Unconstrained build operations Thread 95"        [_thread_blocked, id=4912, stack(0x000000b777200000,0x000000b777300000) (1024K)]
  0x00000226866202f0 JavaThread "Unconstrained build operations Thread 96"        [_thread_blocked, id=4172, stack(0x000000b777300000,0x000000b777400000) (1024K)]
  0x00000226888dfe70 JavaThread "Unconstrained build operations Thread 97"        [_thread_blocked, id=21664, stack(0x000000b777400000,0x000000b777500000) (1024K)]
  0x00000226888e0500 JavaThread "Unconstrained build operations Thread 98"        [_thread_blocked, id=17108, stack(0x000000b777500000,0x000000b777600000) (1024K)]
  0x00000226888e0b90 JavaThread "Unconstrained build operations Thread 99"        [_thread_blocked, id=25408, stack(0x000000b777600000,0x000000b777700000) (1024K)]
  0x00000226870ea4a0 JavaThread "Unconstrained build operations Thread 100"        [_thread_blocked, id=11608, stack(0x000000b777700000,0x000000b777800000) (1024K)]
  0x00000226870eab30 JavaThread "Unconstrained build operations Thread 101"        [_thread_blocked, id=22868, stack(0x000000b777800000,0x000000b777900000) (1024K)]
  0x00000226870eb1c0 JavaThread "Unconstrained build operations Thread 102"        [_thread_blocked, id=26872, stack(0x000000b777900000,0x000000b777a00000) (1024K)]
  0x00000226870ecc00 JavaThread "Unconstrained build operations Thread 103"        [_thread_blocked, id=9636, stack(0x000000b777a00000,0x000000b777b00000) (1024K)]
  0x00000226870ed290 JavaThread "Unconstrained build operations Thread 104"        [_thread_blocked, id=2524, stack(0x000000b777b00000,0x000000b777c00000) (1024K)]
  0x00000226870ed920 JavaThread "Unconstrained build operations Thread 105"        [_thread_blocked, id=16560, stack(0x000000b777c00000,0x000000b777d00000) (1024K)]
  0x00000226870ec570 JavaThread "Unconstrained build operations Thread 106"        [_thread_blocked, id=21124, stack(0x000000b777d00000,0x000000b777e00000) (1024K)]
  0x00000226870eb850 JavaThread "Unconstrained build operations Thread 107"        [_thread_blocked, id=13904, stack(0x000000b777e00000,0x000000b777f00000) (1024K)]
  0x00000226869cba80 JavaThread "Unconstrained build operations Thread 108"        [_thread_blocked, id=25796, stack(0x000000b777f00000,0x000000b778000000) (1024K)]
  0x00000226869ca6d0 JavaThread "Unconstrained build operations Thread 109"        [_thread_blocked, id=22584, stack(0x000000b778000000,0x000000b778100000) (1024K)]
  0x000002268104c180 JavaThread "Unconstrained build operations Thread 110"        [_thread_blocked, id=864, stack(0x000000b778100000,0x000000b778200000) (1024K)]
  0x000002268104cea0 JavaThread "Unconstrained build operations Thread 111"        [_thread_blocked, id=27364, stack(0x000000b778200000,0x000000b778300000) (1024K)]
  0x00000226886050c0 JavaThread "Unconstrained build operations Thread 112"        [_thread_blocked, id=5340, stack(0x000000b778300000,0x000000b778400000) (1024K)]
  0x0000022688605750 JavaThread "Unconstrained build operations Thread 113"        [_thread_blocked, id=10676, stack(0x000000b778400000,0x000000b778500000) (1024K)]
  0x0000022688602960 JavaThread "Unconstrained build operations Thread 114"        [_thread_blocked, id=15720, stack(0x000000b778500000,0x000000b778600000) (1024K)]
  0x0000022688602ff0 JavaThread "Unconstrained build operations Thread 115"        [_thread_blocked, id=9740, stack(0x000000b778600000,0x000000b778700000) (1024K)]
  0x000002270665e120 JavaThread "Unconstrained build operations Thread 116"        [_thread_blocked, id=27136, stack(0x000000b778700000,0x000000b778800000) (1024K)]
  0x000002270665b330 JavaThread "Unconstrained build operations Thread 117"        [_thread_blocked, id=7532, stack(0x000000b778800000,0x000000b778900000) (1024K)]
  0x000002270665b9c0 JavaThread "Unconstrained build operations Thread 118"        [_thread_blocked, id=25388, stack(0x000000b778900000,0x000000b778a00000) (1024K)]
  0x000002270665cd70 JavaThread "Unconstrained build operations Thread 119"        [_thread_blocked, id=9308, stack(0x000000b778a00000,0x000000b778b00000) (1024K)]
  0x0000022688a951f0 JavaThread "Unconstrained build operations Thread 120"        [_thread_blocked, id=25536, stack(0x000000b778b00000,0x000000b778c00000) (1024K)]
  0x0000022688a91d70 JavaThread "Unconstrained build operations Thread 121"        [_thread_blocked, id=9040, stack(0x000000b778c00000,0x000000b778d00000) (1024K)]
  0x0000022686b270e0 JavaThread "Unconstrained build operations Thread 122"        [_thread_blocked, id=11960, stack(0x000000b778d00000,0x000000b778e00000) (1024K)]
  0x0000022686b242f0 JavaThread "Unconstrained build operations Thread 123"        [_thread_blocked, id=9696, stack(0x000000b778e00000,0x000000b778f00000) (1024K)]
  0x0000022686b25010 JavaThread "Unconstrained build operations Thread 124"        [_thread_blocked, id=3604, stack(0x000000b778f00000,0x000000b779000000) (1024K)]
  0x0000022686b27770 JavaThread "Unconstrained build operations Thread 125"        [_thread_blocked, id=4892, stack(0x000000b779000000,0x000000b779100000) (1024K)]
  0x0000022686b24980 JavaThread "Unconstrained build operations Thread 126"        [_thread_blocked, id=15180, stack(0x000000b779100000,0x000000b779200000) (1024K)]
  0x0000022686b263c0 JavaThread "Unconstrained build operations Thread 127"        [_thread_blocked, id=14148, stack(0x000000b779200000,0x000000b779300000) (1024K)]
  0x000002268900d4d0 JavaThread "Unconstrained build operations Thread 128"        [_thread_blocked, id=4020, stack(0x000000b779300000,0x000000b779400000) (1024K)]
  0x000002268900e1f0 JavaThread "Unconstrained build operations Thread 129"        [_thread_blocked, id=6732, stack(0x000000b779400000,0x000000b779500000) (1024K)]
  0x000002268900ba90 JavaThread "Unconstrained build operations Thread 130"        [_thread_blocked, id=1800, stack(0x000000b779500000,0x000000b779600000) (1024K)]
  0x000002268ad5a540 JavaThread "Unconstrained build operations Thread 131"        [_thread_blocked, id=23880, stack(0x000000b779600000,0x000000b779700000) (1024K)]
  0x000002268ad5abd0 JavaThread "Unconstrained build operations Thread 132"        [_thread_blocked, id=4952, stack(0x000000b779700000,0x000000b779800000) (1024K)]
  0x000002268ad5c610 JavaThread "Unconstrained build operations Thread 133"        [_thread_blocked, id=18548, stack(0x000000b779800000,0x000000b779900000) (1024K)]
  0x000002268ad5b260 JavaThread "Unconstrained build operations Thread 134"        [_thread_blocked, id=14172, stack(0x000000b779900000,0x000000b779a00000) (1024K)]
  0x000002268ad5bf80 JavaThread "Unconstrained build operations Thread 135"        [_thread_blocked, id=18092, stack(0x000000b779a00000,0x000000b779b00000) (1024K)]
  0x000002268ad5b8f0 JavaThread "Unconstrained build operations Thread 136"        [_thread_blocked, id=7004, stack(0x000000b779b00000,0x000000b779c00000) (1024K)]
  0x000002270665c050 JavaThread "Unconstrained build operations Thread 137"        [_thread_blocked, id=17972, stack(0x000000b779c00000,0x000000b779d00000) (1024K)]
  0x000002270665e7b0 JavaThread "Unconstrained build operations Thread 138"        [_thread_blocked, id=7120, stack(0x000000b779d00000,0x000000b779e00000) (1024K)]
  0x000002270665da90 JavaThread "Unconstrained build operations Thread 139"        [_thread_blocked, id=16752, stack(0x000000b779e00000,0x000000b779f00000) (1024K)]
  0x000002270665c6e0 JavaThread "Unconstrained build operations Thread 140"        [_thread_blocked, id=21756, stack(0x000000b779f00000,0x000000b77a000000) (1024K)]
  0x000002270665d400 JavaThread "Unconstrained build operations Thread 141"        [_thread_blocked, id=22436, stack(0x000000b77a000000,0x000000b77a100000) (1024K)]
  0x00000226fe3500c0 JavaThread "Unconstrained build operations Thread 142"        [_thread_blocked, id=24456, stack(0x000000b77a100000,0x000000b77a200000) (1024K)]
  0x0000022688c911e0 JavaThread "Unconstrained build operations Thread 143"        [_thread_blocked, id=22340, stack(0x000000b77a200000,0x000000b77a300000) (1024K)]
  0x0000022688c91870 JavaThread "Unconstrained build operations Thread 144"        [_thread_blocked, id=15104, stack(0x000000b77a300000,0x000000b77a400000) (1024K)]
  0x0000022688c91f00 JavaThread "Unconstrained build operations Thread 145"        [_thread_blocked, id=28660, stack(0x000000b77a400000,0x000000b77a500000) (1024K)]
  0x0000022688c92590 JavaThread "Unconstrained build operations Thread 146"        [_thread_blocked, id=18532, stack(0x000000b77a500000,0x000000b77a600000) (1024K)]
  0x000002268b79ad70 JavaThread "Unconstrained build operations Thread 147"        [_thread_blocked, id=25020, stack(0x000000b77a600000,0x000000b77a700000) (1024K)]
  0x0000022686b256a0 JavaThread "Unconstrained build operations Thread 148"        [_thread_blocked, id=18860, stack(0x000000b77a700000,0x000000b77a800000) (1024K)]
  0x0000022686b25d30 JavaThread "Unconstrained build operations Thread 149"        [_thread_blocked, id=12096, stack(0x000000b77a800000,0x000000b77a900000) (1024K)]
  0x0000022706193af0 JavaThread "Unconstrained build operations Thread 150"        [_thread_blocked, id=25328, stack(0x000000b77a900000,0x000000b77aa00000) (1024K)]
  0x0000022706194ea0 JavaThread "Unconstrained build operations Thread 151"        [_thread_blocked, id=7604, stack(0x000000b77aa00000,0x000000b77ab00000) (1024K)]
  0x0000022706194180 JavaThread "Unconstrained build operations Thread 152"        [_thread_blocked, id=26840, stack(0x000000b77ab00000,0x000000b77ac00000) (1024K)]
  0x0000022706194810 JavaThread "Unconstrained build operations Thread 153"        [_thread_blocked, id=23616, stack(0x000000b77ac00000,0x000000b77ad00000) (1024K)]
  0x0000022706191a20 JavaThread "Unconstrained build operations Thread 154"        [_thread_blocked, id=25640, stack(0x000000b77ad00000,0x000000b77ae00000) (1024K)]
  0x0000022706193460 JavaThread "Unconstrained build operations Thread 155"        [_thread_blocked, id=17580, stack(0x000000b77ae00000,0x000000b77af00000) (1024K)]
  0x0000022706192740 JavaThread "Unconstrained build operations Thread 156"        [_thread_blocked, id=968, stack(0x000000b77af00000,0x000000b77b000000) (1024K)]
  0x00000227061920b0 JavaThread "Unconstrained build operations Thread 157"        [_thread_blocked, id=26204, stack(0x000000b77b200000,0x000000b77b300000) (1024K)]
  0x0000022688a92400 JavaThread "Unconstrained build operations Thread 158"        [_thread_blocked, id=27148, stack(0x000000b77b300000,0x000000b77b400000) (1024K)]
  0x0000022688a94b60 JavaThread "Unconstrained build operations Thread 159"        [_thread_blocked, id=22796, stack(0x000000b77b400000,0x000000b77b500000) (1024K)]
  0x0000022688a92a90 JavaThread "Unconstrained build operations Thread 160"        [_thread_blocked, id=15024, stack(0x000000b77b500000,0x000000b77b600000) (1024K)]
  0x000002268b7fb5c0 JavaThread "WorkerExecutor Queue"              [_thread_blocked, id=10800, stack(0x000000b771f00000,0x000000b772000000) (1024K)]
  0x000002268a8b1e80 JavaThread "ForkJoinPool-1-worker-1"    daemon [_thread_in_Java, id=11424, stack(0x000000b76e700000,0x000000b76e800000) (1024K)]
  0x000002268a8b2510 JavaThread "ForkJoinPool-1-worker-2"    daemon [_thread_in_Java, id=26772, stack(0x000000b76f300000,0x000000b76f400000) (1024K)]
  0x0000022705fd3530 JavaThread "ForkJoinPool-1-worker-3"    daemon [_thread_in_Java, id=18364, stack(0x000000b771000000,0x000000b771100000) (1024K)]
  0x000002268b205350 JavaThread "ForkJoinPool-1-worker-4"    daemon [_thread_in_Java, id=2912, stack(0x000000b771100000,0x000000b771200000) (1024K)]
  0x0000022688a93120 JavaThread "ForkJoinPool-1-worker-5"    daemon [_thread_in_Java, id=28528, stack(0x000000b771200000,0x000000b771300000) (1024K)]
  0x0000022686be6670 JavaThread "ForkJoinPool-1-worker-6"    daemon [_thread_in_Java, id=27120, stack(0x000000b771e00000,0x000000b771f00000) (1024K)]
  0x0000022686be7390 JavaThread "ForkJoinPool-1-worker-7"    daemon [_thread_in_Java, id=15540, stack(0x000000b774400000,0x000000b774500000) (1024K)]
  0x000002268a0b8e10 JavaThread "ForkJoinPool-1-worker-8"    daemon [_thread_in_Java, id=27812, stack(0x000000b774500000,0x000000b774600000) (1024K)]
  0x000002270640b750 JavaThread "C2 CompilerThread1"         daemon [_thread_in_native, id=27644, stack(0x000000b76c800000,0x000000b76c900000) (1024K)]
Total: 230

Other Threads:
  0x00000226b41aa920 VMThread "VM Thread"                           [id=1992, stack(0x000000b76bb00000,0x000000b76bc00000) (1024K)]
  0x00000226b42619e0 WatcherThread "VM Periodic Task Thread"        [id=17552, stack(0x000000b76ba00000,0x000000b76bb00000) (1024K)]
  0x00000226941fbbf0 WorkerThread "GC Thread#0"                     [id=17020, stack(0x000000b76b500000,0x000000b76b600000) (1024K)]
  0x00000226b488ff50 WorkerThread "GC Thread#1"                     [id=28152, stack(0x000000b76c900000,0x000000b76ca00000) (1024K)]
  0x00000226b48658b0 WorkerThread "GC Thread#2"                     [id=15436, stack(0x000000b76ca00000,0x000000b76cb00000) (1024K)]
  0x00000226b4605090 WorkerThread "GC Thread#3"                     [id=3168, stack(0x000000b76cb00000,0x000000b76cc00000) (1024K)]
  0x00000226b4604950 WorkerThread "GC Thread#4"                     [id=13840, stack(0x000000b76cc00000,0x000000b76cd00000) (1024K)]
  0x00000226b4605430 WorkerThread "GC Thread#5"                     [id=9352, stack(0x000000b76cd00000,0x000000b76ce00000) (1024K)]
  0x00000226b4604cf0 WorkerThread "GC Thread#6"                     [id=4280, stack(0x000000b76ce00000,0x000000b76cf00000) (1024K)]
  0x00000226b4603ad0 WorkerThread "GC Thread#7"                     [id=3852, stack(0x000000b76cf00000,0x000000b76d000000) (1024K)]
  0x00000226b4603e70 WorkerThread "GC Thread#8"                     [id=5496, stack(0x000000b76d000000,0x000000b76d100000) (1024K)]
  0x00000226b4604210 WorkerThread "GC Thread#9"                     [id=9752, stack(0x000000b76d100000,0x000000b76d200000) (1024K)]
  0x00000226b46045b0 WorkerThread "GC Thread#10"                    [id=17088, stack(0x000000b76d200000,0x000000b76d300000) (1024K)]
  0x00000226b48aabc0 WorkerThread "GC Thread#11"                    [id=2900, stack(0x000000b76d300000,0x000000b76d400000) (1024K)]
  0x00000226b48abde0 WorkerThread "GC Thread#12"                    [id=19544, stack(0x000000b76e200000,0x000000b76e300000) (1024K)]
  0x000002269420cc40 ConcurrentGCThread "G1 Main Marker"            [id=7624, stack(0x000000b76b600000,0x000000b76b700000) (1024K)]
  0x000002269420f220 WorkerThread "G1 Conc#0"                       [id=19060, stack(0x000000b76b700000,0x000000b76b800000) (1024K)]
  0x00000226b48ab6a0 WorkerThread "G1 Conc#1"                       [id=19008, stack(0x000000b76e400000,0x000000b76e500000) (1024K)]
  0x00000226b48a99a0 WorkerThread "G1 Conc#2"                       [id=19772, stack(0x000000b76e500000,0x000000b76e600000) (1024K)]
  0x00000226b40dd7e0 ConcurrentGCThread "G1 Refine#0"               [id=13708, stack(0x000000b76b800000,0x000000b76b900000) (1024K)]
  0x00000226b40de100 ConcurrentGCThread "G1 Service"                [id=8832, stack(0x000000b76b900000,0x000000b76ba00000) (1024K)]
Total: 21

Threads with active compile tasks:
C2 CompilerThread0  202531 37268       4       com.android.tools.r8.internal.vd::a (6886 bytes)
C2 CompilerThread1  202532 37314       4       com.android.tools.r8.synthesis.N::b (2 bytes)
C2 CompilerThread2  202532 37299       4       org.gradle.internal.snapshot.AbstractListChildMap::withReplacedChild (78 bytes)
C2 CompilerThread3  202532 37291       4       java.util.concurrent.ConcurrentHashMap::forEach (65 bytes)
Total: 4

VM state: not at safepoint (normal execution)

VM Mutex/Monitor currently owned by a thread: None

Heap address: 0x0000000700000000, size: 4096 MB, Compressed Oops mode: Zero based, Oop shift amount: 3

CDS archive(s) mapped at: [0x00000226b5000000-0x00000226b5c80000-0x00000226b5c80000), size 13107200, SharedBaseAddress: 0x00000226b5000000, ArchiveRelocationMode: 1.
Compressed class space mapped at: 0x00000226b6000000-0x00000226f6000000, reserved size: 1073741824
Narrow klass base: 0x00000226b5000000, Narrow klass shift: 0, Narrow klass range: 0x100000000

GC Precious Log:
 CardTable entry size: 512
 Card Set container configuration: InlinePtr #cards 4 size 8 Array Of Cards #cards 16 size 48 Howl #buckets 8 coarsen threshold 3686 Howl Bitmap #cards 512 size 80 coarsen threshold 460 Card regions per heap region 1 cards per card region 4096
 CPUs: 16 total, 16 available
 Memory: 32439M
 Large Page Support: Disabled
 NUMA Support: Disabled
 Compressed Oops: Enabled (Zero based)
 Heap Region Size: 2M
 Heap Min Capacity: 8M
 Heap Initial Capacity: 508M
 Heap Max Capacity: 4G
 Pre-touch: Disabled
 Parallel Workers: 13
 Concurrent Workers: 3
 Concurrent Refinement Workers: 13
 Periodic GC: Disabled

Heap:
 garbage-first heap   total 1888256K, used 1170125K [0x0000000700000000, 0x0000000800000000)
  region size 2048K, 28 young (57344K), 20 survivors (40960K)
 Metaspace       used 286343K, committed 290112K, reserved 1310720K
  class space    used 40079K, committed 41920K, reserved 1048576K

Heap Regions: E=young(eden), S=young(survivor), O=old, HS=humongous(starts), HC=humongous(continues), CS=collection set, F=free, TAMS=top-at-mark-start, PB=parsable bottom
|   0|0x0000000700000000, 0x0000000700200000, 0x0000000700200000|100%|HS|  |TAMS 0x0000000700000000| PB 0x0000000700000000| Complete 
|   1|0x0000000700200000, 0x0000000700400000, 0x0000000700400000|100%|HC|  |TAMS 0x0000000700200000| PB 0x0000000700200000| Complete 
|   2|0x0000000700400000, 0x0000000700600000, 0x0000000700600000|100%| O|  |TAMS 0x0000000700400000| PB 0x0000000700400000| Untracked 
|   3|0x0000000700600000, 0x0000000700800000, 0x0000000700800000|100%| O|  |TAMS 0x0000000700600000| PB 0x0000000700600000| Untracked 
|   4|0x0000000700800000, 0x0000000700a00000, 0x0000000700a00000|100%| O|  |TAMS 0x0000000700800000| PB 0x0000000700800000| Untracked 
|   5|0x0000000700a00000, 0x0000000700c00000, 0x0000000700c00000|100%| O|  |TAMS 0x0000000700a00000| PB 0x0000000700a00000| Untracked 
|   6|0x0000000700c00000, 0x0000000700e00000, 0x0000000700e00000|100%| O|  |TAMS 0x0000000700c00000| PB 0x0000000700c00000| Untracked 
|   7|0x0000000700e00000, 0x0000000701000000, 0x0000000701000000|100%| O|  |TAMS 0x0000000700e00000| PB 0x0000000700e00000| Untracked 
|   8|0x0000000701000000, 0x0000000701200000, 0x0000000701200000|100%| O|  |TAMS 0x0000000701000000| PB 0x0000000701000000| Untracked 
|   9|0x0000000701200000, 0x0000000701400000, 0x0000000701400000|100%| O|  |TAMS 0x0000000701200000| PB 0x0000000701200000| Untracked 
|  10|0x0000000701400000, 0x0000000701600000, 0x0000000701600000|100%| O|  |TAMS 0x0000000701400000| PB 0x0000000701400000| Untracked 
|  11|0x0000000701600000, 0x0000000701800000, 0x0000000701800000|100%| O|  |TAMS 0x0000000701600000| PB 0x0000000701600000| Untracked 
|  12|0x0000000701800000, 0x0000000701a00000, 0x0000000701a00000|100%| O|  |TAMS 0x0000000701800000| PB 0x0000000701800000| Untracked 
|  13|0x0000000701a00000, 0x0000000701c00000, 0x0000000701c00000|100%| O|  |TAMS 0x0000000701a00000| PB 0x0000000701a00000| Untracked 
|  14|0x0000000701c00000, 0x0000000701e00000, 0x0000000701e00000|100%| O|  |TAMS 0x0000000701c00000| PB 0x0000000701c00000| Untracked 
|  15|0x0000000701e00000, 0x0000000702000000, 0x0000000702000000|100%| O|  |TAMS 0x0000000701e00000| PB 0x0000000701e00000| Untracked 
|  16|0x0000000702000000, 0x0000000702200000, 0x0000000702200000|100%| O|  |TAMS 0x0000000702000000| PB 0x0000000702000000| Untracked 
|  17|0x0000000702200000, 0x0000000702400000, 0x0000000702400000|100%| O|  |TAMS 0x0000000702200000| PB 0x0000000702200000| Untracked 
|  18|0x0000000702400000, 0x0000000702600000, 0x0000000702600000|100%| O|  |TAMS 0x0000000702400000| PB 0x0000000702400000| Untracked 
|  19|0x0000000702600000, 0x0000000702800000, 0x0000000702800000|100%| O|  |TAMS 0x0000000702600000| PB 0x0000000702600000| Untracked 
|  20|0x0000000702800000, 0x0000000702a00000, 0x0000000702a00000|100%| O|  |TAMS 0x0000000702800000| PB 0x0000000702800000| Untracked 
|  21|0x0000000702a00000, 0x0000000702c00000, 0x0000000702c00000|100%| O|  |TAMS 0x0000000702a00000| PB 0x0000000702a00000| Untracked 
|  22|0x0000000702c00000, 0x0000000702e00000, 0x0000000702e00000|100%| O|  |TAMS 0x0000000702c00000| PB 0x0000000702c00000| Untracked 
|  23|0x0000000702e00000, 0x0000000703000000, 0x0000000703000000|100%| O|  |TAMS 0x0000000702e00000| PB 0x0000000702e00000| Untracked 
|  24|0x0000000703000000, 0x0000000703200000, 0x0000000703200000|100%| O|  |TAMS 0x0000000703000000| PB 0x0000000703000000| Untracked 
|  25|0x0000000703200000, 0x0000000703400000, 0x0000000703400000|100%|HS|  |TAMS 0x0000000703200000| PB 0x0000000703200000| Complete 
|  26|0x0000000703400000, 0x0000000703600000, 0x0000000703600000|100%|HS|  |TAMS 0x0000000703400000| PB 0x0000000703400000| Complete 
|  27|0x0000000703600000, 0x0000000703800000, 0x0000000703800000|100%|HS|  |TAMS 0x0000000703600000| PB 0x0000000703600000| Complete 
|  28|0x0000000703800000, 0x0000000703a00000, 0x0000000703a00000|100%|HC|  |TAMS 0x0000000703800000| PB 0x0000000703800000| Complete 
|  29|0x0000000703a00000, 0x0000000703c00000, 0x0000000703c00000|100%| O|  |TAMS 0x0000000703a00000| PB 0x0000000703a00000| Untracked 
|  30|0x0000000703c00000, 0x0000000703e00000, 0x0000000703e00000|100%| O|  |TAMS 0x0000000703c00000| PB 0x0000000703c00000| Untracked 
|  31|0x0000000703e00000, 0x0000000704000000, 0x0000000704000000|100%| O|  |TAMS 0x0000000703e00000| PB 0x0000000703e00000| Untracked 
|  32|0x0000000704000000, 0x0000000704200000, 0x0000000704200000|100%| O|  |TAMS 0x0000000704000000| PB 0x0000000704000000| Untracked 
|  33|0x0000000704200000, 0x0000000704400000, 0x0000000704400000|100%| O|  |TAMS 0x0000000704200000| PB 0x0000000704200000| Untracked 
|  34|0x0000000704400000, 0x0000000704600000, 0x0000000704600000|100%| O|  |TAMS 0x0000000704400000| PB 0x0000000704400000| Untracked 
|  35|0x0000000704600000, 0x0000000704800000, 0x0000000704800000|100%| O|  |TAMS 0x0000000704600000| PB 0x0000000704600000| Untracked 
|  36|0x0000000704800000, 0x0000000704a00000, 0x0000000704a00000|100%|HS|  |TAMS 0x0000000704800000| PB 0x0000000704800000| Complete 
|  37|0x0000000704a00000, 0x0000000704c00000, 0x0000000704c00000|100%|HC|  |TAMS 0x0000000704a00000| PB 0x0000000704a00000| Complete 
|  38|0x0000000704c00000, 0x0000000704e00000, 0x0000000704e00000|100%| O|  |TAMS 0x0000000704c00000| PB 0x0000000704c00000| Untracked 
|  39|0x0000000704e00000, 0x0000000705000000, 0x0000000705000000|100%| O|  |TAMS 0x0000000704e00000| PB 0x0000000704e00000| Untracked 
|  40|0x0000000705000000, 0x0000000705200000, 0x0000000705200000|100%| O|  |TAMS 0x0000000705000000| PB 0x0000000705000000| Untracked 
|  41|0x0000000705200000, 0x0000000705400000, 0x0000000705400000|100%| O|  |TAMS 0x0000000705200000| PB 0x0000000705200000| Untracked 
|  42|0x0000000705400000, 0x0000000705600000, 0x0000000705600000|100%| O|  |TAMS 0x0000000705400000| PB 0x0000000705400000| Untracked 
|  43|0x0000000705600000, 0x0000000705800000, 0x0000000705800000|100%| O|  |TAMS 0x0000000705600000| PB 0x0000000705600000| Untracked 
|  44|0x0000000705800000, 0x0000000705a00000, 0x0000000705a00000|100%| O|  |TAMS 0x0000000705800000| PB 0x0000000705800000| Untracked 
|  45|0x0000000705a00000, 0x0000000705c00000, 0x0000000705c00000|100%| O|  |TAMS 0x0000000705a00000| PB 0x0000000705a00000| Untracked 
|  46|0x0000000705c00000, 0x0000000705e00000, 0x0000000705e00000|100%| O|  |TAMS 0x0000000705c00000| PB 0x0000000705c00000| Untracked 
|  47|0x0000000705e00000, 0x0000000706000000, 0x0000000706000000|100%| O|  |TAMS 0x0000000705e00000| PB 0x0000000705e00000| Untracked 
|  48|0x0000000706000000, 0x0000000706200000, 0x0000000706200000|100%| O|  |TAMS 0x0000000706000000| PB 0x0000000706000000| Untracked 
|  49|0x0000000706200000, 0x0000000706400000, 0x0000000706400000|100%| O|  |TAMS 0x0000000706200000| PB 0x0000000706200000| Untracked 
|  50|0x0000000706400000, 0x0000000706600000, 0x0000000706600000|100%| O|  |TAMS 0x0000000706400000| PB 0x0000000706400000| Untracked 
|  51|0x0000000706600000, 0x0000000706800000, 0x0000000706800000|100%| O|  |TAMS 0x0000000706600000| PB 0x0000000706600000| Untracked 
|  52|0x0000000706800000, 0x0000000706a00000, 0x0000000706a00000|100%| O|  |TAMS 0x0000000706800000| PB 0x0000000706800000| Untracked 
|  53|0x0000000706a00000, 0x0000000706c00000, 0x0000000706c00000|100%| O|  |TAMS 0x0000000706a00000| PB 0x0000000706a00000| Untracked 
|  54|0x0000000706c00000, 0x0000000706e00000, 0x0000000706e00000|100%| O|  |TAMS 0x0000000706c00000| PB 0x0000000706c00000| Untracked 
|  55|0x0000000706e00000, 0x0000000707000000, 0x0000000707000000|100%| O|  |TAMS 0x0000000706e00000| PB 0x0000000706e00000| Untracked 
|  56|0x0000000707000000, 0x0000000707200000, 0x0000000707200000|100%| O|  |TAMS 0x0000000707000000| PB 0x0000000707000000| Untracked 
|  57|0x0000000707200000, 0x0000000707400000, 0x0000000707400000|100%| O|  |TAMS 0x0000000707200000| PB 0x0000000707200000| Untracked 
|  58|0x0000000707400000, 0x0000000707600000, 0x0000000707600000|100%| O|  |TAMS 0x0000000707400000| PB 0x0000000707400000| Untracked 
|  59|0x0000000707600000, 0x0000000707800000, 0x0000000707800000|100%| O|  |TAMS 0x0000000707600000| PB 0x0000000707600000| Untracked 
|  60|0x0000000707800000, 0x0000000707a00000, 0x0000000707a00000|100%| O|  |TAMS 0x0000000707800000| PB 0x0000000707800000| Untracked 
|  61|0x0000000707a00000, 0x0000000707c00000, 0x0000000707c00000|100%| O|  |TAMS 0x0000000707a00000| PB 0x0000000707a00000| Untracked 
|  62|0x0000000707c00000, 0x0000000707e00000, 0x0000000707e00000|100%| O|  |TAMS 0x0000000707c00000| PB 0x0000000707c00000| Untracked 
|  63|0x0000000707e00000, 0x0000000708000000, 0x0000000708000000|100%| O|  |TAMS 0x0000000707e00000| PB 0x0000000707e00000| Untracked 
|  64|0x0000000708000000, 0x0000000708200000, 0x0000000708200000|100%| O|  |TAMS 0x0000000708000000| PB 0x0000000708000000| Untracked 
|  65|0x0000000708200000, 0x0000000708400000, 0x0000000708400000|100%| O|  |TAMS 0x0000000708200000| PB 0x0000000708200000| Untracked 
|  66|0x0000000708400000, 0x0000000708600000, 0x0000000708600000|100%| O|  |TAMS 0x0000000708400000| PB 0x0000000708400000| Untracked 
|  67|0x0000000708600000, 0x0000000708800000, 0x0000000708800000|100%| O|  |TAMS 0x0000000708600000| PB 0x0000000708600000| Untracked 
|  68|0x0000000708800000, 0x0000000708a00000, 0x0000000708a00000|100%| O|  |TAMS 0x0000000708800000| PB 0x0000000708800000| Untracked 
|  69|0x0000000708a00000, 0x0000000708c00000, 0x0000000708c00000|100%| O|  |TAMS 0x0000000708a00000| PB 0x0000000708a00000| Untracked 
|  70|0x0000000708c00000, 0x0000000708e00000, 0x0000000708e00000|100%| O|  |TAMS 0x0000000708c00000| PB 0x0000000708c00000| Untracked 
|  71|0x0000000708e00000, 0x0000000709000000, 0x0000000709000000|100%| O|  |TAMS 0x0000000708e00000| PB 0x0000000708e00000| Untracked 
|  72|0x0000000709000000, 0x0000000709200000, 0x0000000709200000|100%| O|  |TAMS 0x0000000709000000| PB 0x0000000709000000| Untracked 
|  73|0x0000000709200000, 0x0000000709400000, 0x0000000709400000|100%| O|  |TAMS 0x0000000709200000| PB 0x0000000709200000| Untracked 
|  74|0x0000000709400000, 0x0000000709600000, 0x0000000709600000|100%| O|  |TAMS 0x0000000709400000| PB 0x0000000709400000| Untracked 
|  75|0x0000000709600000, 0x0000000709800000, 0x0000000709800000|100%| O|  |TAMS 0x0000000709600000| PB 0x0000000709600000| Untracked 
|  76|0x0000000709800000, 0x0000000709a00000, 0x0000000709a00000|100%| O|  |TAMS 0x0000000709800000| PB 0x0000000709800000| Untracked 
|  77|0x0000000709a00000, 0x0000000709c00000, 0x0000000709c00000|100%| O|  |TAMS 0x0000000709a00000| PB 0x0000000709a00000| Untracked 
|  78|0x0000000709c00000, 0x0000000709e00000, 0x0000000709e00000|100%| O|  |TAMS 0x0000000709c00000| PB 0x0000000709c00000| Untracked 
|  79|0x0000000709e00000, 0x000000070a000000, 0x000000070a000000|100%| O|  |TAMS 0x0000000709e00000| PB 0x0000000709e00000| Untracked 
|  80|0x000000070a000000, 0x000000070a200000, 0x000000070a200000|100%| O|  |TAMS 0x000000070a000000| PB 0x000000070a000000| Untracked 
|  81|0x000000070a200000, 0x000000070a400000, 0x000000070a400000|100%| O|  |TAMS 0x000000070a200000| PB 0x000000070a200000| Untracked 
|  82|0x000000070a400000, 0x000000070a600000, 0x000000070a600000|100%| O|  |TAMS 0x000000070a400000| PB 0x000000070a400000| Untracked 
|  83|0x000000070a600000, 0x000000070a800000, 0x000000070a800000|100%| O|  |TAMS 0x000000070a600000| PB 0x000000070a600000| Untracked 
|  84|0x000000070a800000, 0x000000070aa00000, 0x000000070aa00000|100%| O|  |TAMS 0x000000070a800000| PB 0x000000070a800000| Untracked 
|  85|0x000000070aa00000, 0x000000070ac00000, 0x000000070ac00000|100%| O|  |TAMS 0x000000070aa00000| PB 0x000000070aa00000| Untracked 
|  86|0x000000070ac00000, 0x000000070ae00000, 0x000000070ae00000|100%| O|  |TAMS 0x000000070ac00000| PB 0x000000070ac00000| Untracked 
|  87|0x000000070ae00000, 0x000000070b000000, 0x000000070b000000|100%| O|  |TAMS 0x000000070ae00000| PB 0x000000070ae00000| Untracked 
|  88|0x000000070b000000, 0x000000070b200000, 0x000000070b200000|100%| O|  |TAMS 0x000000070b000000| PB 0x000000070b000000| Untracked 
|  89|0x000000070b200000, 0x000000070b400000, 0x000000070b400000|100%| O|  |TAMS 0x000000070b200000| PB 0x000000070b200000| Untracked 
|  90|0x000000070b400000, 0x000000070b600000, 0x000000070b600000|100%| O|  |TAMS 0x000000070b400000| PB 0x000000070b400000| Untracked 
|  91|0x000000070b600000, 0x000000070b800000, 0x000000070b800000|100%| O|  |TAMS 0x000000070b600000| PB 0x000000070b600000| Untracked 
|  92|0x000000070b800000, 0x000000070ba00000, 0x000000070ba00000|100%| O|  |TAMS 0x000000070b800000| PB 0x000000070b800000| Untracked 
|  93|0x000000070ba00000, 0x000000070bc00000, 0x000000070bc00000|100%| O|  |TAMS 0x000000070ba00000| PB 0x000000070ba00000| Untracked 
|  94|0x000000070bc00000, 0x000000070be00000, 0x000000070be00000|100%| O|  |TAMS 0x000000070bc00000| PB 0x000000070bc00000| Untracked 
|  95|0x000000070be00000, 0x000000070c000000, 0x000000070c000000|100%| O|  |TAMS 0x000000070be00000| PB 0x000000070be00000| Untracked 
|  96|0x000000070c000000, 0x000000070c200000, 0x000000070c200000|100%| O|  |TAMS 0x000000070c000000| PB 0x000000070c000000| Untracked 
|  97|0x000000070c200000, 0x000000070c400000, 0x000000070c400000|100%| O|  |TAMS 0x000000070c200000| PB 0x000000070c200000| Untracked 
|  98|0x000000070c400000, 0x000000070c600000, 0x000000070c600000|100%| O|  |TAMS 0x000000070c400000| PB 0x000000070c400000| Untracked 
|  99|0x000000070c600000, 0x000000070c800000, 0x000000070c800000|100%| O|  |TAMS 0x000000070c600000| PB 0x000000070c600000| Untracked 
| 100|0x000000070c800000, 0x000000070ca00000, 0x000000070ca00000|100%| O|  |TAMS 0x000000070c800000| PB 0x000000070c800000| Untracked 
| 101|0x000000070ca00000, 0x000000070cc00000, 0x000000070cc00000|100%| O|  |TAMS 0x000000070ca00000| PB 0x000000070ca00000| Untracked 
| 102|0x000000070cc00000, 0x000000070ce00000, 0x000000070ce00000|100%| O|  |TAMS 0x000000070cc00000| PB 0x000000070cc00000| Untracked 
| 103|0x000000070ce00000, 0x000000070d000000, 0x000000070d000000|100%| O|  |TAMS 0x000000070ce00000| PB 0x000000070ce00000| Untracked 
| 104|0x000000070d000000, 0x000000070d200000, 0x000000070d200000|100%| O|  |TAMS 0x000000070d000000| PB 0x000000070d000000| Untracked 
| 105|0x000000070d200000, 0x000000070d400000, 0x000000070d400000|100%| O|  |TAMS 0x000000070d200000| PB 0x000000070d200000| Untracked 
| 106|0x000000070d400000, 0x000000070d600000, 0x000000070d600000|100%| O|  |TAMS 0x000000070d400000| PB 0x000000070d400000| Untracked 
| 107|0x000000070d600000, 0x000000070d800000, 0x000000070d800000|100%| O|  |TAMS 0x000000070d600000| PB 0x000000070d600000| Untracked 
| 108|0x000000070d800000, 0x000000070da00000, 0x000000070da00000|100%| O|  |TAMS 0x000000070d800000| PB 0x000000070d800000| Untracked 
| 109|0x000000070da00000, 0x000000070dc00000, 0x000000070dc00000|100%| O|  |TAMS 0x000000070da00000| PB 0x000000070da00000| Untracked 
| 110|0x000000070dc00000, 0x000000070de00000, 0x000000070de00000|100%| O|  |TAMS 0x000000070dc00000| PB 0x000000070dc00000| Untracked 
| 111|0x000000070de00000, 0x000000070e000000, 0x000000070e000000|100%| O|  |TAMS 0x000000070de00000| PB 0x000000070de00000| Untracked 
| 112|0x000000070e000000, 0x000000070e200000, 0x000000070e200000|100%| O|  |TAMS 0x000000070e000000| PB 0x000000070e000000| Untracked 
| 113|0x000000070e200000, 0x000000070e400000, 0x000000070e400000|100%| O|  |TAMS 0x000000070e200000| PB 0x000000070e200000| Untracked 
| 114|0x000000070e400000, 0x000000070e600000, 0x000000070e600000|100%| O|  |TAMS 0x000000070e400000| PB 0x000000070e400000| Untracked 
| 115|0x000000070e600000, 0x000000070e800000, 0x000000070e800000|100%| O|  |TAMS 0x000000070e600000| PB 0x000000070e600000| Untracked 
| 116|0x000000070e800000, 0x000000070ea00000, 0x000000070ea00000|100%| O|  |TAMS 0x000000070e800000| PB 0x000000070e800000| Untracked 
| 117|0x000000070ea00000, 0x000000070ec00000, 0x000000070ec00000|100%| O|  |TAMS 0x000000070ea00000| PB 0x000000070ea00000| Untracked 
| 118|0x000000070ec00000, 0x000000070ee00000, 0x000000070ee00000|100%| O|  |TAMS 0x000000070ec00000| PB 0x000000070ec00000| Untracked 
| 119|0x000000070ee00000, 0x000000070f000000, 0x000000070f000000|100%| O|  |TAMS 0x000000070ee00000| PB 0x000000070ee00000| Untracked 
| 120|0x000000070f000000, 0x000000070f200000, 0x000000070f200000|100%| O|  |TAMS 0x000000070f000000| PB 0x000000070f000000| Untracked 
| 121|0x000000070f200000, 0x000000070f400000, 0x000000070f400000|100%| O|  |TAMS 0x000000070f200000| PB 0x000000070f200000| Untracked 
| 122|0x000000070f400000, 0x000000070f600000, 0x000000070f600000|100%| O|  |TAMS 0x000000070f400000| PB 0x000000070f400000| Untracked 
| 123|0x000000070f600000, 0x000000070f800000, 0x000000070f800000|100%| O|  |TAMS 0x000000070f600000| PB 0x000000070f600000| Untracked 
| 124|0x000000070f800000, 0x000000070fa00000, 0x000000070fa00000|100%| O|  |TAMS 0x000000070f800000| PB 0x000000070f800000| Untracked 
| 125|0x000000070fa00000, 0x000000070fc00000, 0x000000070fc00000|100%| O|  |TAMS 0x000000070fa00000| PB 0x000000070fa00000| Untracked 
| 126|0x000000070fc00000, 0x000000070fe00000, 0x000000070fe00000|100%| O|  |TAMS 0x000000070fc00000| PB 0x000000070fc00000| Untracked 
| 127|0x000000070fe00000, 0x0000000710000000, 0x0000000710000000|100%| O|  |TAMS 0x000000070fe00000| PB 0x000000070fe00000| Untracked 
| 128|0x0000000710000000, 0x0000000710200000, 0x0000000710200000|100%| O|  |TAMS 0x0000000710000000| PB 0x0000000710000000| Untracked 
| 129|0x0000000710200000, 0x0000000710400000, 0x0000000710400000|100%| O|  |TAMS 0x0000000710200000| PB 0x0000000710200000| Untracked 
| 130|0x0000000710400000, 0x0000000710600000, 0x0000000710600000|100%| O|  |TAMS 0x0000000710400000| PB 0x0000000710400000| Untracked 
| 131|0x0000000710600000, 0x0000000710800000, 0x0000000710800000|100%| O|  |TAMS 0x0000000710600000| PB 0x0000000710600000| Untracked 
| 132|0x0000000710800000, 0x0000000710a00000, 0x0000000710a00000|100%| O|  |TAMS 0x0000000710800000| PB 0x0000000710800000| Untracked 
| 133|0x0000000710a00000, 0x0000000710c00000, 0x0000000710c00000|100%| O|  |TAMS 0x0000000710a00000| PB 0x0000000710a00000| Untracked 
| 134|0x0000000710c00000, 0x0000000710e00000, 0x0000000710e00000|100%| O|  |TAMS 0x0000000710c00000| PB 0x0000000710c00000| Untracked 
| 135|0x0000000710e00000, 0x0000000711000000, 0x0000000711000000|100%| O|  |TAMS 0x0000000710e00000| PB 0x0000000710e00000| Untracked 
| 136|0x0000000711000000, 0x0000000711200000, 0x0000000711200000|100%| O|  |TAMS 0x0000000711000000| PB 0x0000000711000000| Untracked 
| 137|0x0000000711200000, 0x0000000711400000, 0x0000000711400000|100%| O|  |TAMS 0x0000000711200000| PB 0x0000000711200000| Untracked 
| 138|0x0000000711400000, 0x0000000711600000, 0x0000000711600000|100%| O|  |TAMS 0x0000000711400000| PB 0x0000000711400000| Untracked 
| 139|0x0000000711600000, 0x0000000711800000, 0x0000000711800000|100%| O|  |TAMS 0x0000000711600000| PB 0x0000000711600000| Untracked 
| 140|0x0000000711800000, 0x0000000711a00000, 0x0000000711a00000|100%| O|  |TAMS 0x0000000711800000| PB 0x0000000711800000| Untracked 
| 141|0x0000000711a00000, 0x0000000711c00000, 0x0000000711c00000|100%| O|  |TAMS 0x0000000711a00000| PB 0x0000000711a00000| Untracked 
| 142|0x0000000711c00000, 0x0000000711e00000, 0x0000000711e00000|100%| O|  |TAMS 0x0000000711c00000| PB 0x0000000711c00000| Untracked 
| 143|0x0000000711e00000, 0x0000000712000000, 0x0000000712000000|100%| O|  |TAMS 0x0000000711e00000| PB 0x0000000711e00000| Untracked 
| 144|0x0000000712000000, 0x0000000712200000, 0x0000000712200000|100%| O|  |TAMS 0x0000000712000000| PB 0x0000000712000000| Untracked 
| 145|0x0000000712200000, 0x0000000712400000, 0x0000000712400000|100%| O|  |TAMS 0x0000000712200000| PB 0x0000000712200000| Untracked 
| 146|0x0000000712400000, 0x0000000712600000, 0x0000000712600000|100%| O|  |TAMS 0x0000000712400000| PB 0x0000000712400000| Untracked 
| 147|0x0000000712600000, 0x0000000712800000, 0x0000000712800000|100%| O|  |TAMS 0x0000000712600000| PB 0x0000000712600000| Untracked 
| 148|0x0000000712800000, 0x0000000712a00000, 0x0000000712a00000|100%| O|  |TAMS 0x0000000712800000| PB 0x0000000712800000| Untracked 
| 149|0x0000000712a00000, 0x0000000712c00000, 0x0000000712c00000|100%| O|  |TAMS 0x0000000712a00000| PB 0x0000000712a00000| Untracked 
| 150|0x0000000712c00000, 0x0000000712e00000, 0x0000000712e00000|100%| O|  |TAMS 0x0000000712c00000| PB 0x0000000712c00000| Untracked 
| 151|0x0000000712e00000, 0x0000000713000000, 0x0000000713000000|100%| O|  |TAMS 0x0000000712e00000| PB 0x0000000712e00000| Untracked 
| 152|0x0000000713000000, 0x0000000713200000, 0x0000000713200000|100%| O|  |TAMS 0x0000000713000000| PB 0x0000000713000000| Untracked 
| 153|0x0000000713200000, 0x0000000713400000, 0x0000000713400000|100%| O|  |TAMS 0x0000000713200000| PB 0x0000000713200000| Untracked 
| 154|0x0000000713400000, 0x0000000713600000, 0x0000000713600000|100%| O|  |TAMS 0x0000000713400000| PB 0x0000000713400000| Untracked 
| 155|0x0000000713600000, 0x0000000713800000, 0x0000000713800000|100%| O|  |TAMS 0x0000000713600000| PB 0x0000000713600000| Untracked 
| 156|0x0000000713800000, 0x0000000713a00000, 0x0000000713a00000|100%| O|  |TAMS 0x0000000713800000| PB 0x0000000713800000| Untracked 
| 157|0x0000000713a00000, 0x0000000713c00000, 0x0000000713c00000|100%|HS|  |TAMS 0x0000000713a00000| PB 0x0000000713a00000| Complete 
| 158|0x0000000713c00000, 0x0000000713e00000, 0x0000000713e00000|100%| O|  |TAMS 0x0000000713c00000| PB 0x0000000713c00000| Untracked 
| 159|0x0000000713e00000, 0x0000000714000000, 0x0000000714000000|100%| O|  |TAMS 0x0000000713e00000| PB 0x0000000713e00000| Untracked 
| 160|0x0000000714000000, 0x0000000714200000, 0x0000000714200000|100%| O|  |TAMS 0x0000000714000000| PB 0x0000000714000000| Untracked 
| 161|0x0000000714200000, 0x0000000714400000, 0x0000000714400000|100%| O|  |TAMS 0x0000000714200000| PB 0x0000000714200000| Untracked 
| 162|0x0000000714400000, 0x0000000714600000, 0x0000000714600000|100%| O|  |TAMS 0x0000000714400000| PB 0x0000000714400000| Untracked 
| 163|0x0000000714600000, 0x0000000714800000, 0x0000000714800000|100%| O|  |TAMS 0x0000000714600000| PB 0x0000000714600000| Untracked 
| 164|0x0000000714800000, 0x0000000714a00000, 0x0000000714a00000|100%| O|  |TAMS 0x0000000714800000| PB 0x0000000714800000| Untracked 
| 165|0x0000000714a00000, 0x0000000714c00000, 0x0000000714c00000|100%| O|  |TAMS 0x0000000714a00000| PB 0x0000000714a00000| Untracked 
| 166|0x0000000714c00000, 0x0000000714e00000, 0x0000000714e00000|100%| O|  |TAMS 0x0000000714c00000| PB 0x0000000714c00000| Untracked 
| 167|0x0000000714e00000, 0x0000000715000000, 0x0000000715000000|100%| O|  |TAMS 0x0000000714e00000| PB 0x0000000714e00000| Untracked 
| 168|0x0000000715000000, 0x0000000715200000, 0x0000000715200000|100%| O|  |TAMS 0x0000000715000000| PB 0x0000000715000000| Untracked 
| 169|0x0000000715200000, 0x0000000715400000, 0x0000000715400000|100%| O|  |TAMS 0x0000000715200000| PB 0x0000000715200000| Untracked 
| 170|0x0000000715400000, 0x0000000715600000, 0x0000000715600000|100%| O|  |TAMS 0x0000000715400000| PB 0x0000000715400000| Untracked 
| 171|0x0000000715600000, 0x0000000715800000, 0x0000000715800000|100%| O|  |TAMS 0x0000000715600000| PB 0x0000000715600000| Untracked 
| 172|0x0000000715800000, 0x0000000715a00000, 0x0000000715a00000|100%| O|  |TAMS 0x0000000715800000| PB 0x0000000715800000| Untracked 
| 173|0x0000000715a00000, 0x0000000715c00000, 0x0000000715c00000|100%| O|  |TAMS 0x0000000715a00000| PB 0x0000000715a00000| Untracked 
| 174|0x0000000715c00000, 0x0000000715e00000, 0x0000000715e00000|100%| O|  |TAMS 0x0000000715c00000| PB 0x0000000715c00000| Untracked 
| 175|0x0000000715e00000, 0x0000000716000000, 0x0000000716000000|100%| O|  |TAMS 0x0000000715e00000| PB 0x0000000715e00000| Untracked 
| 176|0x0000000716000000, 0x0000000716200000, 0x0000000716200000|100%| O|  |TAMS 0x0000000716000000| PB 0x0000000716000000| Untracked 
| 177|0x0000000716200000, 0x0000000716400000, 0x0000000716400000|100%| O|  |TAMS 0x0000000716200000| PB 0x0000000716200000| Untracked 
| 178|0x0000000716400000, 0x0000000716600000, 0x0000000716600000|100%| O|  |TAMS 0x0000000716400000| PB 0x0000000716400000| Untracked 
| 179|0x0000000716600000, 0x0000000716800000, 0x0000000716800000|100%| O|  |TAMS 0x0000000716600000| PB 0x0000000716600000| Untracked 
| 180|0x0000000716800000, 0x0000000716a00000, 0x0000000716a00000|100%| O|  |TAMS 0x0000000716800000| PB 0x0000000716800000| Untracked 
| 181|0x0000000716a00000, 0x0000000716c00000, 0x0000000716c00000|100%| O|  |TAMS 0x0000000716a00000| PB 0x0000000716a00000| Untracked 
| 182|0x0000000716c00000, 0x0000000716e00000, 0x0000000716e00000|100%| O|  |TAMS 0x0000000716c00000| PB 0x0000000716c00000| Untracked 
| 183|0x0000000716e00000, 0x0000000717000000, 0x0000000717000000|100%| O|  |TAMS 0x0000000716e00000| PB 0x0000000716e00000| Untracked 
| 184|0x0000000717000000, 0x0000000717200000, 0x0000000717200000|100%| O|  |TAMS 0x0000000717000000| PB 0x0000000717000000| Untracked 
| 185|0x0000000717200000, 0x0000000717400000, 0x0000000717400000|100%| O|  |TAMS 0x0000000717200000| PB 0x0000000717200000| Untracked 
| 186|0x0000000717400000, 0x0000000717600000, 0x0000000717600000|100%| O|  |TAMS 0x0000000717400000| PB 0x0000000717400000| Untracked 
| 187|0x0000000717600000, 0x0000000717800000, 0x0000000717800000|100%| O|  |TAMS 0x0000000717600000| PB 0x0000000717600000| Untracked 
| 188|0x0000000717800000, 0x0000000717a00000, 0x0000000717a00000|100%| O|  |TAMS 0x0000000717800000| PB 0x0000000717800000| Untracked 
| 189|0x0000000717a00000, 0x0000000717c00000, 0x0000000717c00000|100%| O|  |TAMS 0x0000000717a00000| PB 0x0000000717a00000| Untracked 
| 190|0x0000000717c00000, 0x0000000717e00000, 0x0000000717e00000|100%| O|  |TAMS 0x0000000717c00000| PB 0x0000000717c00000| Untracked 
| 191|0x0000000717e00000, 0x0000000718000000, 0x0000000718000000|100%| O|  |TAMS 0x0000000717e00000| PB 0x0000000717e00000| Untracked 
| 192|0x0000000718000000, 0x0000000718200000, 0x0000000718200000|100%| O|  |TAMS 0x0000000718000000| PB 0x0000000718000000| Untracked 
| 193|0x0000000718200000, 0x0000000718400000, 0x0000000718400000|100%| O|  |TAMS 0x0000000718200000| PB 0x0000000718200000| Untracked 
| 194|0x0000000718400000, 0x0000000718600000, 0x0000000718600000|100%| O|  |TAMS 0x0000000718400000| PB 0x0000000718400000| Untracked 
| 195|0x0000000718600000, 0x0000000718800000, 0x0000000718800000|100%| O|  |TAMS 0x0000000718600000| PB 0x0000000718600000| Untracked 
| 196|0x0000000718800000, 0x0000000718a00000, 0x0000000718a00000|100%| O|  |TAMS 0x0000000718800000| PB 0x0000000718800000| Untracked 
| 197|0x0000000718a00000, 0x0000000718c00000, 0x0000000718c00000|100%| O|  |TAMS 0x0000000718a00000| PB 0x0000000718a00000| Untracked 
| 198|0x0000000718c00000, 0x0000000718e00000, 0x0000000718e00000|100%| O|  |TAMS 0x0000000718c00000| PB 0x0000000718c00000| Untracked 
| 199|0x0000000718e00000, 0x0000000719000000, 0x0000000719000000|100%| O|  |TAMS 0x0000000718e00000| PB 0x0000000718e00000| Untracked 
| 200|0x0000000719000000, 0x0000000719200000, 0x0000000719200000|100%| O|  |TAMS 0x0000000719000000| PB 0x0000000719000000| Untracked 
| 201|0x0000000719200000, 0x0000000719400000, 0x0000000719400000|100%| O|  |TAMS 0x0000000719200000| PB 0x0000000719200000| Untracked 
| 202|0x0000000719400000, 0x0000000719600000, 0x0000000719600000|100%| O|  |TAMS 0x0000000719400000| PB 0x0000000719400000| Untracked 
| 203|0x0000000719600000, 0x0000000719800000, 0x0000000719800000|100%| O|  |TAMS 0x0000000719600000| PB 0x0000000719600000| Untracked 
| 204|0x0000000719800000, 0x0000000719a00000, 0x0000000719a00000|100%| O|  |TAMS 0x0000000719800000| PB 0x0000000719800000| Untracked 
| 205|0x0000000719a00000, 0x0000000719c00000, 0x0000000719c00000|100%| O|  |TAMS 0x0000000719a00000| PB 0x0000000719a00000| Untracked 
| 206|0x0000000719c00000, 0x0000000719e00000, 0x0000000719e00000|100%| O|  |TAMS 0x0000000719c00000| PB 0x0000000719c00000| Untracked 
| 207|0x0000000719e00000, 0x000000071a000000, 0x000000071a000000|100%| O|  |TAMS 0x0000000719e00000| PB 0x0000000719e00000| Untracked 
| 208|0x000000071a000000, 0x000000071a200000, 0x000000071a200000|100%| O|  |TAMS 0x000000071a000000| PB 0x000000071a000000| Untracked 
| 209|0x000000071a200000, 0x000000071a400000, 0x000000071a400000|100%| O|  |TAMS 0x000000071a200000| PB 0x000000071a200000| Untracked 
| 210|0x000000071a400000, 0x000000071a600000, 0x000000071a600000|100%| O|  |TAMS 0x000000071a400000| PB 0x000000071a400000| Untracked 
| 211|0x000000071a600000, 0x000000071a800000, 0x000000071a800000|100%| O|  |TAMS 0x000000071a600000| PB 0x000000071a600000| Untracked 
| 212|0x000000071a800000, 0x000000071aa00000, 0x000000071aa00000|100%| O|  |TAMS 0x000000071a800000| PB 0x000000071a800000| Untracked 
| 213|0x000000071aa00000, 0x000000071ac00000, 0x000000071ac00000|100%| O|  |TAMS 0x000000071aa00000| PB 0x000000071aa00000| Untracked 
| 214|0x000000071ac00000, 0x000000071ae00000, 0x000000071ae00000|100%| O|  |TAMS 0x000000071ac00000| PB 0x000000071ac00000| Untracked 
| 215|0x000000071ae00000, 0x000000071b000000, 0x000000071b000000|100%| O|  |TAMS 0x000000071ae00000| PB 0x000000071ae00000| Untracked 
| 216|0x000000071b000000, 0x000000071b200000, 0x000000071b200000|100%| O|  |TAMS 0x000000071b000000| PB 0x000000071b000000| Untracked 
| 217|0x000000071b200000, 0x000000071b400000, 0x000000071b400000|100%| O|  |TAMS 0x000000071b200000| PB 0x000000071b200000| Untracked 
| 218|0x000000071b400000, 0x000000071b600000, 0x000000071b600000|100%| O|  |TAMS 0x000000071b400000| PB 0x000000071b400000| Untracked 
| 219|0x000000071b600000, 0x000000071b800000, 0x000000071b800000|100%| O|  |TAMS 0x000000071b600000| PB 0x000000071b600000| Untracked 
| 220|0x000000071b800000, 0x000000071ba00000, 0x000000071ba00000|100%| O|  |TAMS 0x000000071b800000| PB 0x000000071b800000| Untracked 
| 221|0x000000071ba00000, 0x000000071bc00000, 0x000000071bc00000|100%| O|  |TAMS 0x000000071ba00000| PB 0x000000071ba00000| Untracked 
| 222|0x000000071bc00000, 0x000000071be00000, 0x000000071be00000|100%| O|  |TAMS 0x000000071bc00000| PB 0x000000071bc00000| Untracked 
| 223|0x000000071be00000, 0x000000071c000000, 0x000000071c000000|100%| O|  |TAMS 0x000000071be00000| PB 0x000000071be00000| Untracked 
| 224|0x000000071c000000, 0x000000071c200000, 0x000000071c200000|100%| O|  |TAMS 0x000000071c000000| PB 0x000000071c000000| Untracked 
| 225|0x000000071c200000, 0x000000071c400000, 0x000000071c400000|100%| O|  |TAMS 0x000000071c200000| PB 0x000000071c200000| Untracked 
| 226|0x000000071c400000, 0x000000071c600000, 0x000000071c600000|100%| O|  |TAMS 0x000000071c400000| PB 0x000000071c400000| Untracked 
| 227|0x000000071c600000, 0x000000071c800000, 0x000000071c800000|100%| O|  |TAMS 0x000000071c600000| PB 0x000000071c600000| Untracked 
| 228|0x000000071c800000, 0x000000071ca00000, 0x000000071ca00000|100%| O|  |TAMS 0x000000071c800000| PB 0x000000071c800000| Untracked 
| 229|0x000000071ca00000, 0x000000071cc00000, 0x000000071cc00000|100%| O|  |TAMS 0x000000071ca00000| PB 0x000000071ca00000| Untracked 
| 230|0x000000071cc00000, 0x000000071ce00000, 0x000000071ce00000|100%| O|  |TAMS 0x000000071cc00000| PB 0x000000071cc00000| Untracked 
| 231|0x000000071ce00000, 0x000000071d000000, 0x000000071d000000|100%| O|  |TAMS 0x000000071ce00000| PB 0x000000071ce00000| Untracked 
| 232|0x000000071d000000, 0x000000071d200000, 0x000000071d200000|100%| O|  |TAMS 0x000000071d000000| PB 0x000000071d000000| Untracked 
| 233|0x000000071d200000, 0x000000071d400000, 0x000000071d400000|100%| O|  |TAMS 0x000000071d200000| PB 0x000000071d200000| Untracked 
| 234|0x000000071d400000, 0x000000071d600000, 0x000000071d600000|100%| O|  |TAMS 0x000000071d400000| PB 0x000000071d400000| Untracked 
| 235|0x000000071d600000, 0x000000071d800000, 0x000000071d800000|100%| O|  |TAMS 0x000000071d600000| PB 0x000000071d600000| Untracked 
| 236|0x000000071d800000, 0x000000071da00000, 0x000000071da00000|100%| O|  |TAMS 0x000000071d800000| PB 0x000000071d800000| Untracked 
| 237|0x000000071da00000, 0x000000071dc00000, 0x000000071dc00000|100%| O|  |TAMS 0x000000071da00000| PB 0x000000071da00000| Untracked 
| 238|0x000000071dc00000, 0x000000071de00000, 0x000000071de00000|100%| O|  |TAMS 0x000000071dc00000| PB 0x000000071dc00000| Untracked 
| 239|0x000000071de00000, 0x000000071e000000, 0x000000071e000000|100%| O|  |TAMS 0x000000071de00000| PB 0x000000071de00000| Untracked 
| 240|0x000000071e000000, 0x000000071e200000, 0x000000071e200000|100%| O|  |TAMS 0x000000071e000000| PB 0x000000071e000000| Untracked 
| 241|0x000000071e200000, 0x000000071e400000, 0x000000071e400000|100%| O|  |TAMS 0x000000071e200000| PB 0x000000071e200000| Untracked 
| 242|0x000000071e400000, 0x000000071e600000, 0x000000071e600000|100%| O|  |TAMS 0x000000071e400000| PB 0x000000071e400000| Untracked 
| 243|0x000000071e600000, 0x000000071e800000, 0x000000071e800000|100%| O|  |TAMS 0x000000071e600000| PB 0x000000071e600000| Untracked 
| 244|0x000000071e800000, 0x000000071ea00000, 0x000000071ea00000|100%| O|  |TAMS 0x000000071e800000| PB 0x000000071e800000| Untracked 
| 245|0x000000071ea00000, 0x000000071ec00000, 0x000000071ec00000|100%| O|  |TAMS 0x000000071ea00000| PB 0x000000071ea00000| Untracked 
| 246|0x000000071ec00000, 0x000000071ee00000, 0x000000071ee00000|100%| O|  |TAMS 0x000000071ec00000| PB 0x000000071ec00000| Untracked 
| 247|0x000000071ee00000, 0x000000071f000000, 0x000000071f000000|100%| O|  |TAMS 0x000000071ee00000| PB 0x000000071ee00000| Untracked 
| 248|0x000000071f000000, 0x000000071f200000, 0x000000071f200000|100%| O|  |TAMS 0x000000071f000000| PB 0x000000071f000000| Untracked 
| 249|0x000000071f200000, 0x000000071f400000, 0x000000071f400000|100%| O|  |TAMS 0x000000071f200000| PB 0x000000071f200000| Untracked 
| 250|0x000000071f400000, 0x000000071f600000, 0x000000071f600000|100%| O|  |TAMS 0x000000071f400000| PB 0x000000071f400000| Untracked 
| 251|0x000000071f600000, 0x000000071f800000, 0x000000071f800000|100%| O|  |TAMS 0x000000071f600000| PB 0x000000071f600000| Untracked 
| 252|0x000000071f800000, 0x000000071fa00000, 0x000000071fa00000|100%| O|  |TAMS 0x000000071f800000| PB 0x000000071f800000| Untracked 
| 253|0x000000071fa00000, 0x000000071fc00000, 0x000000071fc00000|100%| O|  |TAMS 0x000000071fa00000| PB 0x000000071fa00000| Untracked 
| 254|0x000000071fc00000, 0x000000071fe00000, 0x000000071fe00000|100%| O|  |TAMS 0x000000071fc00000| PB 0x000000071fc00000| Untracked 
| 255|0x000000071fe00000, 0x0000000720000000, 0x0000000720000000|100%| O|  |TAMS 0x000000071fe00000| PB 0x000000071fe00000| Untracked 
| 256|0x0000000720000000, 0x0000000720200000, 0x0000000720200000|100%| O|  |TAMS 0x0000000720000000| PB 0x0000000720000000| Untracked 
| 257|0x0000000720200000, 0x0000000720400000, 0x0000000720400000|100%| O|  |TAMS 0x0000000720200000| PB 0x0000000720200000| Untracked 
| 258|0x0000000720400000, 0x0000000720600000, 0x0000000720600000|100%| O|  |TAMS 0x0000000720400000| PB 0x0000000720400000| Untracked 
| 259|0x0000000720600000, 0x0000000720800000, 0x0000000720800000|100%| O|  |TAMS 0x0000000720600000| PB 0x0000000720600000| Untracked 
| 260|0x0000000720800000, 0x0000000720a00000, 0x0000000720a00000|100%| O|  |TAMS 0x0000000720800000| PB 0x0000000720800000| Untracked 
| 261|0x0000000720a00000, 0x0000000720c00000, 0x0000000720c00000|100%| O|  |TAMS 0x0000000720a00000| PB 0x0000000720a00000| Untracked 
| 262|0x0000000720c00000, 0x0000000720e00000, 0x0000000720e00000|100%| O|  |TAMS 0x0000000720c00000| PB 0x0000000720c00000| Untracked 
| 263|0x0000000720e00000, 0x0000000721000000, 0x0000000721000000|100%| O|  |TAMS 0x0000000720e00000| PB 0x0000000720e00000| Untracked 
| 264|0x0000000721000000, 0x0000000721200000, 0x0000000721200000|100%| O|  |TAMS 0x0000000721000000| PB 0x0000000721000000| Untracked 
| 265|0x0000000721200000, 0x0000000721400000, 0x0000000721400000|100%| O|  |TAMS 0x0000000721200000| PB 0x0000000721200000| Untracked 
| 266|0x0000000721400000, 0x0000000721600000, 0x0000000721600000|100%| O|  |TAMS 0x0000000721400000| PB 0x0000000721400000| Untracked 
| 267|0x0000000721600000, 0x0000000721800000, 0x0000000721800000|100%| O|  |TAMS 0x0000000721600000| PB 0x0000000721600000| Untracked 
| 268|0x0000000721800000, 0x0000000721a00000, 0x0000000721a00000|100%| O|  |TAMS 0x0000000721800000| PB 0x0000000721800000| Untracked 
| 269|0x0000000721a00000, 0x0000000721c00000, 0x0000000721c00000|100%| O|  |TAMS 0x0000000721a00000| PB 0x0000000721a00000| Untracked 
| 270|0x0000000721c00000, 0x0000000721e00000, 0x0000000721e00000|100%| O|  |TAMS 0x0000000721c00000| PB 0x0000000721c00000| Untracked 
| 271|0x0000000721e00000, 0x0000000722000000, 0x0000000722000000|100%| O|  |TAMS 0x0000000721e00000| PB 0x0000000721e00000| Untracked 
| 272|0x0000000722000000, 0x0000000722200000, 0x0000000722200000|100%| O|  |TAMS 0x0000000722000000| PB 0x0000000722000000| Untracked 
| 273|0x0000000722200000, 0x0000000722400000, 0x0000000722400000|100%| O|  |TAMS 0x0000000722200000| PB 0x0000000722200000| Untracked 
| 274|0x0000000722400000, 0x0000000722600000, 0x0000000722600000|100%| O|  |TAMS 0x0000000722400000| PB 0x0000000722400000| Untracked 
| 275|0x0000000722600000, 0x0000000722800000, 0x0000000722800000|100%| O|  |TAMS 0x0000000722600000| PB 0x0000000722600000| Untracked 
| 276|0x0000000722800000, 0x0000000722a00000, 0x0000000722a00000|100%| O|  |TAMS 0x0000000722800000| PB 0x0000000722800000| Untracked 
| 277|0x0000000722a00000, 0x0000000722c00000, 0x0000000722c00000|100%| O|  |TAMS 0x0000000722a00000| PB 0x0000000722a00000| Untracked 
| 278|0x0000000722c00000, 0x0000000722e00000, 0x0000000722e00000|100%| O|  |TAMS 0x0000000722c00000| PB 0x0000000722c00000| Untracked 
| 279|0x0000000722e00000, 0x0000000723000000, 0x0000000723000000|100%| O|  |TAMS 0x0000000722e00000| PB 0x0000000722e00000| Untracked 
| 280|0x0000000723000000, 0x0000000723200000, 0x0000000723200000|100%| O|  |TAMS 0x0000000723000000| PB 0x0000000723000000| Untracked 
| 281|0x0000000723200000, 0x0000000723400000, 0x0000000723400000|100%| O|  |TAMS 0x0000000723200000| PB 0x0000000723200000| Untracked 
| 282|0x0000000723400000, 0x0000000723600000, 0x0000000723600000|100%| O|  |TAMS 0x0000000723400000| PB 0x0000000723400000| Untracked 
| 283|0x0000000723600000, 0x0000000723800000, 0x0000000723800000|100%| O|  |TAMS 0x0000000723600000| PB 0x0000000723600000| Untracked 
| 284|0x0000000723800000, 0x0000000723a00000, 0x0000000723a00000|100%| O|  |TAMS 0x0000000723800000| PB 0x0000000723800000| Untracked 
| 285|0x0000000723a00000, 0x0000000723c00000, 0x0000000723c00000|100%| O|  |TAMS 0x0000000723a00000| PB 0x0000000723a00000| Untracked 
| 286|0x0000000723c00000, 0x0000000723e00000, 0x0000000723e00000|100%| O|  |TAMS 0x0000000723c00000| PB 0x0000000723c00000| Untracked 
| 287|0x0000000723e00000, 0x0000000724000000, 0x0000000724000000|100%| O|  |TAMS 0x0000000723e00000| PB 0x0000000723e00000| Untracked 
| 288|0x0000000724000000, 0x0000000724200000, 0x0000000724200000|100%| O|  |TAMS 0x0000000724000000| PB 0x0000000724000000| Untracked 
| 289|0x0000000724200000, 0x0000000724400000, 0x0000000724400000|100%|HS|  |TAMS 0x0000000724200000| PB 0x0000000724200000| Complete 
| 290|0x0000000724400000, 0x0000000724600000, 0x0000000724600000|100%|HC|  |TAMS 0x0000000724400000| PB 0x0000000724400000| Complete 
| 291|0x0000000724600000, 0x0000000724800000, 0x0000000724800000|100%|HS|  |TAMS 0x0000000724600000| PB 0x0000000724600000| Complete 
| 292|0x0000000724800000, 0x0000000724a00000, 0x0000000724a00000|100%|HC|  |TAMS 0x0000000724800000| PB 0x0000000724800000| Complete 
| 293|0x0000000724a00000, 0x0000000724c00000, 0x0000000724c00000|100%|HS|  |TAMS 0x0000000724a00000| PB 0x0000000724a00000| Complete 
| 294|0x0000000724c00000, 0x0000000724e00000, 0x0000000724e00000|100%|HS|  |TAMS 0x0000000724c00000| PB 0x0000000724c00000| Complete 
| 295|0x0000000724e00000, 0x0000000725000000, 0x0000000725000000|100%|HC|  |TAMS 0x0000000724e00000| PB 0x0000000724e00000| Complete 
| 296|0x0000000725000000, 0x0000000725200000, 0x0000000725200000|100%| O|  |TAMS 0x0000000725000000| PB 0x0000000725000000| Untracked 
| 297|0x0000000725200000, 0x0000000725400000, 0x0000000725400000|100%| O|  |TAMS 0x0000000725200000| PB 0x0000000725200000| Untracked 
| 298|0x0000000725400000, 0x0000000725600000, 0x0000000725600000|100%| O|  |TAMS 0x0000000725400000| PB 0x0000000725400000| Untracked 
| 299|0x0000000725600000, 0x0000000725800000, 0x0000000725800000|100%| O|  |TAMS 0x0000000725600000| PB 0x0000000725600000| Untracked 
| 300|0x0000000725800000, 0x0000000725a00000, 0x0000000725a00000|100%| O|  |TAMS 0x0000000725800000| PB 0x0000000725800000| Untracked 
| 301|0x0000000725a00000, 0x0000000725c00000, 0x0000000725c00000|100%| O|  |TAMS 0x0000000725a00000| PB 0x0000000725a00000| Untracked 
| 302|0x0000000725c00000, 0x0000000725e00000, 0x0000000725e00000|100%| O|  |TAMS 0x0000000725c00000| PB 0x0000000725c00000| Untracked 
| 303|0x0000000725e00000, 0x0000000726000000, 0x0000000726000000|100%| O|  |TAMS 0x0000000725e00000| PB 0x0000000725e00000| Untracked 
| 304|0x0000000726000000, 0x0000000726200000, 0x0000000726200000|100%| O|  |TAMS 0x0000000726000000| PB 0x0000000726000000| Untracked 
| 305|0x0000000726200000, 0x0000000726400000, 0x0000000726400000|100%| O|  |TAMS 0x0000000726200000| PB 0x0000000726200000| Untracked 
| 306|0x0000000726400000, 0x0000000726600000, 0x0000000726600000|100%| O|  |TAMS 0x0000000726400000| PB 0x0000000726400000| Untracked 
| 307|0x0000000726600000, 0x0000000726800000, 0x0000000726800000|100%| O|  |TAMS 0x0000000726600000| PB 0x0000000726600000| Untracked 
| 308|0x0000000726800000, 0x0000000726a00000, 0x0000000726a00000|100%| O|  |TAMS 0x0000000726800000| PB 0x0000000726800000| Untracked 
| 309|0x0000000726a00000, 0x0000000726c00000, 0x0000000726c00000|100%| O|  |TAMS 0x0000000726a00000| PB 0x0000000726a00000| Untracked 
| 310|0x0000000726c00000, 0x0000000726e00000, 0x0000000726e00000|100%| O|  |TAMS 0x0000000726c00000| PB 0x0000000726c00000| Untracked 
| 311|0x0000000726e00000, 0x0000000727000000, 0x0000000727000000|100%| O|  |TAMS 0x0000000726e00000| PB 0x0000000726e00000| Untracked 
| 312|0x0000000727000000, 0x0000000727200000, 0x0000000727200000|100%| O|  |TAMS 0x0000000727000000| PB 0x0000000727000000| Untracked 
| 313|0x0000000727200000, 0x0000000727400000, 0x0000000727400000|100%| O|  |TAMS 0x0000000727200000| PB 0x0000000727200000| Untracked 
| 314|0x0000000727400000, 0x0000000727600000, 0x0000000727600000|100%| O|  |TAMS 0x0000000727400000| PB 0x0000000727400000| Untracked 
| 315|0x0000000727600000, 0x0000000727800000, 0x0000000727800000|100%| O|  |TAMS 0x0000000727600000| PB 0x0000000727600000| Untracked 
| 316|0x0000000727800000, 0x0000000727a00000, 0x0000000727a00000|100%| O|  |TAMS 0x0000000727800000| PB 0x0000000727800000| Untracked 
| 317|0x0000000727a00000, 0x0000000727c00000, 0x0000000727c00000|100%| O|  |TAMS 0x0000000727a00000| PB 0x0000000727a00000| Untracked 
| 318|0x0000000727c00000, 0x0000000727e00000, 0x0000000727e00000|100%| O|  |TAMS 0x0000000727c00000| PB 0x0000000727c00000| Untracked 
| 319|0x0000000727e00000, 0x0000000728000000, 0x0000000728000000|100%| O|  |TAMS 0x0000000727e00000| PB 0x0000000727e00000| Untracked 
| 320|0x0000000728000000, 0x0000000728200000, 0x0000000728200000|100%| O|  |TAMS 0x0000000728000000| PB 0x0000000728000000| Untracked 
| 321|0x0000000728200000, 0x0000000728400000, 0x0000000728400000|100%| O|  |TAMS 0x0000000728200000| PB 0x0000000728200000| Untracked 
| 322|0x0000000728400000, 0x0000000728600000, 0x0000000728600000|100%| O|  |TAMS 0x0000000728400000| PB 0x0000000728400000| Untracked 
| 323|0x0000000728600000, 0x0000000728800000, 0x0000000728800000|100%| O|  |TAMS 0x0000000728600000| PB 0x0000000728600000| Untracked 
| 324|0x0000000728800000, 0x0000000728a00000, 0x0000000728a00000|100%| O|  |TAMS 0x0000000728800000| PB 0x0000000728800000| Untracked 
| 325|0x0000000728a00000, 0x0000000728c00000, 0x0000000728c00000|100%| O|  |TAMS 0x0000000728a00000| PB 0x0000000728a00000| Untracked 
| 326|0x0000000728c00000, 0x0000000728e00000, 0x0000000728e00000|100%| O|  |TAMS 0x0000000728c00000| PB 0x0000000728c00000| Untracked 
| 327|0x0000000728e00000, 0x0000000729000000, 0x0000000729000000|100%| O|  |TAMS 0x0000000728e00000| PB 0x0000000728e00000| Untracked 
| 328|0x0000000729000000, 0x0000000729200000, 0x0000000729200000|100%| O|  |TAMS 0x0000000729000000| PB 0x0000000729000000| Untracked 
| 329|0x0000000729200000, 0x0000000729400000, 0x0000000729400000|100%| O|  |TAMS 0x0000000729200000| PB 0x0000000729200000| Untracked 
| 330|0x0000000729400000, 0x0000000729600000, 0x0000000729600000|100%| O|  |TAMS 0x0000000729400000| PB 0x0000000729400000| Untracked 
| 331|0x0000000729600000, 0x0000000729800000, 0x0000000729800000|100%| O|  |TAMS 0x0000000729600000| PB 0x0000000729600000| Untracked 
| 332|0x0000000729800000, 0x0000000729a00000, 0x0000000729a00000|100%| O|  |TAMS 0x0000000729800000| PB 0x0000000729800000| Untracked 
| 333|0x0000000729a00000, 0x0000000729c00000, 0x0000000729c00000|100%| O|  |TAMS 0x0000000729a00000| PB 0x0000000729a00000| Untracked 
| 334|0x0000000729c00000, 0x0000000729e00000, 0x0000000729e00000|100%| O|  |TAMS 0x0000000729c00000| PB 0x0000000729c00000| Untracked 
| 335|0x0000000729e00000, 0x000000072a000000, 0x000000072a000000|100%| O|  |TAMS 0x0000000729e00000| PB 0x0000000729e00000| Untracked 
| 336|0x000000072a000000, 0x000000072a200000, 0x000000072a200000|100%| O|  |TAMS 0x000000072a000000| PB 0x000000072a000000| Untracked 
| 337|0x000000072a200000, 0x000000072a400000, 0x000000072a400000|100%| O|  |TAMS 0x000000072a200000| PB 0x000000072a200000| Untracked 
| 338|0x000000072a400000, 0x000000072a600000, 0x000000072a600000|100%| O|  |TAMS 0x000000072a400000| PB 0x000000072a400000| Untracked 
| 339|0x000000072a600000, 0x000000072a800000, 0x000000072a800000|100%| O|  |TAMS 0x000000072a600000| PB 0x000000072a600000| Untracked 
| 340|0x000000072a800000, 0x000000072aa00000, 0x000000072aa00000|100%| O|  |TAMS 0x000000072a800000| PB 0x000000072a800000| Untracked 
| 341|0x000000072aa00000, 0x000000072ac00000, 0x000000072ac00000|100%| O|  |TAMS 0x000000072aa00000| PB 0x000000072aa00000| Untracked 
| 342|0x000000072ac00000, 0x000000072ae00000, 0x000000072ae00000|100%| O|  |TAMS 0x000000072ac00000| PB 0x000000072ac00000| Untracked 
| 343|0x000000072ae00000, 0x000000072b000000, 0x000000072b000000|100%| O|  |TAMS 0x000000072ae00000| PB 0x000000072ae00000| Untracked 
| 344|0x000000072b000000, 0x000000072b200000, 0x000000072b200000|100%| O|  |TAMS 0x000000072b000000| PB 0x000000072b000000| Untracked 
| 345|0x000000072b200000, 0x000000072b400000, 0x000000072b400000|100%| O|  |TAMS 0x000000072b200000| PB 0x000000072b200000| Untracked 
| 346|0x000000072b400000, 0x000000072b600000, 0x000000072b600000|100%| O|  |TAMS 0x000000072b400000| PB 0x000000072b400000| Untracked 
| 347|0x000000072b600000, 0x000000072b800000, 0x000000072b800000|100%| O|  |TAMS 0x000000072b600000| PB 0x000000072b600000| Untracked 
| 348|0x000000072b800000, 0x000000072ba00000, 0x000000072ba00000|100%| O|  |TAMS 0x000000072b800000| PB 0x000000072b800000| Untracked 
| 349|0x000000072ba00000, 0x000000072bc00000, 0x000000072bc00000|100%| O|  |TAMS 0x000000072ba00000| PB 0x000000072ba00000| Untracked 
| 350|0x000000072bc00000, 0x000000072be00000, 0x000000072be00000|100%| O|  |TAMS 0x000000072bc00000| PB 0x000000072bc00000| Untracked 
| 351|0x000000072be00000, 0x000000072c000000, 0x000000072c000000|100%| O|  |TAMS 0x000000072be00000| PB 0x000000072be00000| Untracked 
| 352|0x000000072c000000, 0x000000072c200000, 0x000000072c200000|100%| O|  |TAMS 0x000000072c000000| PB 0x000000072c000000| Untracked 
| 353|0x000000072c200000, 0x000000072c400000, 0x000000072c400000|100%| O|  |TAMS 0x000000072c200000| PB 0x000000072c200000| Untracked 
| 354|0x000000072c400000, 0x000000072c600000, 0x000000072c600000|100%| O|  |TAMS 0x000000072c400000| PB 0x000000072c400000| Untracked 
| 355|0x000000072c600000, 0x000000072c800000, 0x000000072c800000|100%| O|  |TAMS 0x000000072c600000| PB 0x000000072c600000| Untracked 
| 356|0x000000072c800000, 0x000000072ca00000, 0x000000072ca00000|100%| O|  |TAMS 0x000000072c800000| PB 0x000000072c800000| Untracked 
| 357|0x000000072ca00000, 0x000000072cc00000, 0x000000072cc00000|100%| O|  |TAMS 0x000000072ca00000| PB 0x000000072ca00000| Untracked 
| 358|0x000000072cc00000, 0x000000072ce00000, 0x000000072ce00000|100%| O|  |TAMS 0x000000072cc00000| PB 0x000000072cc00000| Untracked 
| 359|0x000000072ce00000, 0x000000072d000000, 0x000000072d000000|100%| O|  |TAMS 0x000000072ce00000| PB 0x000000072ce00000| Untracked 
| 360|0x000000072d000000, 0x000000072d200000, 0x000000072d200000|100%| O|  |TAMS 0x000000072d000000| PB 0x000000072d000000| Untracked 
| 361|0x000000072d200000, 0x000000072d400000, 0x000000072d400000|100%| O|Cm|TAMS 0x000000072d200000| PB 0x000000072d200000| Complete 
| 362|0x000000072d400000, 0x000000072d600000, 0x000000072d600000|100%| O|  |TAMS 0x000000072d400000| PB 0x000000072d400000| Untracked 
| 363|0x000000072d600000, 0x000000072d800000, 0x000000072d800000|100%| O|  |TAMS 0x000000072d600000| PB 0x000000072d600000| Untracked 
| 364|0x000000072d800000, 0x000000072da00000, 0x000000072da00000|100%| O|  |TAMS 0x000000072d800000| PB 0x000000072d800000| Untracked 
| 365|0x000000072da00000, 0x000000072dc00000, 0x000000072dc00000|100%| O|  |TAMS 0x000000072da00000| PB 0x000000072da00000| Untracked 
| 366|0x000000072dc00000, 0x000000072de00000, 0x000000072de00000|100%| O|  |TAMS 0x000000072dc00000| PB 0x000000072dc00000| Untracked 
| 367|0x000000072de00000, 0x000000072e000000, 0x000000072e000000|100%| O|  |TAMS 0x000000072de00000| PB 0x000000072de00000| Untracked 
| 368|0x000000072e000000, 0x000000072e200000, 0x000000072e200000|100%| O|  |TAMS 0x000000072e000000| PB 0x000000072e000000| Untracked 
| 369|0x000000072e200000, 0x000000072e400000, 0x000000072e400000|100%| O|  |TAMS 0x000000072e200000| PB 0x000000072e200000| Untracked 
| 370|0x000000072e400000, 0x000000072e600000, 0x000000072e600000|100%| O|  |TAMS 0x000000072e400000| PB 0x000000072e400000| Untracked 
| 371|0x000000072e600000, 0x000000072e800000, 0x000000072e800000|100%| O|Cm|TAMS 0x000000072e600000| PB 0x000000072e600000| Complete 
| 372|0x000000072e800000, 0x000000072ea00000, 0x000000072ea00000|100%| O|  |TAMS 0x000000072e800000| PB 0x000000072e800000| Untracked 
| 373|0x000000072ea00000, 0x000000072ec00000, 0x000000072ec00000|100%| O|  |TAMS 0x000000072ea00000| PB 0x000000072ea00000| Untracked 
| 374|0x000000072ec00000, 0x000000072ee00000, 0x000000072ee00000|100%| O|  |TAMS 0x000000072ec00000| PB 0x000000072ec00000| Untracked 
| 375|0x000000072ee00000, 0x000000072f000000, 0x000000072f000000|100%| O|  |TAMS 0x000000072ee00000| PB 0x000000072ee00000| Untracked 
| 376|0x000000072f000000, 0x000000072f200000, 0x000000072f200000|100%| O|  |TAMS 0x000000072f000000| PB 0x000000072f000000| Untracked 
| 377|0x000000072f200000, 0x000000072f400000, 0x000000072f400000|100%|HS|  |TAMS 0x000000072f200000| PB 0x000000072f200000| Complete 
| 378|0x000000072f400000, 0x000000072f600000, 0x000000072f600000|100%|HC|  |TAMS 0x000000072f400000| PB 0x000000072f400000| Complete 
| 379|0x000000072f600000, 0x000000072f800000, 0x000000072f800000|100%|HC|  |TAMS 0x000000072f600000| PB 0x000000072f600000| Complete 
| 380|0x000000072f800000, 0x000000072fa00000, 0x000000072fa00000|100%|HC|  |TAMS 0x000000072f800000| PB 0x000000072f800000| Complete 
| 381|0x000000072fa00000, 0x000000072fc00000, 0x000000072fc00000|100%| O|  |TAMS 0x000000072fa00000| PB 0x000000072fa00000| Untracked 
| 382|0x000000072fc00000, 0x000000072fe00000, 0x000000072fe00000|100%| O|  |TAMS 0x000000072fc00000| PB 0x000000072fc00000| Untracked 
| 383|0x000000072fe00000, 0x0000000730000000, 0x0000000730000000|100%| O|  |TAMS 0x000000072fe00000| PB 0x000000072fe00000| Untracked 
| 384|0x0000000730000000, 0x0000000730200000, 0x0000000730200000|100%| O|  |TAMS 0x0000000730000000| PB 0x0000000730000000| Untracked 
| 385|0x0000000730200000, 0x0000000730400000, 0x0000000730400000|100%| O|  |TAMS 0x0000000730200000| PB 0x0000000730200000| Untracked 
| 386|0x0000000730400000, 0x0000000730600000, 0x0000000730600000|100%| O|  |TAMS 0x0000000730400000| PB 0x0000000730400000| Untracked 
| 387|0x0000000730600000, 0x0000000730800000, 0x0000000730800000|100%| O|  |TAMS 0x0000000730600000| PB 0x0000000730600000| Untracked 
| 388|0x0000000730800000, 0x0000000730a00000, 0x0000000730a00000|100%| O|  |TAMS 0x0000000730800000| PB 0x0000000730800000| Untracked 
| 389|0x0000000730a00000, 0x0000000730c00000, 0x0000000730c00000|100%| O|  |TAMS 0x0000000730a00000| PB 0x0000000730a00000| Untracked 
| 390|0x0000000730c00000, 0x0000000730e00000, 0x0000000730e00000|100%| O|Cm|TAMS 0x0000000730c00000| PB 0x0000000730c00000| Complete 
| 391|0x0000000730e00000, 0x0000000731000000, 0x0000000731000000|100%| O|  |TAMS 0x0000000730e00000| PB 0x0000000730e00000| Untracked 
| 392|0x0000000731000000, 0x0000000731200000, 0x0000000731200000|100%| O|  |TAMS 0x0000000731000000| PB 0x0000000731000000| Untracked 
| 393|0x0000000731200000, 0x0000000731400000, 0x0000000731400000|100%| O|  |TAMS 0x0000000731200000| PB 0x0000000731200000| Untracked 
| 394|0x0000000731400000, 0x0000000731600000, 0x0000000731600000|100%| O|  |TAMS 0x0000000731400000| PB 0x0000000731400000| Untracked 
| 395|0x0000000731600000, 0x0000000731800000, 0x0000000731800000|100%| O|  |TAMS 0x0000000731600000| PB 0x0000000731600000| Untracked 
| 396|0x0000000731800000, 0x0000000731a00000, 0x0000000731a00000|100%| O|  |TAMS 0x0000000731800000| PB 0x0000000731800000| Untracked 
| 397|0x0000000731a00000, 0x0000000731c00000, 0x0000000731c00000|100%| O|  |TAMS 0x0000000731a00000| PB 0x0000000731a00000| Untracked 
| 398|0x0000000731c00000, 0x0000000731e00000, 0x0000000731e00000|100%| O|  |TAMS 0x0000000731c00000| PB 0x0000000731c00000| Untracked 
| 399|0x0000000731e00000, 0x0000000732000000, 0x0000000732000000|100%| O|  |TAMS 0x0000000731e00000| PB 0x0000000731e00000| Untracked 
| 400|0x0000000732000000, 0x0000000732200000, 0x0000000732200000|100%| O|  |TAMS 0x0000000732000000| PB 0x0000000732000000| Untracked 
| 401|0x0000000732200000, 0x0000000732400000, 0x0000000732400000|100%| O|  |TAMS 0x0000000732200000| PB 0x0000000732200000| Untracked 
| 402|0x0000000732400000, 0x0000000732600000, 0x0000000732600000|100%| O|  |TAMS 0x0000000732400000| PB 0x0000000732400000| Untracked 
| 403|0x0000000732600000, 0x0000000732800000, 0x0000000732800000|100%| O|  |TAMS 0x0000000732600000| PB 0x0000000732600000| Untracked 
| 404|0x0000000732800000, 0x0000000732a00000, 0x0000000732a00000|100%| O|  |TAMS 0x0000000732800000| PB 0x0000000732800000| Untracked 
| 405|0x0000000732a00000, 0x0000000732c00000, 0x0000000732c00000|100%| O|  |TAMS 0x0000000732a00000| PB 0x0000000732a00000| Untracked 
| 406|0x0000000732c00000, 0x0000000732e00000, 0x0000000732e00000|100%| O|  |TAMS 0x0000000732c00000| PB 0x0000000732c00000| Untracked 
| 407|0x0000000732e00000, 0x0000000733000000, 0x0000000733000000|100%| O|  |TAMS 0x0000000732e00000| PB 0x0000000732e00000| Untracked 
| 408|0x0000000733000000, 0x0000000733200000, 0x0000000733200000|100%| O|  |TAMS 0x0000000733000000| PB 0x0000000733000000| Untracked 
| 409|0x0000000733200000, 0x0000000733400000, 0x0000000733400000|100%| O|  |TAMS 0x0000000733200000| PB 0x0000000733200000| Untracked 
| 410|0x0000000733400000, 0x0000000733600000, 0x0000000733600000|100%| O|  |TAMS 0x0000000733400000| PB 0x0000000733400000| Untracked 
| 411|0x0000000733600000, 0x0000000733800000, 0x0000000733800000|100%| O|  |TAMS 0x0000000733600000| PB 0x0000000733600000| Untracked 
| 412|0x0000000733800000, 0x0000000733a00000, 0x0000000733a00000|100%| O|  |TAMS 0x0000000733800000| PB 0x0000000733800000| Untracked 
| 413|0x0000000733a00000, 0x0000000733c00000, 0x0000000733c00000|100%| O|  |TAMS 0x0000000733a00000| PB 0x0000000733a00000| Untracked 
| 414|0x0000000733c00000, 0x0000000733e00000, 0x0000000733e00000|100%| O|  |TAMS 0x0000000733c00000| PB 0x0000000733c00000| Untracked 
| 415|0x0000000733e00000, 0x0000000734000000, 0x0000000734000000|100%| O|  |TAMS 0x0000000733e00000| PB 0x0000000733e00000| Untracked 
| 416|0x0000000734000000, 0x0000000734200000, 0x0000000734200000|100%| O|  |TAMS 0x0000000734000000| PB 0x0000000734000000| Untracked 
| 417|0x0000000734200000, 0x0000000734400000, 0x0000000734400000|100%| O|  |TAMS 0x0000000734200000| PB 0x0000000734200000| Untracked 
| 418|0x0000000734400000, 0x0000000734600000, 0x0000000734600000|100%| O|  |TAMS 0x0000000734400000| PB 0x0000000734400000| Untracked 
| 419|0x0000000734600000, 0x0000000734800000, 0x0000000734800000|100%| O|  |TAMS 0x0000000734600000| PB 0x0000000734600000| Untracked 
| 420|0x0000000734800000, 0x0000000734a00000, 0x0000000734a00000|100%| O|  |TAMS 0x0000000734800000| PB 0x0000000734800000| Untracked 
| 421|0x0000000734a00000, 0x0000000734c00000, 0x0000000734c00000|100%| O|  |TAMS 0x0000000734a00000| PB 0x0000000734a00000| Untracked 
| 422|0x0000000734c00000, 0x0000000734e00000, 0x0000000734e00000|100%| O|  |TAMS 0x0000000734c00000| PB 0x0000000734c00000| Untracked 
| 423|0x0000000734e00000, 0x0000000735000000, 0x0000000735000000|100%| O|  |TAMS 0x0000000734e00000| PB 0x0000000734e00000| Untracked 
| 424|0x0000000735000000, 0x0000000735200000, 0x0000000735200000|100%| O|  |TAMS 0x0000000735000000| PB 0x0000000735000000| Untracked 
| 425|0x0000000735200000, 0x0000000735400000, 0x0000000735400000|100%| O|  |TAMS 0x0000000735200000| PB 0x0000000735200000| Untracked 
| 426|0x0000000735400000, 0x0000000735600000, 0x0000000735600000|100%| O|  |TAMS 0x0000000735400000| PB 0x0000000735400000| Untracked 
| 427|0x0000000735600000, 0x0000000735800000, 0x0000000735800000|100%| O|  |TAMS 0x0000000735600000| PB 0x0000000735600000| Untracked 
| 428|0x0000000735800000, 0x0000000735a00000, 0x0000000735a00000|100%| O|  |TAMS 0x0000000735800000| PB 0x0000000735800000| Untracked 
| 429|0x0000000735a00000, 0x0000000735c00000, 0x0000000735c00000|100%| O|  |TAMS 0x0000000735a00000| PB 0x0000000735a00000| Untracked 
| 430|0x0000000735c00000, 0x0000000735e00000, 0x0000000735e00000|100%| O|  |TAMS 0x0000000735c00000| PB 0x0000000735c00000| Untracked 
| 431|0x0000000735e00000, 0x0000000736000000, 0x0000000736000000|100%| O|  |TAMS 0x0000000735e00000| PB 0x0000000735e00000| Untracked 
| 432|0x0000000736000000, 0x0000000736200000, 0x0000000736200000|100%| O|  |TAMS 0x0000000736000000| PB 0x0000000736000000| Untracked 
| 433|0x0000000736200000, 0x0000000736400000, 0x0000000736400000|100%| O|  |TAMS 0x0000000736200000| PB 0x0000000736200000| Untracked 
| 434|0x0000000736400000, 0x0000000736600000, 0x0000000736600000|100%| O|  |TAMS 0x0000000736400000| PB 0x0000000736400000| Untracked 
| 435|0x0000000736600000, 0x0000000736800000, 0x0000000736800000|100%| O|  |TAMS 0x0000000736600000| PB 0x0000000736600000| Untracked 
| 436|0x0000000736800000, 0x0000000736a00000, 0x0000000736a00000|100%| O|  |TAMS 0x0000000736800000| PB 0x0000000736800000| Untracked 
| 437|0x0000000736a00000, 0x0000000736c00000, 0x0000000736c00000|100%| O|  |TAMS 0x0000000736a00000| PB 0x0000000736a00000| Untracked 
| 438|0x0000000736c00000, 0x0000000736e00000, 0x0000000736e00000|100%| O|  |TAMS 0x0000000736c00000| PB 0x0000000736c00000| Untracked 
| 439|0x0000000736e00000, 0x0000000737000000, 0x0000000737000000|100%| O|  |TAMS 0x0000000736e00000| PB 0x0000000736e00000| Untracked 
| 440|0x0000000737000000, 0x0000000737200000, 0x0000000737200000|100%| O|  |TAMS 0x0000000737000000| PB 0x0000000737000000| Untracked 
| 441|0x0000000737200000, 0x0000000737400000, 0x0000000737400000|100%| O|  |TAMS 0x0000000737200000| PB 0x0000000737200000| Untracked 
| 442|0x0000000737400000, 0x0000000737600000, 0x0000000737600000|100%| O|  |TAMS 0x0000000737400000| PB 0x0000000737400000| Untracked 
| 443|0x0000000737600000, 0x0000000737800000, 0x0000000737800000|100%| O|  |TAMS 0x0000000737600000| PB 0x0000000737600000| Untracked 
| 444|0x0000000737800000, 0x0000000737a00000, 0x0000000737a00000|100%| O|  |TAMS 0x0000000737800000| PB 0x0000000737800000| Untracked 
| 445|0x0000000737a00000, 0x0000000737c00000, 0x0000000737c00000|100%| O|  |TAMS 0x0000000737a00000| PB 0x0000000737a00000| Untracked 
| 446|0x0000000737c00000, 0x0000000737e00000, 0x0000000737e00000|100%| O|  |TAMS 0x0000000737c00000| PB 0x0000000737c00000| Untracked 
| 447|0x0000000737e00000, 0x0000000738000000, 0x0000000738000000|100%| O|  |TAMS 0x0000000737e00000| PB 0x0000000737e00000| Untracked 
| 448|0x0000000738000000, 0x0000000738200000, 0x0000000738200000|100%| O|  |TAMS 0x0000000738000000| PB 0x0000000738000000| Untracked 
| 449|0x0000000738200000, 0x0000000738400000, 0x0000000738400000|100%| O|  |TAMS 0x0000000738200000| PB 0x0000000738200000| Untracked 
| 450|0x0000000738400000, 0x0000000738600000, 0x0000000738600000|100%| O|  |TAMS 0x0000000738400000| PB 0x0000000738400000| Untracked 
| 451|0x0000000738600000, 0x0000000738800000, 0x0000000738800000|100%| O|  |TAMS 0x0000000738600000| PB 0x0000000738600000| Untracked 
| 452|0x0000000738800000, 0x0000000738a00000, 0x0000000738a00000|100%| O|  |TAMS 0x0000000738800000| PB 0x0000000738800000| Untracked 
| 453|0x0000000738a00000, 0x0000000738c00000, 0x0000000738c00000|100%| O|  |TAMS 0x0000000738a00000| PB 0x0000000738a00000| Untracked 
| 454|0x0000000738c00000, 0x0000000738e00000, 0x0000000738e00000|100%| O|  |TAMS 0x0000000738c00000| PB 0x0000000738c00000| Untracked 
| 455|0x0000000738e00000, 0x0000000739000000, 0x0000000739000000|100%| O|Cm|TAMS 0x0000000738e00000| PB 0x0000000738e00000| Complete 
| 456|0x0000000739000000, 0x0000000739200000, 0x0000000739200000|100%| O|  |TAMS 0x0000000739000000| PB 0x0000000739000000| Untracked 
| 457|0x0000000739200000, 0x0000000739400000, 0x0000000739400000|100%| O|  |TAMS 0x0000000739200000| PB 0x0000000739200000| Untracked 
| 458|0x0000000739400000, 0x0000000739600000, 0x0000000739600000|100%| O|Cm|TAMS 0x0000000739400000| PB 0x0000000739400000| Complete 
| 459|0x0000000739600000, 0x0000000739800000, 0x0000000739800000|100%| O|Cm|TAMS 0x0000000739600000| PB 0x0000000739600000| Complete 
| 460|0x0000000739800000, 0x0000000739a00000, 0x0000000739a00000|100%| O|  |TAMS 0x0000000739800000| PB 0x0000000739800000| Untracked 
| 461|0x0000000739a00000, 0x0000000739c00000, 0x0000000739c00000|100%| O|Cm|TAMS 0x0000000739a00000| PB 0x0000000739a00000| Complete 
| 462|0x0000000739c00000, 0x0000000739e00000, 0x0000000739e00000|100%| O|  |TAMS 0x0000000739c00000| PB 0x0000000739c00000| Untracked 
| 463|0x0000000739e00000, 0x000000073a000000, 0x000000073a000000|100%| O|  |TAMS 0x0000000739e00000| PB 0x0000000739e00000| Untracked 
| 464|0x000000073a000000, 0x000000073a200000, 0x000000073a200000|100%| O|Cm|TAMS 0x000000073a000000| PB 0x000000073a000000| Complete 
| 465|0x000000073a200000, 0x000000073a400000, 0x000000073a400000|100%| O|Cm|TAMS 0x000000073a200000| PB 0x000000073a200000| Complete 
| 466|0x000000073a400000, 0x000000073a600000, 0x000000073a600000|100%| O|Cm|TAMS 0x000000073a400000| PB 0x000000073a400000| Complete 
| 467|0x000000073a600000, 0x000000073a800000, 0x000000073a800000|100%|HS|  |TAMS 0x000000073a600000| PB 0x000000073a600000| Complete 
| 468|0x000000073a800000, 0x000000073aa00000, 0x000000073aa00000|100%|HS|  |TAMS 0x000000073a800000| PB 0x000000073a800000| Complete 
| 469|0x000000073aa00000, 0x000000073ac00000, 0x000000073ac00000|100%|HC|  |TAMS 0x000000073aa00000| PB 0x000000073aa00000| Complete 
| 470|0x000000073ac00000, 0x000000073ae00000, 0x000000073ae00000|100%|HS|  |TAMS 0x000000073ac00000| PB 0x000000073ac00000| Complete 
| 471|0x000000073ae00000, 0x000000073b000000, 0x000000073b000000|100%|HC|  |TAMS 0x000000073ae00000| PB 0x000000073ae00000| Complete 
| 472|0x000000073b000000, 0x000000073b200000, 0x000000073b200000|100%|HS|  |TAMS 0x000000073b000000| PB 0x000000073b000000| Complete 
| 473|0x000000073b200000, 0x000000073b400000, 0x000000073b400000|100%| O|  |TAMS 0x000000073b200000| PB 0x000000073b200000| Untracked 
| 474|0x000000073b400000, 0x000000073b600000, 0x000000073b600000|100%| O|  |TAMS 0x000000073b400000| PB 0x000000073b400000| Untracked 
| 475|0x000000073b600000, 0x000000073b800000, 0x000000073b800000|100%| O|  |TAMS 0x000000073b600000| PB 0x000000073b600000| Untracked 
| 476|0x000000073b800000, 0x000000073ba00000, 0x000000073ba00000|100%| O|  |TAMS 0x000000073b800000| PB 0x000000073b800000| Untracked 
| 477|0x000000073ba00000, 0x000000073bc00000, 0x000000073bc00000|100%| O|  |TAMS 0x000000073ba00000| PB 0x000000073ba00000| Untracked 
| 478|0x000000073bc00000, 0x000000073be00000, 0x000000073be00000|100%| O|  |TAMS 0x000000073bc00000| PB 0x000000073bc00000| Untracked 
| 479|0x000000073be00000, 0x000000073c000000, 0x000000073c000000|100%| O|  |TAMS 0x000000073be00000| PB 0x000000073be00000| Untracked 
| 480|0x000000073c000000, 0x000000073c200000, 0x000000073c200000|100%| O|  |TAMS 0x000000073c000000| PB 0x000000073c000000| Untracked 
| 481|0x000000073c200000, 0x000000073c400000, 0x000000073c400000|100%| O|  |TAMS 0x000000073c200000| PB 0x000000073c200000| Untracked 
| 482|0x000000073c400000, 0x000000073c600000, 0x000000073c600000|100%| O|  |TAMS 0x000000073c400000| PB 0x000000073c400000| Untracked 
| 483|0x000000073c600000, 0x000000073c800000, 0x000000073c800000|100%| O|  |TAMS 0x000000073c600000| PB 0x000000073c600000| Untracked 
| 484|0x000000073c800000, 0x000000073ca00000, 0x000000073ca00000|100%| O|Cm|TAMS 0x000000073c800000| PB 0x000000073c800000| Complete 
| 485|0x000000073ca00000, 0x000000073cc00000, 0x000000073cc00000|100%| O|  |TAMS 0x000000073ca00000| PB 0x000000073ca00000| Untracked 
| 486|0x000000073cc00000, 0x000000073ce00000, 0x000000073ce00000|100%| O|Cm|TAMS 0x000000073cc00000| PB 0x000000073cc00000| Complete 
| 487|0x000000073ce00000, 0x000000073d000000, 0x000000073d000000|100%| O|  |TAMS 0x000000073ce00000| PB 0x000000073ce00000| Untracked 
| 488|0x000000073d000000, 0x000000073d200000, 0x000000073d200000|100%| O|  |TAMS 0x000000073d000000| PB 0x000000073d000000| Untracked 
| 489|0x000000073d200000, 0x000000073d400000, 0x000000073d400000|100%| O|  |TAMS 0x000000073d200000| PB 0x000000073d200000| Untracked 
| 490|0x000000073d400000, 0x000000073d600000, 0x000000073d600000|100%| O|  |TAMS 0x000000073d400000| PB 0x000000073d400000| Untracked 
| 491|0x000000073d600000, 0x000000073d800000, 0x000000073d800000|100%| O|  |TAMS 0x000000073d600000| PB 0x000000073d600000| Untracked 
| 492|0x000000073d800000, 0x000000073da00000, 0x000000073da00000|100%| O|  |TAMS 0x000000073d800000| PB 0x000000073d800000| Untracked 
| 493|0x000000073da00000, 0x000000073dc00000, 0x000000073dc00000|100%| O|  |TAMS 0x000000073da00000| PB 0x000000073da00000| Untracked 
| 494|0x000000073dc00000, 0x000000073de00000, 0x000000073de00000|100%| O|  |TAMS 0x000000073dc00000| PB 0x000000073dc00000| Untracked 
| 495|0x000000073de00000, 0x000000073e000000, 0x000000073e000000|100%| O|  |TAMS 0x000000073de00000| PB 0x000000073de00000| Untracked 
| 496|0x000000073e000000, 0x000000073e200000, 0x000000073e200000|100%| O|  |TAMS 0x000000073e000000| PB 0x000000073e000000| Untracked 
| 497|0x000000073e200000, 0x000000073e400000, 0x000000073e400000|100%| O|  |TAMS 0x000000073e200000| PB 0x000000073e200000| Untracked 
| 498|0x000000073e400000, 0x000000073e600000, 0x000000073e600000|100%| O|  |TAMS 0x000000073e400000| PB 0x000000073e400000| Untracked 
| 499|0x000000073e600000, 0x000000073e800000, 0x000000073e800000|100%| O|  |TAMS 0x000000073e600000| PB 0x000000073e600000| Untracked 
| 500|0x000000073e800000, 0x000000073ea00000, 0x000000073ea00000|100%| O|  |TAMS 0x000000073e800000| PB 0x000000073e800000| Untracked 
| 501|0x000000073ea00000, 0x000000073ec00000, 0x000000073ec00000|100%| O|  |TAMS 0x000000073ea00000| PB 0x000000073ea00000| Untracked 
| 502|0x000000073ec00000, 0x000000073ee00000, 0x000000073ee00000|100%| O|  |TAMS 0x000000073ec00000| PB 0x000000073ec00000| Untracked 
| 503|0x000000073ee00000, 0x000000073f000000, 0x000000073f000000|100%| O|  |TAMS 0x000000073ee00000| PB 0x000000073ee00000| Untracked 
| 504|0x000000073f000000, 0x000000073f200000, 0x000000073f200000|100%| O|  |TAMS 0x000000073f000000| PB 0x000000073f000000| Untracked 
| 505|0x000000073f200000, 0x000000073f400000, 0x000000073f400000|100%| O|  |TAMS 0x000000073f200000| PB 0x000000073f200000| Untracked 
| 506|0x000000073f400000, 0x000000073f600000, 0x000000073f600000|100%| O|  |TAMS 0x000000073f400000| PB 0x000000073f400000| Untracked 
| 507|0x000000073f600000, 0x000000073f800000, 0x000000073f800000|100%| O|  |TAMS 0x000000073f600000| PB 0x000000073f600000| Untracked 
| 508|0x000000073f800000, 0x000000073fa00000, 0x000000073fa00000|100%| O|Cm|TAMS 0x000000073f800000| PB 0x000000073f800000| Complete 
| 509|0x000000073fa00000, 0x000000073fc00000, 0x000000073fc00000|100%| O|Cm|TAMS 0x000000073fa00000| PB 0x000000073fa00000| Complete 
| 510|0x000000073fc00000, 0x000000073fe00000, 0x000000073fe00000|100%| O|Cm|TAMS 0x000000073fc00000| PB 0x000000073fc00000| Complete 
| 511|0x000000073fe00000, 0x0000000740000000, 0x0000000740000000|100%| O|  |TAMS 0x000000073fe00000| PB 0x000000073fe00000| Untracked 
| 512|0x0000000740000000, 0x0000000740200000, 0x0000000740200000|100%| O|  |TAMS 0x0000000740000000| PB 0x0000000740000000| Untracked 
| 513|0x0000000740200000, 0x0000000740400000, 0x0000000740400000|100%| O|  |TAMS 0x0000000740200000| PB 0x0000000740200000| Untracked 
| 514|0x0000000740400000, 0x0000000740600000, 0x0000000740600000|100%| O|  |TAMS 0x0000000740400000| PB 0x0000000740400000| Untracked 
| 515|0x0000000740600000, 0x0000000740800000, 0x0000000740800000|100%| O|  |TAMS 0x0000000740600000| PB 0x0000000740600000| Untracked 
| 516|0x0000000740800000, 0x0000000740a00000, 0x0000000740a00000|100%| O|  |TAMS 0x0000000740800000| PB 0x0000000740800000| Untracked 
| 517|0x0000000740a00000, 0x0000000740c00000, 0x0000000740c00000|100%| O|  |TAMS 0x0000000740a00000| PB 0x0000000740a00000| Untracked 
| 518|0x0000000740c00000, 0x0000000740e00000, 0x0000000740e00000|100%| O|  |TAMS 0x0000000740c00000| PB 0x0000000740c00000| Untracked 
| 519|0x0000000740e00000, 0x0000000741000000, 0x0000000741000000|100%| O|  |TAMS 0x0000000740e00000| PB 0x0000000740e00000| Untracked 
| 520|0x0000000741000000, 0x0000000741200000, 0x0000000741200000|100%| O|  |TAMS 0x0000000741000000| PB 0x0000000741000000| Untracked 
| 521|0x0000000741200000, 0x0000000741400000, 0x0000000741400000|100%| O|  |TAMS 0x0000000741200000| PB 0x0000000741200000| Untracked 
| 522|0x0000000741400000, 0x0000000741600000, 0x0000000741600000|100%| O|  |TAMS 0x0000000741400000| PB 0x0000000741400000| Untracked 
| 523|0x0000000741600000, 0x0000000741800000, 0x0000000741800000|100%| O|  |TAMS 0x0000000741600000| PB 0x0000000741600000| Untracked 
| 524|0x0000000741800000, 0x0000000741a00000, 0x0000000741a00000|100%| O|  |TAMS 0x0000000741800000| PB 0x0000000741800000| Untracked 
| 525|0x0000000741a00000, 0x0000000741c00000, 0x0000000741c00000|100%| O|  |TAMS 0x0000000741a00000| PB 0x0000000741a00000| Untracked 
| 526|0x0000000741c00000, 0x0000000741e00000, 0x0000000741e00000|100%| O|  |TAMS 0x0000000741c00000| PB 0x0000000741c00000| Untracked 
| 527|0x0000000741e00000, 0x0000000742000000, 0x0000000742000000|100%| O|  |TAMS 0x0000000741e00000| PB 0x0000000741e00000| Untracked 
| 528|0x0000000742000000, 0x0000000742200000, 0x0000000742200000|100%| O|  |TAMS 0x0000000742000000| PB 0x0000000742000000| Untracked 
| 529|0x0000000742200000, 0x0000000742400000, 0x0000000742400000|100%| O|  |TAMS 0x0000000742200000| PB 0x0000000742200000| Untracked 
| 530|0x0000000742400000, 0x0000000742600000, 0x0000000742600000|100%| O|  |TAMS 0x0000000742400000| PB 0x0000000742400000| Untracked 
| 531|0x0000000742600000, 0x0000000742800000, 0x0000000742800000|100%| O|  |TAMS 0x0000000742600000| PB 0x0000000742600000| Untracked 
| 532|0x0000000742800000, 0x0000000742a00000, 0x0000000742a00000|100%| O|  |TAMS 0x0000000742800000| PB 0x0000000742800000| Untracked 
| 533|0x0000000742a00000, 0x0000000742c00000, 0x0000000742c00000|100%| O|  |TAMS 0x0000000742a00000| PB 0x0000000742a00000| Untracked 
| 534|0x0000000742c00000, 0x0000000742e00000, 0x0000000742e00000|100%| O|  |TAMS 0x0000000742c00000| PB 0x0000000742c00000| Untracked 
| 535|0x0000000742e00000, 0x0000000743000000, 0x0000000743000000|100%| O|  |TAMS 0x0000000742e00000| PB 0x0000000742e00000| Untracked 
| 536|0x0000000743000000, 0x0000000743000000, 0x0000000743200000|  0%| F|  |TAMS 0x0000000743000000| PB 0x0000000743000000| Untracked 
| 537|0x0000000743200000, 0x0000000743200000, 0x0000000743400000|  0%| F|  |TAMS 0x0000000743200000| PB 0x0000000743200000| Untracked 
| 538|0x0000000743400000, 0x0000000743400000, 0x0000000743600000|  0%| F|  |TAMS 0x0000000743400000| PB 0x0000000743400000| Untracked 
| 539|0x0000000743600000, 0x0000000743600000, 0x0000000743800000|  0%| F|  |TAMS 0x0000000743600000| PB 0x0000000743600000| Untracked 
| 540|0x0000000743800000, 0x0000000743800000, 0x0000000743a00000|  0%| F|  |TAMS 0x0000000743800000| PB 0x0000000743800000| Untracked 
| 541|0x0000000743a00000, 0x0000000743a00000, 0x0000000743c00000|  0%| F|  |TAMS 0x0000000743a00000| PB 0x0000000743a00000| Untracked 
| 542|0x0000000743c00000, 0x0000000743c00000, 0x0000000743e00000|  0%| F|  |TAMS 0x0000000743c00000| PB 0x0000000743c00000| Untracked 
| 543|0x0000000743e00000, 0x0000000743e00000, 0x0000000744000000|  0%| F|  |TAMS 0x0000000743e00000| PB 0x0000000743e00000| Untracked 
| 544|0x0000000744000000, 0x0000000744000000, 0x0000000744200000|  0%| F|  |TAMS 0x0000000744000000| PB 0x0000000744000000| Untracked 
| 545|0x0000000744200000, 0x0000000744200000, 0x0000000744400000|  0%| F|  |TAMS 0x0000000744200000| PB 0x0000000744200000| Untracked 
| 546|0x0000000744400000, 0x0000000744400000, 0x0000000744600000|  0%| F|  |TAMS 0x0000000744400000| PB 0x0000000744400000| Untracked 
| 547|0x0000000744600000, 0x0000000744600000, 0x0000000744800000|  0%| F|  |TAMS 0x0000000744600000| PB 0x0000000744600000| Untracked 
| 548|0x0000000744800000, 0x0000000744800000, 0x0000000744a00000|  0%| F|  |TAMS 0x0000000744800000| PB 0x0000000744800000| Untracked 
| 549|0x0000000744a00000, 0x0000000744a00000, 0x0000000744c00000|  0%| F|  |TAMS 0x0000000744a00000| PB 0x0000000744a00000| Untracked 
| 550|0x0000000744c00000, 0x0000000744c00000, 0x0000000744e00000|  0%| F|  |TAMS 0x0000000744c00000| PB 0x0000000744c00000| Untracked 
| 551|0x0000000744e00000, 0x0000000744e00000, 0x0000000745000000|  0%| F|  |TAMS 0x0000000744e00000| PB 0x0000000744e00000| Untracked 
| 552|0x0000000745000000, 0x0000000745000000, 0x0000000745200000|  0%| F|  |TAMS 0x0000000745000000| PB 0x0000000745000000| Untracked 
| 553|0x0000000745200000, 0x0000000745200000, 0x0000000745400000|  0%| F|  |TAMS 0x0000000745200000| PB 0x0000000745200000| Untracked 
| 554|0x0000000745400000, 0x0000000745400000, 0x0000000745600000|  0%| F|  |TAMS 0x0000000745400000| PB 0x0000000745400000| Untracked 
| 555|0x0000000745600000, 0x0000000745600000, 0x0000000745800000|  0%| F|  |TAMS 0x0000000745600000| PB 0x0000000745600000| Untracked 
| 556|0x0000000745800000, 0x0000000745800000, 0x0000000745a00000|  0%| F|  |TAMS 0x0000000745800000| PB 0x0000000745800000| Untracked 
| 557|0x0000000745a00000, 0x0000000745a00000, 0x0000000745c00000|  0%| F|  |TAMS 0x0000000745a00000| PB 0x0000000745a00000| Untracked 
| 558|0x0000000745c00000, 0x0000000745c00000, 0x0000000745e00000|  0%| F|  |TAMS 0x0000000745c00000| PB 0x0000000745c00000| Untracked 
| 559|0x0000000745e00000, 0x0000000745e00000, 0x0000000746000000|  0%| F|  |TAMS 0x0000000745e00000| PB 0x0000000745e00000| Untracked 
| 560|0x0000000746000000, 0x0000000746000000, 0x0000000746200000|  0%| F|  |TAMS 0x0000000746000000| PB 0x0000000746000000| Untracked 
| 561|0x0000000746200000, 0x0000000746200000, 0x0000000746400000|  0%| F|  |TAMS 0x0000000746200000| PB 0x0000000746200000| Untracked 
| 562|0x0000000746400000, 0x0000000746400000, 0x0000000746600000|  0%| F|  |TAMS 0x0000000746400000| PB 0x0000000746400000| Untracked 
| 563|0x0000000746600000, 0x0000000746600000, 0x0000000746800000|  0%| F|  |TAMS 0x0000000746600000| PB 0x0000000746600000| Untracked 
| 564|0x0000000746800000, 0x0000000746800000, 0x0000000746a00000|  0%| F|  |TAMS 0x0000000746800000| PB 0x0000000746800000| Untracked 
| 565|0x0000000746a00000, 0x0000000746a00000, 0x0000000746c00000|  0%| F|  |TAMS 0x0000000746a00000| PB 0x0000000746a00000| Untracked 
| 566|0x0000000746c00000, 0x0000000746c00000, 0x0000000746e00000|  0%| F|  |TAMS 0x0000000746c00000| PB 0x0000000746c00000| Untracked 
| 567|0x0000000746e00000, 0x0000000746e00000, 0x0000000747000000|  0%| F|  |TAMS 0x0000000746e00000| PB 0x0000000746e00000| Untracked 
| 568|0x0000000747000000, 0x0000000747000000, 0x0000000747200000|  0%| F|  |TAMS 0x0000000747000000| PB 0x0000000747000000| Untracked 
| 569|0x0000000747200000, 0x0000000747200000, 0x0000000747400000|  0%| F|  |TAMS 0x0000000747200000| PB 0x0000000747200000| Untracked 
| 570|0x0000000747400000, 0x0000000747400000, 0x0000000747600000|  0%| F|  |TAMS 0x0000000747400000| PB 0x0000000747400000| Untracked 
| 571|0x0000000747600000, 0x0000000747600000, 0x0000000747800000|  0%| F|  |TAMS 0x0000000747600000| PB 0x0000000747600000| Untracked 
| 572|0x0000000747800000, 0x0000000747800000, 0x0000000747a00000|  0%| F|  |TAMS 0x0000000747800000| PB 0x0000000747800000| Untracked 
| 573|0x0000000747a00000, 0x0000000747a00000, 0x0000000747c00000|  0%| F|  |TAMS 0x0000000747a00000| PB 0x0000000747a00000| Untracked 
| 574|0x0000000747c00000, 0x0000000747c00000, 0x0000000747e00000|  0%| F|  |TAMS 0x0000000747c00000| PB 0x0000000747c00000| Untracked 
| 575|0x0000000747e00000, 0x0000000747e00000, 0x0000000748000000|  0%| F|  |TAMS 0x0000000747e00000| PB 0x0000000747e00000| Untracked 
| 576|0x0000000748000000, 0x0000000748000000, 0x0000000748200000|  0%| F|  |TAMS 0x0000000748000000| PB 0x0000000748000000| Untracked 
| 577|0x0000000748200000, 0x0000000748200000, 0x0000000748400000|  0%| F|  |TAMS 0x0000000748200000| PB 0x0000000748200000| Untracked 
| 578|0x0000000748400000, 0x0000000748400000, 0x0000000748600000|  0%| F|  |TAMS 0x0000000748400000| PB 0x0000000748400000| Untracked 
| 579|0x0000000748600000, 0x0000000748600000, 0x0000000748800000|  0%| F|  |TAMS 0x0000000748600000| PB 0x0000000748600000| Untracked 
| 580|0x0000000748800000, 0x0000000748800000, 0x0000000748a00000|  0%| F|  |TAMS 0x0000000748800000| PB 0x0000000748800000| Untracked 
| 581|0x0000000748a00000, 0x0000000748a00000, 0x0000000748c00000|  0%| F|  |TAMS 0x0000000748a00000| PB 0x0000000748a00000| Untracked 
| 582|0x0000000748c00000, 0x0000000748c00000, 0x0000000748e00000|  0%| F|  |TAMS 0x0000000748c00000| PB 0x0000000748c00000| Untracked 
| 583|0x0000000748e00000, 0x0000000748e00000, 0x0000000749000000|  0%| F|  |TAMS 0x0000000748e00000| PB 0x0000000748e00000| Untracked 
| 584|0x0000000749000000, 0x0000000749000000, 0x0000000749200000|  0%| F|  |TAMS 0x0000000749000000| PB 0x0000000749000000| Untracked 
| 585|0x0000000749200000, 0x0000000749200000, 0x0000000749400000|  0%| F|  |TAMS 0x0000000749200000| PB 0x0000000749200000| Untracked 
| 586|0x0000000749400000, 0x0000000749400000, 0x0000000749600000|  0%| F|  |TAMS 0x0000000749400000| PB 0x0000000749400000| Untracked 
| 587|0x0000000749600000, 0x0000000749600000, 0x0000000749800000|  0%| F|  |TAMS 0x0000000749600000| PB 0x0000000749600000| Untracked 
| 588|0x0000000749800000, 0x0000000749800000, 0x0000000749a00000|  0%| F|  |TAMS 0x0000000749800000| PB 0x0000000749800000| Untracked 
| 589|0x0000000749a00000, 0x0000000749a00000, 0x0000000749c00000|  0%| F|  |TAMS 0x0000000749a00000| PB 0x0000000749a00000| Untracked 
| 590|0x0000000749c00000, 0x0000000749c00000, 0x0000000749e00000|  0%| F|  |TAMS 0x0000000749c00000| PB 0x0000000749c00000| Untracked 
| 591|0x0000000749e00000, 0x0000000749e00000, 0x000000074a000000|  0%| F|  |TAMS 0x0000000749e00000| PB 0x0000000749e00000| Untracked 
| 592|0x000000074a000000, 0x000000074a000000, 0x000000074a200000|  0%| F|  |TAMS 0x000000074a000000| PB 0x000000074a000000| Untracked 
| 593|0x000000074a200000, 0x000000074a200000, 0x000000074a400000|  0%| F|  |TAMS 0x000000074a200000| PB 0x000000074a200000| Untracked 
| 594|0x000000074a400000, 0x000000074a400000, 0x000000074a600000|  0%| F|  |TAMS 0x000000074a400000| PB 0x000000074a400000| Untracked 
| 595|0x000000074a600000, 0x000000074a600000, 0x000000074a800000|  0%| F|  |TAMS 0x000000074a600000| PB 0x000000074a600000| Untracked 
| 596|0x000000074a800000, 0x000000074a800000, 0x000000074aa00000|  0%| F|  |TAMS 0x000000074a800000| PB 0x000000074a800000| Untracked 
| 597|0x000000074aa00000, 0x000000074aa00000, 0x000000074ac00000|  0%| F|  |TAMS 0x000000074aa00000| PB 0x000000074aa00000| Untracked 
| 598|0x000000074ac00000, 0x000000074ac00000, 0x000000074ae00000|  0%| F|  |TAMS 0x000000074ac00000| PB 0x000000074ac00000| Untracked 
| 599|0x000000074ae00000, 0x000000074ae00000, 0x000000074b000000|  0%| F|  |TAMS 0x000000074ae00000| PB 0x000000074ae00000| Untracked 
| 600|0x000000074b000000, 0x000000074b000000, 0x000000074b200000|  0%| F|  |TAMS 0x000000074b000000| PB 0x000000074b000000| Untracked 
| 601|0x000000074b200000, 0x000000074b200000, 0x000000074b400000|  0%| F|  |TAMS 0x000000074b200000| PB 0x000000074b200000| Untracked 
| 602|0x000000074b400000, 0x000000074b400000, 0x000000074b600000|  0%| F|  |TAMS 0x000000074b400000| PB 0x000000074b400000| Untracked 
| 603|0x000000074b600000, 0x000000074b600000, 0x000000074b800000|  0%| F|  |TAMS 0x000000074b600000| PB 0x000000074b600000| Untracked 
| 604|0x000000074b800000, 0x000000074b800000, 0x000000074ba00000|  0%| F|  |TAMS 0x000000074b800000| PB 0x000000074b800000| Untracked 
| 605|0x000000074ba00000, 0x000000074ba00000, 0x000000074bc00000|  0%| F|  |TAMS 0x000000074ba00000| PB 0x000000074ba00000| Untracked 
| 606|0x000000074bc00000, 0x000000074bc00000, 0x000000074be00000|  0%| F|  |TAMS 0x000000074bc00000| PB 0x000000074bc00000| Untracked 
| 607|0x000000074be00000, 0x000000074be00000, 0x000000074c000000|  0%| F|  |TAMS 0x000000074be00000| PB 0x000000074be00000| Untracked 
| 608|0x000000074c000000, 0x000000074c000000, 0x000000074c200000|  0%| F|  |TAMS 0x000000074c000000| PB 0x000000074c000000| Untracked 
| 609|0x000000074c200000, 0x000000074c200000, 0x000000074c400000|  0%| F|  |TAMS 0x000000074c200000| PB 0x000000074c200000| Untracked 
| 610|0x000000074c400000, 0x000000074c400000, 0x000000074c600000|  0%| F|  |TAMS 0x000000074c400000| PB 0x000000074c400000| Untracked 
| 611|0x000000074c600000, 0x000000074c600000, 0x000000074c800000|  0%| F|  |TAMS 0x000000074c600000| PB 0x000000074c600000| Untracked 
| 612|0x000000074c800000, 0x000000074c800000, 0x000000074ca00000|  0%| F|  |TAMS 0x000000074c800000| PB 0x000000074c800000| Untracked 
| 613|0x000000074ca00000, 0x000000074ca00000, 0x000000074cc00000|  0%| F|  |TAMS 0x000000074ca00000| PB 0x000000074ca00000| Untracked 
| 614|0x000000074cc00000, 0x000000074cc00000, 0x000000074ce00000|  0%| F|  |TAMS 0x000000074cc00000| PB 0x000000074cc00000| Untracked 
| 615|0x000000074ce00000, 0x000000074ce00000, 0x000000074d000000|  0%| F|  |TAMS 0x000000074ce00000| PB 0x000000074ce00000| Untracked 
| 616|0x000000074d000000, 0x000000074d000000, 0x000000074d200000|  0%| F|  |TAMS 0x000000074d000000| PB 0x000000074d000000| Untracked 
| 617|0x000000074d200000, 0x000000074d200000, 0x000000074d400000|  0%| F|  |TAMS 0x000000074d200000| PB 0x000000074d200000| Untracked 
| 618|0x000000074d400000, 0x000000074d400000, 0x000000074d600000|  0%| F|  |TAMS 0x000000074d400000| PB 0x000000074d400000| Untracked 
| 619|0x000000074d600000, 0x000000074d600000, 0x000000074d800000|  0%| F|  |TAMS 0x000000074d600000| PB 0x000000074d600000| Untracked 
| 620|0x000000074d800000, 0x000000074d800000, 0x000000074da00000|  0%| F|  |TAMS 0x000000074d800000| PB 0x000000074d800000| Untracked 
| 621|0x000000074da00000, 0x000000074da00000, 0x000000074dc00000|  0%| F|  |TAMS 0x000000074da00000| PB 0x000000074da00000| Untracked 
| 622|0x000000074dc00000, 0x000000074dc00000, 0x000000074de00000|  0%| F|  |TAMS 0x000000074dc00000| PB 0x000000074dc00000| Untracked 
| 623|0x000000074de00000, 0x000000074de00000, 0x000000074e000000|  0%| F|  |TAMS 0x000000074de00000| PB 0x000000074de00000| Untracked 
| 624|0x000000074e000000, 0x000000074e000000, 0x000000074e200000|  0%| F|  |TAMS 0x000000074e000000| PB 0x000000074e000000| Untracked 
| 625|0x000000074e200000, 0x000000074e200000, 0x000000074e400000|  0%| F|  |TAMS 0x000000074e200000| PB 0x000000074e200000| Untracked 
| 626|0x000000074e400000, 0x000000074e400000, 0x000000074e600000|  0%| F|  |TAMS 0x000000074e400000| PB 0x000000074e400000| Untracked 
| 627|0x000000074e600000, 0x000000074e600000, 0x000000074e800000|  0%| F|  |TAMS 0x000000074e600000| PB 0x000000074e600000| Untracked 
| 628|0x000000074e800000, 0x000000074e800000, 0x000000074ea00000|  0%| F|  |TAMS 0x000000074e800000| PB 0x000000074e800000| Untracked 
| 629|0x000000074ea00000, 0x000000074ea00000, 0x000000074ec00000|  0%| F|  |TAMS 0x000000074ea00000| PB 0x000000074ea00000| Untracked 
| 630|0x000000074ec00000, 0x000000074ec00000, 0x000000074ee00000|  0%| F|  |TAMS 0x000000074ec00000| PB 0x000000074ec00000| Untracked 
| 631|0x000000074ee00000, 0x000000074ee00000, 0x000000074f000000|  0%| F|  |TAMS 0x000000074ee00000| PB 0x000000074ee00000| Untracked 
| 632|0x000000074f000000, 0x000000074f000000, 0x000000074f200000|  0%| F|  |TAMS 0x000000074f000000| PB 0x000000074f000000| Untracked 
| 633|0x000000074f200000, 0x000000074f200000, 0x000000074f400000|  0%| F|  |TAMS 0x000000074f200000| PB 0x000000074f200000| Untracked 
| 634|0x000000074f400000, 0x000000074f400000, 0x000000074f600000|  0%| F|  |TAMS 0x000000074f400000| PB 0x000000074f400000| Untracked 
| 635|0x000000074f600000, 0x000000074f600000, 0x000000074f800000|  0%| F|  |TAMS 0x000000074f600000| PB 0x000000074f600000| Untracked 
| 636|0x000000074f800000, 0x000000074f800000, 0x000000074fa00000|  0%| F|  |TAMS 0x000000074f800000| PB 0x000000074f800000| Untracked 
| 637|0x000000074fa00000, 0x000000074fa00000, 0x000000074fc00000|  0%| F|  |TAMS 0x000000074fa00000| PB 0x000000074fa00000| Untracked 
| 638|0x000000074fc00000, 0x000000074fc00000, 0x000000074fe00000|  0%| F|  |TAMS 0x000000074fc00000| PB 0x000000074fc00000| Untracked 
| 639|0x000000074fe00000, 0x000000074fe00000, 0x0000000750000000|  0%| F|  |TAMS 0x000000074fe00000| PB 0x000000074fe00000| Untracked 
| 640|0x0000000750000000, 0x0000000750000000, 0x0000000750200000|  0%| F|  |TAMS 0x0000000750000000| PB 0x0000000750000000| Untracked 
| 641|0x0000000750200000, 0x0000000750200000, 0x0000000750400000|  0%| F|  |TAMS 0x0000000750200000| PB 0x0000000750200000| Untracked 
| 642|0x0000000750400000, 0x0000000750400000, 0x0000000750600000|  0%| F|  |TAMS 0x0000000750400000| PB 0x0000000750400000| Untracked 
| 643|0x0000000750600000, 0x0000000750600000, 0x0000000750800000|  0%| F|  |TAMS 0x0000000750600000| PB 0x0000000750600000| Untracked 
| 644|0x0000000750800000, 0x0000000750800000, 0x0000000750a00000|  0%| F|  |TAMS 0x0000000750800000| PB 0x0000000750800000| Untracked 
| 645|0x0000000750a00000, 0x0000000750a00000, 0x0000000750c00000|  0%| F|  |TAMS 0x0000000750a00000| PB 0x0000000750a00000| Untracked 
| 646|0x0000000750c00000, 0x0000000750c00000, 0x0000000750e00000|  0%| F|  |TAMS 0x0000000750c00000| PB 0x0000000750c00000| Untracked 
| 647|0x0000000750e00000, 0x0000000750e00000, 0x0000000751000000|  0%| F|  |TAMS 0x0000000750e00000| PB 0x0000000750e00000| Untracked 
| 648|0x0000000751000000, 0x0000000751000000, 0x0000000751200000|  0%| F|  |TAMS 0x0000000751000000| PB 0x0000000751000000| Untracked 
| 649|0x0000000751200000, 0x0000000751200000, 0x0000000751400000|  0%| F|  |TAMS 0x0000000751200000| PB 0x0000000751200000| Untracked 
| 650|0x0000000751400000, 0x0000000751400000, 0x0000000751600000|  0%| F|  |TAMS 0x0000000751400000| PB 0x0000000751400000| Untracked 
| 651|0x0000000751600000, 0x0000000751600000, 0x0000000751800000|  0%| F|  |TAMS 0x0000000751600000| PB 0x0000000751600000| Untracked 
| 652|0x0000000751800000, 0x0000000751800000, 0x0000000751a00000|  0%| F|  |TAMS 0x0000000751800000| PB 0x0000000751800000| Untracked 
| 653|0x0000000751a00000, 0x0000000751a00000, 0x0000000751c00000|  0%| F|  |TAMS 0x0000000751a00000| PB 0x0000000751a00000| Untracked 
| 654|0x0000000751c00000, 0x0000000751c00000, 0x0000000751e00000|  0%| F|  |TAMS 0x0000000751c00000| PB 0x0000000751c00000| Untracked 
| 655|0x0000000751e00000, 0x0000000751e00000, 0x0000000752000000|  0%| F|  |TAMS 0x0000000751e00000| PB 0x0000000751e00000| Untracked 
| 656|0x0000000752000000, 0x0000000752000000, 0x0000000752200000|  0%| F|  |TAMS 0x0000000752000000| PB 0x0000000752000000| Untracked 
| 657|0x0000000752200000, 0x0000000752200000, 0x0000000752400000|  0%| F|  |TAMS 0x0000000752200000| PB 0x0000000752200000| Untracked 
| 658|0x0000000752400000, 0x0000000752400000, 0x0000000752600000|  0%| F|  |TAMS 0x0000000752400000| PB 0x0000000752400000| Untracked 
| 659|0x0000000752600000, 0x0000000752600000, 0x0000000752800000|  0%| F|  |TAMS 0x0000000752600000| PB 0x0000000752600000| Untracked 
| 660|0x0000000752800000, 0x0000000752800000, 0x0000000752a00000|  0%| F|  |TAMS 0x0000000752800000| PB 0x0000000752800000| Untracked 
| 661|0x0000000752a00000, 0x0000000752a00000, 0x0000000752c00000|  0%| F|  |TAMS 0x0000000752a00000| PB 0x0000000752a00000| Untracked 
| 662|0x0000000752c00000, 0x0000000752c00000, 0x0000000752e00000|  0%| F|  |TAMS 0x0000000752c00000| PB 0x0000000752c00000| Untracked 
| 663|0x0000000752e00000, 0x0000000752e00000, 0x0000000753000000|  0%| F|  |TAMS 0x0000000752e00000| PB 0x0000000752e00000| Untracked 
| 664|0x0000000753000000, 0x0000000753000000, 0x0000000753200000|  0%| F|  |TAMS 0x0000000753000000| PB 0x0000000753000000| Untracked 
| 665|0x0000000753200000, 0x0000000753200000, 0x0000000753400000|  0%| F|  |TAMS 0x0000000753200000| PB 0x0000000753200000| Untracked 
| 666|0x0000000753400000, 0x0000000753400000, 0x0000000753600000|  0%| F|  |TAMS 0x0000000753400000| PB 0x0000000753400000| Untracked 
| 667|0x0000000753600000, 0x0000000753600000, 0x0000000753800000|  0%| F|  |TAMS 0x0000000753600000| PB 0x0000000753600000| Untracked 
| 668|0x0000000753800000, 0x0000000753800000, 0x0000000753a00000|  0%| F|  |TAMS 0x0000000753800000| PB 0x0000000753800000| Untracked 
| 669|0x0000000753a00000, 0x0000000753a00000, 0x0000000753c00000|  0%| F|  |TAMS 0x0000000753a00000| PB 0x0000000753a00000| Untracked 
| 670|0x0000000753c00000, 0x0000000753c00000, 0x0000000753e00000|  0%| F|  |TAMS 0x0000000753c00000| PB 0x0000000753c00000| Untracked 
| 671|0x0000000753e00000, 0x0000000753e00000, 0x0000000754000000|  0%| F|  |TAMS 0x0000000753e00000| PB 0x0000000753e00000| Untracked 
| 672|0x0000000754000000, 0x0000000754000000, 0x0000000754200000|  0%| F|  |TAMS 0x0000000754000000| PB 0x0000000754000000| Untracked 
| 673|0x0000000754200000, 0x0000000754200000, 0x0000000754400000|  0%| F|  |TAMS 0x0000000754200000| PB 0x0000000754200000| Untracked 
| 674|0x0000000754400000, 0x0000000754400000, 0x0000000754600000|  0%| F|  |TAMS 0x0000000754400000| PB 0x0000000754400000| Untracked 
| 675|0x0000000754600000, 0x0000000754600000, 0x0000000754800000|  0%| F|  |TAMS 0x0000000754600000| PB 0x0000000754600000| Untracked 
| 676|0x0000000754800000, 0x0000000754800000, 0x0000000754a00000|  0%| F|  |TAMS 0x0000000754800000| PB 0x0000000754800000| Untracked 
| 677|0x0000000754a00000, 0x0000000754a00000, 0x0000000754c00000|  0%| F|  |TAMS 0x0000000754a00000| PB 0x0000000754a00000| Untracked 
| 678|0x0000000754c00000, 0x0000000754c00000, 0x0000000754e00000|  0%| F|  |TAMS 0x0000000754c00000| PB 0x0000000754c00000| Untracked 
| 679|0x0000000754e00000, 0x0000000754e00000, 0x0000000755000000|  0%| F|  |TAMS 0x0000000754e00000| PB 0x0000000754e00000| Untracked 
| 680|0x0000000755000000, 0x0000000755000000, 0x0000000755200000|  0%| F|  |TAMS 0x0000000755000000| PB 0x0000000755000000| Untracked 
| 681|0x0000000755200000, 0x0000000755200000, 0x0000000755400000|  0%| F|  |TAMS 0x0000000755200000| PB 0x0000000755200000| Untracked 
| 682|0x0000000755400000, 0x0000000755400000, 0x0000000755600000|  0%| F|  |TAMS 0x0000000755400000| PB 0x0000000755400000| Untracked 
| 683|0x0000000755600000, 0x0000000755600000, 0x0000000755800000|  0%| F|  |TAMS 0x0000000755600000| PB 0x0000000755600000| Untracked 
| 684|0x0000000755800000, 0x0000000755800000, 0x0000000755a00000|  0%| F|  |TAMS 0x0000000755800000| PB 0x0000000755800000| Untracked 
| 685|0x0000000755a00000, 0x0000000755a00000, 0x0000000755c00000|  0%| F|  |TAMS 0x0000000755a00000| PB 0x0000000755a00000| Untracked 
| 686|0x0000000755c00000, 0x0000000755c00000, 0x0000000755e00000|  0%| F|  |TAMS 0x0000000755c00000| PB 0x0000000755c00000| Untracked 
| 687|0x0000000755e00000, 0x0000000755e00000, 0x0000000756000000|  0%| F|  |TAMS 0x0000000755e00000| PB 0x0000000755e00000| Untracked 
| 688|0x0000000756000000, 0x0000000756000000, 0x0000000756200000|  0%| F|  |TAMS 0x0000000756000000| PB 0x0000000756000000| Untracked 
| 689|0x0000000756200000, 0x0000000756200000, 0x0000000756400000|  0%| F|  |TAMS 0x0000000756200000| PB 0x0000000756200000| Untracked 
| 690|0x0000000756400000, 0x0000000756400000, 0x0000000756600000|  0%| F|  |TAMS 0x0000000756400000| PB 0x0000000756400000| Untracked 
| 691|0x0000000756600000, 0x0000000756600000, 0x0000000756800000|  0%| F|  |TAMS 0x0000000756600000| PB 0x0000000756600000| Untracked 
| 692|0x0000000756800000, 0x0000000756800000, 0x0000000756a00000|  0%| F|  |TAMS 0x0000000756800000| PB 0x0000000756800000| Untracked 
| 693|0x0000000756a00000, 0x0000000756a00000, 0x0000000756c00000|  0%| F|  |TAMS 0x0000000756a00000| PB 0x0000000756a00000| Untracked 
| 694|0x0000000756c00000, 0x0000000756c00000, 0x0000000756e00000|  0%| F|  |TAMS 0x0000000756c00000| PB 0x0000000756c00000| Untracked 
| 695|0x0000000756e00000, 0x0000000756e00000, 0x0000000757000000|  0%| F|  |TAMS 0x0000000756e00000| PB 0x0000000756e00000| Untracked 
| 696|0x0000000757000000, 0x0000000757000000, 0x0000000757200000|  0%| F|  |TAMS 0x0000000757000000| PB 0x0000000757000000| Untracked 
| 697|0x0000000757200000, 0x0000000757200000, 0x0000000757400000|  0%| F|  |TAMS 0x0000000757200000| PB 0x0000000757200000| Untracked 
| 698|0x0000000757400000, 0x0000000757400000, 0x0000000757600000|  0%| F|  |TAMS 0x0000000757400000| PB 0x0000000757400000| Untracked 
| 699|0x0000000757600000, 0x0000000757600000, 0x0000000757800000|  0%| F|  |TAMS 0x0000000757600000| PB 0x0000000757600000| Untracked 
| 700|0x0000000757800000, 0x0000000757800000, 0x0000000757a00000|  0%| F|  |TAMS 0x0000000757800000| PB 0x0000000757800000| Untracked 
| 701|0x0000000757a00000, 0x0000000757ab34b0, 0x0000000757c00000| 35%| S|CS|TAMS 0x0000000757a00000| PB 0x0000000757a00000| Complete 
| 702|0x0000000757c00000, 0x0000000757e00000, 0x0000000757e00000|100%| S|CS|TAMS 0x0000000757c00000| PB 0x0000000757c00000| Complete 
| 703|0x0000000757e00000, 0x0000000758000000, 0x0000000758000000|100%| S|CS|TAMS 0x0000000757e00000| PB 0x0000000757e00000| Complete 
| 704|0x0000000758000000, 0x0000000758200000, 0x0000000758200000|100%| S|CS|TAMS 0x0000000758000000| PB 0x0000000758000000| Complete 
| 705|0x0000000758200000, 0x0000000758400000, 0x0000000758400000|100%| S|CS|TAMS 0x0000000758200000| PB 0x0000000758200000| Complete 
| 706|0x0000000758400000, 0x0000000758600000, 0x0000000758600000|100%| S|CS|TAMS 0x0000000758400000| PB 0x0000000758400000| Complete 
| 707|0x0000000758600000, 0x0000000758800000, 0x0000000758800000|100%| S|CS|TAMS 0x0000000758600000| PB 0x0000000758600000| Complete 
| 708|0x0000000758800000, 0x0000000758a00000, 0x0000000758a00000|100%| S|CS|TAMS 0x0000000758800000| PB 0x0000000758800000| Complete 
| 709|0x0000000758a00000, 0x0000000758c00000, 0x0000000758c00000|100%| S|CS|TAMS 0x0000000758a00000| PB 0x0000000758a00000| Complete 
| 710|0x0000000758c00000, 0x0000000758e00000, 0x0000000758e00000|100%| S|CS|TAMS 0x0000000758c00000| PB 0x0000000758c00000| Complete 
| 711|0x0000000758e00000, 0x0000000759000000, 0x0000000759000000|100%| S|CS|TAMS 0x0000000758e00000| PB 0x0000000758e00000| Complete 
| 712|0x0000000759000000, 0x0000000759000000, 0x0000000759200000|  0%| F|  |TAMS 0x0000000759000000| PB 0x0000000759000000| Untracked 
| 713|0x0000000759200000, 0x0000000759200000, 0x0000000759400000|  0%| F|  |TAMS 0x0000000759200000| PB 0x0000000759200000| Untracked 
| 714|0x0000000759400000, 0x0000000759400000, 0x0000000759600000|  0%| F|  |TAMS 0x0000000759400000| PB 0x0000000759400000| Untracked 
| 715|0x0000000759600000, 0x0000000759600000, 0x0000000759800000|  0%| F|  |TAMS 0x0000000759600000| PB 0x0000000759600000| Untracked 
| 716|0x0000000759800000, 0x0000000759800000, 0x0000000759a00000|  0%| F|  |TAMS 0x0000000759800000| PB 0x0000000759800000| Untracked 
| 717|0x0000000759a00000, 0x0000000759a00000, 0x0000000759c00000|  0%| F|  |TAMS 0x0000000759a00000| PB 0x0000000759a00000| Untracked 
| 718|0x0000000759c00000, 0x0000000759c00000, 0x0000000759e00000|  0%| F|  |TAMS 0x0000000759c00000| PB 0x0000000759c00000| Untracked 
| 719|0x0000000759e00000, 0x0000000759e00000, 0x000000075a000000|  0%| F|  |TAMS 0x0000000759e00000| PB 0x0000000759e00000| Untracked 
| 720|0x000000075a000000, 0x000000075a000000, 0x000000075a200000|  0%| F|  |TAMS 0x000000075a000000| PB 0x000000075a000000| Untracked 
| 721|0x000000075a200000, 0x000000075a200000, 0x000000075a400000|  0%| F|  |TAMS 0x000000075a200000| PB 0x000000075a200000| Untracked 
| 722|0x000000075a400000, 0x000000075a400000, 0x000000075a600000|  0%| F|  |TAMS 0x000000075a400000| PB 0x000000075a400000| Untracked 
| 723|0x000000075a600000, 0x000000075a600000, 0x000000075a800000|  0%| F|  |TAMS 0x000000075a600000| PB 0x000000075a600000| Untracked 
| 724|0x000000075a800000, 0x000000075a800000, 0x000000075aa00000|  0%| F|  |TAMS 0x000000075a800000| PB 0x000000075a800000| Untracked 
| 725|0x000000075aa00000, 0x000000075aa00000, 0x000000075ac00000|  0%| F|  |TAMS 0x000000075aa00000| PB 0x000000075aa00000| Untracked 
| 726|0x000000075ac00000, 0x000000075ac00000, 0x000000075ae00000|  0%| F|  |TAMS 0x000000075ac00000| PB 0x000000075ac00000| Untracked 
| 727|0x000000075ae00000, 0x000000075ae00000, 0x000000075b000000|  0%| F|  |TAMS 0x000000075ae00000| PB 0x000000075ae00000| Untracked 
| 728|0x000000075b000000, 0x000000075b000000, 0x000000075b200000|  0%| F|  |TAMS 0x000000075b000000| PB 0x000000075b000000| Untracked 
| 729|0x000000075b200000, 0x000000075b200000, 0x000000075b400000|  0%| F|  |TAMS 0x000000075b200000| PB 0x000000075b200000| Untracked 
| 730|0x000000075b400000, 0x000000075b400000, 0x000000075b600000|  0%| F|  |TAMS 0x000000075b400000| PB 0x000000075b400000| Untracked 
| 731|0x000000075b600000, 0x000000075b600000, 0x000000075b800000|  0%| F|  |TAMS 0x000000075b600000| PB 0x000000075b600000| Untracked 
| 732|0x000000075b800000, 0x000000075b800000, 0x000000075ba00000|  0%| F|  |TAMS 0x000000075b800000| PB 0x000000075b800000| Untracked 
| 733|0x000000075ba00000, 0x000000075ba00000, 0x000000075bc00000|  0%| F|  |TAMS 0x000000075ba00000| PB 0x000000075ba00000| Untracked 
| 734|0x000000075bc00000, 0x000000075bc00000, 0x000000075be00000|  0%| F|  |TAMS 0x000000075bc00000| PB 0x000000075bc00000| Untracked 
| 735|0x000000075be00000, 0x000000075be00000, 0x000000075c000000|  0%| F|  |TAMS 0x000000075be00000| PB 0x000000075be00000| Untracked 
| 736|0x000000075c000000, 0x000000075c000000, 0x000000075c200000|  0%| F|  |TAMS 0x000000075c000000| PB 0x000000075c000000| Untracked 
| 737|0x000000075c200000, 0x000000075c200000, 0x000000075c400000|  0%| F|  |TAMS 0x000000075c200000| PB 0x000000075c200000| Untracked 
| 738|0x000000075c400000, 0x000000075c400000, 0x000000075c600000|  0%| F|  |TAMS 0x000000075c400000| PB 0x000000075c400000| Untracked 
| 739|0x000000075c600000, 0x000000075c600000, 0x000000075c800000|  0%| F|  |TAMS 0x000000075c600000| PB 0x000000075c600000| Untracked 
| 740|0x000000075c800000, 0x000000075c800000, 0x000000075ca00000|  0%| F|  |TAMS 0x000000075c800000| PB 0x000000075c800000| Untracked 
| 741|0x000000075ca00000, 0x000000075ca00000, 0x000000075cc00000|  0%| F|  |TAMS 0x000000075ca00000| PB 0x000000075ca00000| Untracked 
| 742|0x000000075cc00000, 0x000000075cc00000, 0x000000075ce00000|  0%| F|  |TAMS 0x000000075cc00000| PB 0x000000075cc00000| Untracked 
| 743|0x000000075ce00000, 0x000000075ce00000, 0x000000075d000000|  0%| F|  |TAMS 0x000000075ce00000| PB 0x000000075ce00000| Untracked 
| 744|0x000000075d000000, 0x000000075d000000, 0x000000075d200000|  0%| F|  |TAMS 0x000000075d000000| PB 0x000000075d000000| Untracked 
| 745|0x000000075d200000, 0x000000075d200000, 0x000000075d400000|  0%| F|  |TAMS 0x000000075d200000| PB 0x000000075d200000| Untracked 
| 746|0x000000075d400000, 0x000000075d400000, 0x000000075d600000|  0%| F|  |TAMS 0x000000075d400000| PB 0x000000075d400000| Untracked 
| 747|0x000000075d600000, 0x000000075d600000, 0x000000075d800000|  0%| F|  |TAMS 0x000000075d600000| PB 0x000000075d600000| Untracked 
| 748|0x000000075d800000, 0x000000075d800000, 0x000000075da00000|  0%| F|  |TAMS 0x000000075d800000| PB 0x000000075d800000| Untracked 
| 749|0x000000075da00000, 0x000000075da00000, 0x000000075dc00000|  0%| F|  |TAMS 0x000000075da00000| PB 0x000000075da00000| Untracked 
| 750|0x000000075dc00000, 0x000000075dc00000, 0x000000075de00000|  0%| F|  |TAMS 0x000000075dc00000| PB 0x000000075dc00000| Untracked 
| 751|0x000000075de00000, 0x000000075de00000, 0x000000075e000000|  0%| F|  |TAMS 0x000000075de00000| PB 0x000000075de00000| Untracked 
| 752|0x000000075e000000, 0x000000075e000000, 0x000000075e200000|  0%| F|  |TAMS 0x000000075e000000| PB 0x000000075e000000| Untracked 
| 753|0x000000075e200000, 0x000000075e200000, 0x000000075e400000|  0%| F|  |TAMS 0x000000075e200000| PB 0x000000075e200000| Untracked 
| 754|0x000000075e400000, 0x000000075e400000, 0x000000075e600000|  0%| F|  |TAMS 0x000000075e400000| PB 0x000000075e400000| Untracked 
| 755|0x000000075e600000, 0x000000075e600000, 0x000000075e800000|  0%| F|  |TAMS 0x000000075e600000| PB 0x000000075e600000| Untracked 
| 756|0x000000075e800000, 0x000000075e800000, 0x000000075ea00000|  0%| F|  |TAMS 0x000000075e800000| PB 0x000000075e800000| Untracked 
| 757|0x000000075ea00000, 0x000000075ea00000, 0x000000075ec00000|  0%| F|  |TAMS 0x000000075ea00000| PB 0x000000075ea00000| Untracked 
| 758|0x000000075ec00000, 0x000000075ec00000, 0x000000075ee00000|  0%| F|  |TAMS 0x000000075ec00000| PB 0x000000075ec00000| Untracked 
| 759|0x000000075ee00000, 0x000000075ee00000, 0x000000075f000000|  0%| F|  |TAMS 0x000000075ee00000| PB 0x000000075ee00000| Untracked 
| 760|0x000000075f000000, 0x000000075f000000, 0x000000075f200000|  0%| F|  |TAMS 0x000000075f000000| PB 0x000000075f000000| Untracked 
| 761|0x000000075f200000, 0x000000075f200000, 0x000000075f400000|  0%| F|  |TAMS 0x000000075f200000| PB 0x000000075f200000| Untracked 
| 762|0x000000075f400000, 0x000000075f400000, 0x000000075f600000|  0%| F|  |TAMS 0x000000075f400000| PB 0x000000075f400000| Untracked 
| 763|0x000000075f600000, 0x000000075f600000, 0x000000075f800000|  0%| F|  |TAMS 0x000000075f600000| PB 0x000000075f600000| Untracked 
| 764|0x000000075f800000, 0x000000075f800000, 0x000000075fa00000|  0%| F|  |TAMS 0x000000075f800000| PB 0x000000075f800000| Untracked 
| 765|0x000000075fa00000, 0x000000075fa00000, 0x000000075fc00000|  0%| F|  |TAMS 0x000000075fa00000| PB 0x000000075fa00000| Untracked 
| 766|0x000000075fc00000, 0x000000075fc00000, 0x000000075fe00000|  0%| F|  |TAMS 0x000000075fc00000| PB 0x000000075fc00000| Untracked 
| 767|0x000000075fe00000, 0x000000075fe00000, 0x0000000760000000|  0%| F|  |TAMS 0x000000075fe00000| PB 0x000000075fe00000| Untracked 
| 768|0x0000000760000000, 0x0000000760000000, 0x0000000760200000|  0%| F|  |TAMS 0x0000000760000000| PB 0x0000000760000000| Untracked 
| 769|0x0000000760200000, 0x0000000760200000, 0x0000000760400000|  0%| F|  |TAMS 0x0000000760200000| PB 0x0000000760200000| Untracked 
| 770|0x0000000760400000, 0x0000000760400000, 0x0000000760600000|  0%| F|  |TAMS 0x0000000760400000| PB 0x0000000760400000| Untracked 
| 771|0x0000000760600000, 0x0000000760600000, 0x0000000760800000|  0%| F|  |TAMS 0x0000000760600000| PB 0x0000000760600000| Untracked 
| 772|0x0000000760800000, 0x0000000760800000, 0x0000000760a00000|  0%| F|  |TAMS 0x0000000760800000| PB 0x0000000760800000| Untracked 
| 773|0x0000000760a00000, 0x0000000760a00000, 0x0000000760c00000|  0%| F|  |TAMS 0x0000000760a00000| PB 0x0000000760a00000| Untracked 
| 774|0x0000000760c00000, 0x0000000760c00000, 0x0000000760e00000|  0%| F|  |TAMS 0x0000000760c00000| PB 0x0000000760c00000| Untracked 
| 775|0x0000000760e00000, 0x0000000760e00000, 0x0000000761000000|  0%| F|  |TAMS 0x0000000760e00000| PB 0x0000000760e00000| Untracked 
| 776|0x0000000761000000, 0x0000000761000000, 0x0000000761200000|  0%| F|  |TAMS 0x0000000761000000| PB 0x0000000761000000| Untracked 
| 777|0x0000000761200000, 0x0000000761200000, 0x0000000761400000|  0%| F|  |TAMS 0x0000000761200000| PB 0x0000000761200000| Untracked 
| 778|0x0000000761400000, 0x0000000761400000, 0x0000000761600000|  0%| F|  |TAMS 0x0000000761400000| PB 0x0000000761400000| Untracked 
| 779|0x0000000761600000, 0x0000000761600000, 0x0000000761800000|  0%| F|  |TAMS 0x0000000761600000| PB 0x0000000761600000| Untracked 
| 780|0x0000000761800000, 0x0000000761800000, 0x0000000761a00000|  0%| F|  |TAMS 0x0000000761800000| PB 0x0000000761800000| Untracked 
| 781|0x0000000761a00000, 0x0000000761a00000, 0x0000000761c00000|  0%| F|  |TAMS 0x0000000761a00000| PB 0x0000000761a00000| Untracked 
| 782|0x0000000761c00000, 0x0000000761c00000, 0x0000000761e00000|  0%| F|  |TAMS 0x0000000761c00000| PB 0x0000000761c00000| Untracked 
| 783|0x0000000761e00000, 0x0000000761e00000, 0x0000000762000000|  0%| F|  |TAMS 0x0000000761e00000| PB 0x0000000761e00000| Untracked 
| 784|0x0000000762000000, 0x0000000762000000, 0x0000000762200000|  0%| F|  |TAMS 0x0000000762000000| PB 0x0000000762000000| Untracked 
| 785|0x0000000762200000, 0x0000000762200000, 0x0000000762400000|  0%| F|  |TAMS 0x0000000762200000| PB 0x0000000762200000| Untracked 
| 786|0x0000000762400000, 0x0000000762400000, 0x0000000762600000|  0%| F|  |TAMS 0x0000000762400000| PB 0x0000000762400000| Untracked 
| 787|0x0000000762600000, 0x0000000762600000, 0x0000000762800000|  0%| F|  |TAMS 0x0000000762600000| PB 0x0000000762600000| Untracked 
| 788|0x0000000762800000, 0x0000000762800000, 0x0000000762a00000|  0%| F|  |TAMS 0x0000000762800000| PB 0x0000000762800000| Untracked 
| 789|0x0000000762a00000, 0x0000000762a00000, 0x0000000762c00000|  0%| F|  |TAMS 0x0000000762a00000| PB 0x0000000762a00000| Untracked 
| 790|0x0000000762c00000, 0x0000000762c00000, 0x0000000762e00000|  0%| F|  |TAMS 0x0000000762c00000| PB 0x0000000762c00000| Untracked 
| 791|0x0000000762e00000, 0x0000000762e00000, 0x0000000763000000|  0%| F|  |TAMS 0x0000000762e00000| PB 0x0000000762e00000| Untracked 
| 792|0x0000000763000000, 0x0000000763000000, 0x0000000763200000|  0%| F|  |TAMS 0x0000000763000000| PB 0x0000000763000000| Untracked 
| 793|0x0000000763200000, 0x0000000763200000, 0x0000000763400000|  0%| F|  |TAMS 0x0000000763200000| PB 0x0000000763200000| Untracked 
| 794|0x0000000763400000, 0x0000000763400000, 0x0000000763600000|  0%| F|  |TAMS 0x0000000763400000| PB 0x0000000763400000| Untracked 
| 795|0x0000000763600000, 0x0000000763600000, 0x0000000763800000|  0%| F|  |TAMS 0x0000000763600000| PB 0x0000000763600000| Untracked 
| 796|0x0000000763800000, 0x0000000763800000, 0x0000000763a00000|  0%| F|  |TAMS 0x0000000763800000| PB 0x0000000763800000| Untracked 
| 797|0x0000000763a00000, 0x0000000763a00000, 0x0000000763c00000|  0%| F|  |TAMS 0x0000000763a00000| PB 0x0000000763a00000| Untracked 
| 798|0x0000000763c00000, 0x0000000763c00000, 0x0000000763e00000|  0%| F|  |TAMS 0x0000000763c00000| PB 0x0000000763c00000| Untracked 
| 799|0x0000000763e00000, 0x0000000763e00000, 0x0000000764000000|  0%| F|  |TAMS 0x0000000763e00000| PB 0x0000000763e00000| Untracked 
| 800|0x0000000764000000, 0x0000000764000000, 0x0000000764200000|  0%| F|  |TAMS 0x0000000764000000| PB 0x0000000764000000| Untracked 
| 801|0x0000000764200000, 0x0000000764200000, 0x0000000764400000|  0%| F|  |TAMS 0x0000000764200000| PB 0x0000000764200000| Untracked 
| 802|0x0000000764400000, 0x0000000764600000, 0x0000000764600000|100%| S|CS|TAMS 0x0000000764400000| PB 0x0000000764400000| Complete 
| 803|0x0000000764600000, 0x0000000764800000, 0x0000000764800000|100%| S|CS|TAMS 0x0000000764600000| PB 0x0000000764600000| Complete 
| 804|0x0000000764800000, 0x0000000764a00000, 0x0000000764a00000|100%| S|CS|TAMS 0x0000000764800000| PB 0x0000000764800000| Complete 
| 805|0x0000000764a00000, 0x0000000764c00000, 0x0000000764c00000|100%| S|CS|TAMS 0x0000000764a00000| PB 0x0000000764a00000| Complete 
| 806|0x0000000764c00000, 0x0000000764e00000, 0x0000000764e00000|100%| S|CS|TAMS 0x0000000764c00000| PB 0x0000000764c00000| Complete 
| 807|0x0000000764e00000, 0x0000000765000000, 0x0000000765000000|100%| S|CS|TAMS 0x0000000764e00000| PB 0x0000000764e00000| Complete 
| 808|0x0000000765000000, 0x0000000765200000, 0x0000000765200000|100%| S|CS|TAMS 0x0000000765000000| PB 0x0000000765000000| Complete 
| 809|0x0000000765200000, 0x0000000765400000, 0x0000000765400000|100%| S|CS|TAMS 0x0000000765200000| PB 0x0000000765200000| Complete 
| 810|0x0000000765400000, 0x0000000765600000, 0x0000000765600000|100%| S|CS|TAMS 0x0000000765400000| PB 0x0000000765400000| Complete 
| 811|0x0000000765600000, 0x0000000765600000, 0x0000000765800000|  0%| F|  |TAMS 0x0000000765600000| PB 0x0000000765600000| Untracked 
| 812|0x0000000765800000, 0x0000000765800000, 0x0000000765a00000|  0%| F|  |TAMS 0x0000000765800000| PB 0x0000000765800000| Untracked 
| 813|0x0000000765a00000, 0x0000000765a00000, 0x0000000765c00000|  0%| F|  |TAMS 0x0000000765a00000| PB 0x0000000765a00000| Untracked 
| 814|0x0000000765c00000, 0x0000000765c00000, 0x0000000765e00000|  0%| F|  |TAMS 0x0000000765c00000| PB 0x0000000765c00000| Untracked 
| 815|0x0000000765e00000, 0x0000000765e00000, 0x0000000766000000|  0%| F|  |TAMS 0x0000000765e00000| PB 0x0000000765e00000| Untracked 
| 816|0x0000000766000000, 0x0000000766000000, 0x0000000766200000|  0%| F|  |TAMS 0x0000000766000000| PB 0x0000000766000000| Untracked 
| 817|0x0000000766200000, 0x0000000766200000, 0x0000000766400000|  0%| F|  |TAMS 0x0000000766200000| PB 0x0000000766200000| Untracked 
| 818|0x0000000766400000, 0x0000000766400000, 0x0000000766600000|  0%| F|  |TAMS 0x0000000766400000| PB 0x0000000766400000| Untracked 
| 819|0x0000000766600000, 0x0000000766600000, 0x0000000766800000|  0%| F|  |TAMS 0x0000000766600000| PB 0x0000000766600000| Untracked 
| 820|0x0000000766800000, 0x0000000766800000, 0x0000000766a00000|  0%| F|  |TAMS 0x0000000766800000| PB 0x0000000766800000| Untracked 
| 821|0x0000000766a00000, 0x0000000766a00000, 0x0000000766c00000|  0%| F|  |TAMS 0x0000000766a00000| PB 0x0000000766a00000| Untracked 
| 822|0x0000000766c00000, 0x0000000766c00000, 0x0000000766e00000|  0%| F|  |TAMS 0x0000000766c00000| PB 0x0000000766c00000| Untracked 
| 823|0x0000000766e00000, 0x0000000766e00000, 0x0000000767000000|  0%| F|  |TAMS 0x0000000766e00000| PB 0x0000000766e00000| Untracked 
| 824|0x0000000767000000, 0x0000000767000000, 0x0000000767200000|  0%| F|  |TAMS 0x0000000767000000| PB 0x0000000767000000| Untracked 
| 825|0x0000000767200000, 0x0000000767200000, 0x0000000767400000|  0%| F|  |TAMS 0x0000000767200000| PB 0x0000000767200000| Untracked 
| 826|0x0000000767400000, 0x0000000767400000, 0x0000000767600000|  0%| F|  |TAMS 0x0000000767400000| PB 0x0000000767400000| Untracked 
| 827|0x0000000767600000, 0x0000000767600000, 0x0000000767800000|  0%| F|  |TAMS 0x0000000767600000| PB 0x0000000767600000| Untracked 
| 828|0x0000000767800000, 0x0000000767800000, 0x0000000767a00000|  0%| F|  |TAMS 0x0000000767800000| PB 0x0000000767800000| Untracked 
| 829|0x0000000767a00000, 0x0000000767a00000, 0x0000000767c00000|  0%| F|  |TAMS 0x0000000767a00000| PB 0x0000000767a00000| Untracked 
| 830|0x0000000767c00000, 0x0000000767c00000, 0x0000000767e00000|  0%| F|  |TAMS 0x0000000767c00000| PB 0x0000000767c00000| Untracked 
| 831|0x0000000767e00000, 0x0000000767e00000, 0x0000000768000000|  0%| F|  |TAMS 0x0000000767e00000| PB 0x0000000767e00000| Untracked 
| 832|0x0000000768000000, 0x0000000768000000, 0x0000000768200000|  0%| F|  |TAMS 0x0000000768000000| PB 0x0000000768000000| Untracked 
| 833|0x0000000768200000, 0x0000000768200000, 0x0000000768400000|  0%| F|  |TAMS 0x0000000768200000| PB 0x0000000768200000| Untracked 
| 834|0x0000000768400000, 0x0000000768400000, 0x0000000768600000|  0%| F|  |TAMS 0x0000000768400000| PB 0x0000000768400000| Untracked 
| 835|0x0000000768600000, 0x0000000768600000, 0x0000000768800000|  0%| F|  |TAMS 0x0000000768600000| PB 0x0000000768600000| Untracked 
| 836|0x0000000768800000, 0x0000000768800000, 0x0000000768a00000|  0%| F|  |TAMS 0x0000000768800000| PB 0x0000000768800000| Untracked 
| 837|0x0000000768a00000, 0x0000000768a00000, 0x0000000768c00000|  0%| F|  |TAMS 0x0000000768a00000| PB 0x0000000768a00000| Untracked 
| 838|0x0000000768c00000, 0x0000000768c00000, 0x0000000768e00000|  0%| F|  |TAMS 0x0000000768c00000| PB 0x0000000768c00000| Untracked 
| 839|0x0000000768e00000, 0x0000000768e00000, 0x0000000769000000|  0%| F|  |TAMS 0x0000000768e00000| PB 0x0000000768e00000| Untracked 
| 840|0x0000000769000000, 0x0000000769000000, 0x0000000769200000|  0%| F|  |TAMS 0x0000000769000000| PB 0x0000000769000000| Untracked 
| 841|0x0000000769200000, 0x0000000769200000, 0x0000000769400000|  0%| F|  |TAMS 0x0000000769200000| PB 0x0000000769200000| Untracked 
| 842|0x0000000769400000, 0x0000000769400000, 0x0000000769600000|  0%| F|  |TAMS 0x0000000769400000| PB 0x0000000769400000| Untracked 
| 843|0x0000000769600000, 0x0000000769600000, 0x0000000769800000|  0%| F|  |TAMS 0x0000000769600000| PB 0x0000000769600000| Untracked 
| 844|0x0000000769800000, 0x0000000769800000, 0x0000000769a00000|  0%| F|  |TAMS 0x0000000769800000| PB 0x0000000769800000| Untracked 
| 845|0x0000000769a00000, 0x0000000769a00000, 0x0000000769c00000|  0%| F|  |TAMS 0x0000000769a00000| PB 0x0000000769a00000| Untracked 
| 846|0x0000000769c00000, 0x0000000769c00000, 0x0000000769e00000|  0%| F|  |TAMS 0x0000000769c00000| PB 0x0000000769c00000| Untracked 
| 847|0x0000000769e00000, 0x0000000769e00000, 0x000000076a000000|  0%| F|  |TAMS 0x0000000769e00000| PB 0x0000000769e00000| Untracked 
| 848|0x000000076a000000, 0x000000076a000000, 0x000000076a200000|  0%| F|  |TAMS 0x000000076a000000| PB 0x000000076a000000| Untracked 
| 849|0x000000076a200000, 0x000000076a200000, 0x000000076a400000|  0%| F|  |TAMS 0x000000076a200000| PB 0x000000076a200000| Untracked 
| 850|0x000000076a400000, 0x000000076a400000, 0x000000076a600000|  0%| F|  |TAMS 0x000000076a400000| PB 0x000000076a400000| Untracked 
| 851|0x000000076a600000, 0x000000076a600000, 0x000000076a800000|  0%| F|  |TAMS 0x000000076a600000| PB 0x000000076a600000| Untracked 
| 852|0x000000076a800000, 0x000000076a800000, 0x000000076aa00000|  0%| F|  |TAMS 0x000000076a800000| PB 0x000000076a800000| Untracked 
| 853|0x000000076aa00000, 0x000000076aa00000, 0x000000076ac00000|  0%| F|  |TAMS 0x000000076aa00000| PB 0x000000076aa00000| Untracked 
| 854|0x000000076ac00000, 0x000000076ac00000, 0x000000076ae00000|  0%| F|  |TAMS 0x000000076ac00000| PB 0x000000076ac00000| Untracked 
| 855|0x000000076ae00000, 0x000000076ae00000, 0x000000076b000000|  0%| F|  |TAMS 0x000000076ae00000| PB 0x000000076ae00000| Untracked 
| 856|0x000000076b000000, 0x000000076b000000, 0x000000076b200000|  0%| F|  |TAMS 0x000000076b000000| PB 0x000000076b000000| Untracked 
| 857|0x000000076b200000, 0x000000076b200000, 0x000000076b400000|  0%| F|  |TAMS 0x000000076b200000| PB 0x000000076b200000| Untracked 
| 858|0x000000076b400000, 0x000000076b400000, 0x000000076b600000|  0%| F|  |TAMS 0x000000076b400000| PB 0x000000076b400000| Untracked 
| 859|0x000000076b600000, 0x000000076b600000, 0x000000076b800000|  0%| F|  |TAMS 0x000000076b600000| PB 0x000000076b600000| Untracked 
| 860|0x000000076b800000, 0x000000076b800000, 0x000000076ba00000|  0%| F|  |TAMS 0x000000076b800000| PB 0x000000076b800000| Untracked 
| 861|0x000000076ba00000, 0x000000076ba00000, 0x000000076bc00000|  0%| F|  |TAMS 0x000000076ba00000| PB 0x000000076ba00000| Untracked 
| 862|0x000000076bc00000, 0x000000076bc00000, 0x000000076be00000|  0%| F|  |TAMS 0x000000076bc00000| PB 0x000000076bc00000| Untracked 
| 863|0x000000076be00000, 0x000000076be00000, 0x000000076c000000|  0%| F|  |TAMS 0x000000076be00000| PB 0x000000076be00000| Untracked 
| 864|0x000000076c000000, 0x000000076c000000, 0x000000076c200000|  0%| F|  |TAMS 0x000000076c000000| PB 0x000000076c000000| Untracked 
| 865|0x000000076c200000, 0x000000076c200000, 0x000000076c400000|  0%| F|  |TAMS 0x000000076c200000| PB 0x000000076c200000| Untracked 
| 866|0x000000076c400000, 0x000000076c400000, 0x000000076c600000|  0%| F|  |TAMS 0x000000076c400000| PB 0x000000076c400000| Untracked 
| 867|0x000000076c600000, 0x000000076c600000, 0x000000076c800000|  0%| F|  |TAMS 0x000000076c600000| PB 0x000000076c600000| Untracked 
| 868|0x000000076c800000, 0x000000076c800000, 0x000000076ca00000|  0%| F|  |TAMS 0x000000076c800000| PB 0x000000076c800000| Untracked 
| 869|0x000000076ca00000, 0x000000076ca00000, 0x000000076cc00000|  0%| F|  |TAMS 0x000000076ca00000| PB 0x000000076ca00000| Untracked 
| 870|0x000000076cc00000, 0x000000076cc00000, 0x000000076ce00000|  0%| F|  |TAMS 0x000000076cc00000| PB 0x000000076cc00000| Untracked 
| 871|0x000000076ce00000, 0x000000076ce00000, 0x000000076d000000|  0%| F|  |TAMS 0x000000076ce00000| PB 0x000000076ce00000| Untracked 
| 872|0x000000076d000000, 0x000000076d000000, 0x000000076d200000|  0%| F|  |TAMS 0x000000076d000000| PB 0x000000076d000000| Untracked 
| 873|0x000000076d200000, 0x000000076d200000, 0x000000076d400000|  0%| F|  |TAMS 0x000000076d200000| PB 0x000000076d200000| Untracked 
| 874|0x000000076d400000, 0x000000076d400000, 0x000000076d600000|  0%| F|  |TAMS 0x000000076d400000| PB 0x000000076d400000| Untracked 
| 875|0x000000076d600000, 0x000000076d600000, 0x000000076d800000|  0%| F|  |TAMS 0x000000076d600000| PB 0x000000076d600000| Untracked 
| 876|0x000000076d800000, 0x000000076d800000, 0x000000076da00000|  0%| F|  |TAMS 0x000000076d800000| PB 0x000000076d800000| Untracked 
| 877|0x000000076da00000, 0x000000076da00000, 0x000000076dc00000|  0%| F|  |TAMS 0x000000076da00000| PB 0x000000076da00000| Untracked 
| 878|0x000000076dc00000, 0x000000076dc00000, 0x000000076de00000|  0%| F|  |TAMS 0x000000076dc00000| PB 0x000000076dc00000| Untracked 
| 879|0x000000076de00000, 0x000000076de00000, 0x000000076e000000|  0%| F|  |TAMS 0x000000076de00000| PB 0x000000076de00000| Untracked 
| 880|0x000000076e000000, 0x000000076e000000, 0x000000076e200000|  0%| F|  |TAMS 0x000000076e000000| PB 0x000000076e000000| Untracked 
| 881|0x000000076e200000, 0x000000076e200000, 0x000000076e400000|  0%| F|  |TAMS 0x000000076e200000| PB 0x000000076e200000| Untracked 
| 882|0x000000076e400000, 0x000000076e400000, 0x000000076e600000|  0%| F|  |TAMS 0x000000076e400000| PB 0x000000076e400000| Untracked 
| 883|0x000000076e600000, 0x000000076e600000, 0x000000076e800000|  0%| F|  |TAMS 0x000000076e600000| PB 0x000000076e600000| Untracked 
| 884|0x000000076e800000, 0x000000076e800000, 0x000000076ea00000|  0%| F|  |TAMS 0x000000076e800000| PB 0x000000076e800000| Untracked 
| 885|0x000000076ea00000, 0x000000076ea00000, 0x000000076ec00000|  0%| F|  |TAMS 0x000000076ea00000| PB 0x000000076ea00000| Untracked 
| 886|0x000000076ec00000, 0x000000076ec00000, 0x000000076ee00000|  0%| F|  |TAMS 0x000000076ec00000| PB 0x000000076ec00000| Untracked 
| 887|0x000000076ee00000, 0x000000076ee00000, 0x000000076f000000|  0%| F|  |TAMS 0x000000076ee00000| PB 0x000000076ee00000| Untracked 
| 888|0x000000076f000000, 0x000000076f000000, 0x000000076f200000|  0%| F|  |TAMS 0x000000076f000000| PB 0x000000076f000000| Untracked 
| 889|0x000000076f200000, 0x000000076f200000, 0x000000076f400000|  0%| F|  |TAMS 0x000000076f200000| PB 0x000000076f200000| Untracked 
| 890|0x000000076f400000, 0x000000076f400000, 0x000000076f600000|  0%| F|  |TAMS 0x000000076f400000| PB 0x000000076f400000| Untracked 
| 891|0x000000076f600000, 0x000000076f600000, 0x000000076f800000|  0%| F|  |TAMS 0x000000076f600000| PB 0x000000076f600000| Untracked 
| 892|0x000000076f800000, 0x000000076f800000, 0x000000076fa00000|  0%| F|  |TAMS 0x000000076f800000| PB 0x000000076f800000| Untracked 
| 893|0x000000076fa00000, 0x000000076fa00000, 0x000000076fc00000|  0%| F|  |TAMS 0x000000076fa00000| PB 0x000000076fa00000| Untracked 
| 894|0x000000076fc00000, 0x000000076fc00000, 0x000000076fe00000|  0%| F|  |TAMS 0x000000076fc00000| PB 0x000000076fc00000| Untracked 
| 895|0x000000076fe00000, 0x000000076fe00000, 0x0000000770000000|  0%| F|  |TAMS 0x000000076fe00000| PB 0x000000076fe00000| Untracked 
| 896|0x0000000770000000, 0x0000000770000000, 0x0000000770200000|  0%| F|  |TAMS 0x0000000770000000| PB 0x0000000770000000| Untracked 
| 897|0x0000000770200000, 0x0000000770200000, 0x0000000770400000|  0%| F|  |TAMS 0x0000000770200000| PB 0x0000000770200000| Untracked 
| 898|0x0000000770400000, 0x0000000770400000, 0x0000000770600000|  0%| F|  |TAMS 0x0000000770400000| PB 0x0000000770400000| Untracked 
| 899|0x0000000770600000, 0x0000000770600000, 0x0000000770800000|  0%| F|  |TAMS 0x0000000770600000| PB 0x0000000770600000| Untracked 
| 900|0x0000000770800000, 0x0000000770800000, 0x0000000770a00000|  0%| F|  |TAMS 0x0000000770800000| PB 0x0000000770800000| Untracked 
| 901|0x0000000770a00000, 0x0000000770b33470, 0x0000000770c00000| 60%| E|  |TAMS 0x0000000770a00000| PB 0x0000000770a00000| Complete 
| 902|0x0000000770c00000, 0x0000000770e00000, 0x0000000770e00000|100%| E|CS|TAMS 0x0000000770c00000| PB 0x0000000770c00000| Complete 
| 903|0x0000000770e00000, 0x0000000771000000, 0x0000000771000000|100%| E|CS|TAMS 0x0000000770e00000| PB 0x0000000770e00000| Complete 
|2030|0x00000007fdc00000, 0x00000007fde00000, 0x00000007fde00000|100%| E|CS|TAMS 0x00000007fdc00000| PB 0x00000007fdc00000| Complete 
|2031|0x00000007fde00000, 0x00000007fe000000, 0x00000007fe000000|100%| E|  |TAMS 0x00000007fde00000| PB 0x00000007fde00000| Complete 
|2032|0x00000007fe000000, 0x00000007fe200000, 0x00000007fe200000|100%| E|CS|TAMS 0x00000007fe000000| PB 0x00000007fe000000| Complete 
|2033|0x00000007fe200000, 0x00000007fe400000, 0x00000007fe400000|100%| E|CS|TAMS 0x00000007fe200000| PB 0x00000007fe200000| Complete 
|2034|0x00000007fe400000, 0x00000007fe600000, 0x00000007fe600000|100%| E|CS|TAMS 0x00000007fe400000| PB 0x00000007fe400000| Complete 
|2035|0x00000007fe600000, 0x00000007fe800000, 0x00000007fe800000|100%| E|CS|TAMS 0x00000007fe600000| PB 0x00000007fe600000| Complete 
|2036|0x00000007fe800000, 0x00000007fea00000, 0x00000007fea00000|100%| E|CS|TAMS 0x00000007fe800000| PB 0x00000007fe800000| Complete 
|2037|0x00000007fea00000, 0x00000007fec00000, 0x00000007fec00000|100%| O|  |TAMS 0x00000007fea00000| PB 0x00000007fea00000| Untracked 
|2038|0x00000007fec00000, 0x00000007fee00000, 0x00000007fee00000|100%| O|  |TAMS 0x00000007fec00000| PB 0x00000007fec00000| Untracked 
|2039|0x00000007fee00000, 0x00000007ff000000, 0x00000007ff000000|100%| O|  |TAMS 0x00000007fee00000| PB 0x00000007fee00000| Untracked 
|2040|0x00000007ff000000, 0x00000007ff200000, 0x00000007ff200000|100%| O|  |TAMS 0x00000007ff000000| PB 0x00000007ff000000| Untracked 
|2041|0x00000007ff200000, 0x00000007ff400000, 0x00000007ff400000|100%| O|  |TAMS 0x00000007ff200000| PB 0x00000007ff200000| Untracked 
|2042|0x00000007ff400000, 0x00000007ff600000, 0x00000007ff600000|100%| O|  |TAMS 0x00000007ff400000| PB 0x00000007ff400000| Untracked 
|2043|0x00000007ff600000, 0x00000007ff800000, 0x00000007ff800000|100%| O|  |TAMS 0x00000007ff600000| PB 0x00000007ff600000| Untracked 
|2044|0x00000007ff800000, 0x00000007ffa00000, 0x00000007ffa00000|100%| O|  |TAMS 0x00000007ff800000| PB 0x00000007ff800000| Untracked 
|2045|0x00000007ffa00000, 0x00000007ffc00000, 0x00000007ffc00000|100%| O|  |TAMS 0x00000007ffa00000| PB 0x00000007ffa00000| Untracked 
|2046|0x00000007ffc00000, 0x00000007ffe00000, 0x00000007ffe00000|100%| O|  |TAMS 0x00000007ffc00000| PB 0x00000007ffc00000| Untracked 
|2047|0x00000007ffe00000, 0x0000000800000000, 0x0000000800000000|100%| E|CS|TAMS 0x00000007ffe00000| PB 0x00000007ffe00000| Complete 

Card table byte_map: [0x00000226ac910000,0x00000226ad110000] _byte_map_base: 0x00000226a9110000

Marking Bits: (CMBitMap*) 0x00000226941fc200
 Bits: [0x00000226ad110000, 0x00000226b1110000)

Polling page: 0x0000022691d10000

Metaspace:

Usage:
  Non-class:    240.49 MB used.
      Class:     39.14 MB used.
       Both:    279.63 MB used.

Virtual space:
  Non-class space:      256.00 MB reserved,     242.38 MB ( 95%) committed,  4 nodes.
      Class space:        1.00 GB reserved,      40.94 MB (  4%) committed,  1 nodes.
             Both:        1.25 GB reserved,     283.31 MB ( 22%) committed. 

Chunk freelists:
   Non-Class:  13.64 MB
       Class:  7.01 MB
        Both:  20.65 MB

MaxMetaspaceSize: unlimited
CompressedClassSpaceSize: 1.00 GB
Initial GC threshold: 21.00 MB
Current GC threshold: 472.19 MB
CDS: on
 - commit_granule_bytes: 65536.
 - commit_granule_words: 8192.
 - virtual_space_node_default_size: 8388608.
 - enlarge_chunks_in_place: 1.
 - use_allocation_guard: 0.


Internal statistics:

num_allocs_failed_limit: 6.
num_arena_births: 6242.
num_arena_deaths: 84.
num_vsnodes_births: 5.
num_vsnodes_deaths: 0.
num_space_committed: 4532.
num_space_uncommitted: 0.
num_chunks_returned_to_freelist: 132.
num_chunks_taken_from_freelist: 18842.
num_chunk_merges: 45.
num_chunk_splits: 13232.
num_chunks_enlarged: 9479.
num_inconsistent_stats: 0.

CodeHeap 'non-profiled nmethods': size=119168Kb used=24584Kb max_used=26742Kb free=94584Kb
 bounds [0x00000226a4430000, 0x00000226a5e50000, 0x00000226ab890000]
CodeHeap 'profiled nmethods': size=119104Kb used=36572Kb max_used=46708Kb free=82531Kb
 bounds [0x000002269c890000, 0x000002269f640000, 0x00000226a3ce0000]
CodeHeap 'non-nmethods': size=7488Kb used=4674Kb max_used=4828Kb free=2813Kb
 bounds [0x00000226a3ce0000, 0x00000226a41b0000, 0x00000226a4430000]
CodeCache: size=245760Kb, used=65830Kb, max_used=78278Kb, free=179928Kb
 total_blobs=20834, nmethods=19782, adapters=951, full_count=0
Compilation: enabled, stopped_count=0, restarted_count=0

Compilation events (20 events):
Event: 201.526 Thread 0x00000226b41de900 37260       4       com.android.tools.r8.internal.qP::<init> (5 bytes)
Event: 201.526 Thread 0x00000226b41de900 nmethod 37260 0x00000226a5adbf10 code [0x00000226a5adc0a0, 0x00000226a5adc128]
Event: 201.528 Thread 0x00000226b4261f20 nmethod 37258 0x000002269f282a10 code [0x000002269f284080, 0x000002269f298030]
Event: 201.528 Thread 0x00000226b4261f20 37259       3       java.util.concurrent.Executors$RunnableAdapter::call (14 bytes)
Event: 201.528 Thread 0x00000226b4261f20 nmethod 37259 0x000002269d444c10 code [0x000002269d444dc0, 0x000002269d444fb0]
Event: 201.542 Thread 0x00000226b4261f20 37261 %     1       com.android.tools.r8.internal.vd::a @ 3112 (6886 bytes)
Event: 201.561 Thread 0x00000226b4261f20 nmethod 37261% 0x00000226a5b7b210 code [0x00000226a5b7bf20, 0x00000226a5b85b00]
Event: 201.572 Thread 0x00000226b4261f20 37262 %     1       com.android.tools.r8.internal.vd::a @ 2762 (6886 bytes)
Event: 201.593 Thread 0x00000226b4261f20 nmethod 37262% 0x00000226a5a3fb10 code [0x00000226a5a40820, 0x00000226a5a4a938]
Event: 201.596 Thread 0x00000226b4261f20 37264       3       com.android.tools.r8.graph.D0::a (109 bytes)
Event: 201.597 Thread 0x00000226b4261f20 nmethod 37264 0x000002269d3fa590 code [0x000002269d3fa820, 0x000002269d3fb3e0]
Event: 201.597 Thread 0x00000226b4261f20 37263       3       com.android.tools.r8.graph.p4::a (43 bytes)
Event: 201.598 Thread 0x00000226b4261f20 nmethod 37263 0x000002269d0ca910 code [0x000002269d0cab40, 0x000002269d0cb460]
Event: 201.598 Thread 0x00000226b4261f20 37265       3       com.android.tools.r8.graph.d4::a (36 bytes)
Event: 201.599 Thread 0x00000226b4261f20 nmethod 37265 0x000002269c8aec10 code [0x000002269c8aee80, 0x000002269c8af900]
Event: 201.599 Thread 0x00000226b4261f20 37267 %     1       com.android.tools.r8.internal.vd::a @ 1884 (6886 bytes)
Event: 201.877 Thread 0x00000226b4261f20 nmethod 37267% 0x00000226a58b7a90 code [0x00000226a58b8780, 0x00000226a58c2360]
Event: 201.877 Thread 0x00000226b4261f20 37266       3       com.android.tools.r8.graph.D0::<init> (120 bytes)
Event: 201.877 Thread 0x00000226b4261f20 nmethod 37266 0x000002269c929710 code [0x000002269c9298e0, 0x000002269c929d78]
Event: 201.882 Thread 0x00000226b41de900 37268       4       com.android.tools.r8.internal.vd::a (6886 bytes)

GC Heap History (20 events):
Event: 186.817 GC heap before
{Heap before GC invocations=123 (full 0):
 garbage-first heap   total 1163264K, used 1063499K [0x0000000700000000, 0x0000000800000000)
  region size 2048K, 144 young (294912K), 11 survivors (22528K)
 Metaspace       used 278217K, committed 281856K, reserved 1310720K
  class space    used 38936K, committed 40704K, reserved 1048576K
}
Event: 186.822 GC heap after
{Heap after GC invocations=124 (full 0):
 garbage-first heap   total 1163264K, used 791752K [0x0000000700000000, 0x0000000800000000)
  region size 2048K, 5 young (10240K), 5 survivors (10240K)
 Metaspace       used 278217K, committed 281856K, reserved 1310720K
  class space    used 38936K, committed 40704K, reserved 1048576K
}
Event: 188.152 GC heap before
{Heap before GC invocations=125 (full 0):
 garbage-first heap   total 1310720K, used 1090760K [0x0000000700000000, 0x0000000800000000)
  region size 2048K, 144 young (294912K), 5 survivors (10240K)
 Metaspace       used 280833K, committed 284544K, reserved 1310720K
  class space    used 39239K, committed 41024K, reserved 1048576K
}
Event: 188.179 GC heap after
{Heap after GC invocations=126 (full 0):
 garbage-first heap   total 1310720K, used 815856K [0x0000000700000000, 0x0000000800000000)
  region size 2048K, 16 young (32768K), 16 survivors (32768K)
 Metaspace       used 280833K, committed 284544K, reserved 1310720K
  class space    used 39239K, committed 41024K, reserved 1048576K
}
Event: 190.395 GC heap before
{Heap before GC invocations=126 (full 0):
 garbage-first heap   total 1310720K, used 1188592K [0x0000000700000000, 0x0000000800000000)
  region size 2048K, 198 young (405504K), 16 survivors (32768K)
 Metaspace       used 282413K, committed 286080K, reserved 1310720K
  class space    used 39456K, committed 41216K, reserved 1048576K
}
Event: 190.434 GC heap after
{Heap after GC invocations=127 (full 0):
 garbage-first heap   total 1310720K, used 834745K [0x0000000700000000, 0x0000000800000000)
  region size 2048K, 25 young (51200K), 25 survivors (51200K)
 Metaspace       used 282413K, committed 286080K, reserved 1310720K
  class space    used 39456K, committed 41216K, reserved 1048576K
}
Event: 191.978 GC heap before
{Heap before GC invocations=127 (full 0):
 garbage-first heap   total 1310720K, used 1191097K [0x0000000700000000, 0x0000000800000000)
  region size 2048K, 199 young (407552K), 25 survivors (51200K)
 Metaspace       used 282477K, committed 286208K, reserved 1310720K
  class space    used 39465K, committed 41280K, reserved 1048576K
}
Event: 192.015 GC heap after
{Heap after GC invocations=128 (full 0):
 garbage-first heap   total 1310720K, used 884240K [0x0000000700000000, 0x0000000800000000)
  region size 2048K, 24 young (49152K), 24 survivors (49152K)
 Metaspace       used 282477K, committed 286208K, reserved 1310720K
  class space    used 39465K, committed 41280K, reserved 1048576K
}
Event: 193.478 GC heap before
{Heap before GC invocations=129 (full 0):
 garbage-first heap   total 1474560K, used 1191440K [0x0000000700000000, 0x0000000800000000)
  region size 2048K, 172 young (352256K), 24 survivors (49152K)
 Metaspace       used 282483K, committed 286208K, reserved 1310720K
  class space    used 39467K, committed 41280K, reserved 1048576K
}
Event: 193.507 GC heap after
{Heap after GC invocations=130 (full 0):
 garbage-first heap   total 1474560K, used 933888K [0x0000000700000000, 0x0000000800000000)
  region size 2048K, 22 young (45056K), 22 survivors (45056K)
 Metaspace       used 282483K, committed 286208K, reserved 1310720K
  class space    used 39467K, committed 41280K, reserved 1048576K
}
Event: 196.387 GC heap before
{Heap before GC invocations=130 (full 0):
 garbage-first heap   total 1474560K, used 1331200K [0x0000000700000000, 0x0000000800000000)
  region size 2048K, 216 young (442368K), 22 survivors (45056K)
 Metaspace       used 286046K, committed 289792K, reserved 1310720K
  class space    used 40069K, committed 41856K, reserved 1048576K
}
Event: 196.424 GC heap after
{Heap after GC invocations=131 (full 0):
 garbage-first heap   total 1474560K, used 976136K [0x0000000700000000, 0x0000000800000000)
  region size 2048K, 25 young (51200K), 25 survivors (51200K)
 Metaspace       used 286046K, committed 289792K, reserved 1310720K
  class space    used 40069K, committed 41856K, reserved 1048576K
}
Event: 197.106 GC heap before
{Heap before GC invocations=131 (full 0):
 garbage-first heap   total 1474560K, used 1182984K [0x0000000700000000, 0x0000000800000000)
  region size 2048K, 127 young (260096K), 25 survivors (51200K)
 Metaspace       used 286048K, committed 289792K, reserved 1310720K
  class space    used 40069K, committed 41856K, reserved 1048576K
}
Event: 197.133 GC heap after
{Heap after GC invocations=132 (full 0):
 garbage-first heap   total 1474560K, used 1005568K [0x0000000700000000, 0x0000000800000000)
  region size 2048K, 14 young (28672K), 14 survivors (28672K)
 Metaspace       used 286048K, committed 289792K, reserved 1310720K
  class space    used 40069K, committed 41856K, reserved 1048576K
}
Event: 198.774 GC heap before
{Heap before GC invocations=133 (full 0):
 garbage-first heap   total 1679360K, used 1368064K [0x0000000700000000, 0x0000000800000000)
  region size 2048K, 185 young (378880K), 14 survivors (28672K)
 Metaspace       used 286203K, committed 289984K, reserved 1310720K
  class space    used 40090K, committed 41920K, reserved 1048576K
}
Event: 198.806 GC heap after
{Heap after GC invocations=134 (full 0):
 garbage-first heap   total 1679360K, used 1066134K [0x0000000700000000, 0x0000000800000000)
  region size 2048K, 24 young (49152K), 24 survivors (49152K)
 Metaspace       used 286203K, committed 289984K, reserved 1310720K
  class space    used 40090K, committed 41920K, reserved 1048576K
}
Event: 200.130 GC heap before
{Heap before GC invocations=134 (full 0):
 garbage-first heap   total 1679360K, used 1524886K [0x0000000700000000, 0x0000000800000000)
  region size 2048K, 248 young (507904K), 24 survivors (49152K)
 Metaspace       used 286320K, committed 290048K, reserved 1310720K
  class space    used 40093K, committed 41920K, reserved 1048576K
}
Event: 200.156 GC heap after
{Heap after GC invocations=135 (full 0):
 garbage-first heap   total 1679360K, used 1089098K [0x0000000700000000, 0x0000000800000000)
  region size 2048K, 23 young (47104K), 23 survivors (47104K)
 Metaspace       used 286320K, committed 290048K, reserved 1310720K
  class space    used 40093K, committed 41920K, reserved 1048576K
}
Event: 201.102 GC heap before
{Heap before GC invocations=135 (full 0):
 garbage-first heap   total 1679360K, used 1535562K [0x0000000700000000, 0x0000000800000000)
  region size 2048K, 241 young (493568K), 23 survivors (47104K)
 Metaspace       used 286377K, committed 290112K, reserved 1310720K
  class space    used 40094K, committed 41920K, reserved 1048576K
}
Event: 201.131 GC heap after
{Heap after GC invocations=136 (full 0):
 garbage-first heap   total 1679360K, used 1134592K [0x0000000700000000, 0x0000000800000000)
  region size 2048K, 27 young (55296K), 27 survivors (55296K)
 Metaspace       used 286377K, committed 290112K, reserved 1310720K
  class space    used 40094K, committed 41920K, reserved 1048576K
}

Dll operation events (15 events):
Event: 0.013 Loaded shared library C:\Program Files\Android\openjdk\jdk-21.0.8\bin\java.dll
Event: 0.054 Loaded shared library C:\Program Files\Android\openjdk\jdk-21.0.8\bin\jsvml.dll
Event: 0.113 Loaded shared library C:\Program Files\Android\openjdk\jdk-21.0.8\bin\zip.dll
Event: 0.119 Loaded shared library C:\Program Files\Android\openjdk\jdk-21.0.8\bin\instrument.dll
Event: 0.128 Loaded shared library C:\Program Files\Android\openjdk\jdk-21.0.8\bin\net.dll
Event: 0.135 Loaded shared library C:\Program Files\Android\openjdk\jdk-21.0.8\bin\nio.dll
Event: 0.138 Loaded shared library C:\Program Files\Android\openjdk\jdk-21.0.8\bin\zip.dll
Event: 0.478 Loaded shared library C:\Program Files\Android\openjdk\jdk-21.0.8\bin\jimage.dll
Event: 0.721 Loaded shared library C:\Program Files\Android\openjdk\jdk-21.0.8\bin\verify.dll
Event: 0.930 Loaded shared library C:\Users\LearnersYT\.gradle\native\c067742578af261105cb4f569cf0c3c89f3d7b1fecec35dd04571415982c5e48\windows-amd64\native-platform.dll
Event: 0.940 Loaded shared library C:\Users\LearnersYT\.gradle\native\100fb08df4bc3b14c8652ba06237920a3bd2aa13389f12d3474272988ae205f9\windows-amd64\native-platform-file-events.dll
Event: 2.466 Loaded shared library C:\Program Files\Android\openjdk\jdk-21.0.8\bin\management.dll
Event: 2.470 Loaded shared library C:\Program Files\Android\openjdk\jdk-21.0.8\bin\management_ext.dll
Event: 2.713 Loaded shared library C:\Program Files\Android\openjdk\jdk-21.0.8\bin\extnet.dll
Event: 2.896 Loaded shared library C:\Program Files\Android\openjdk\jdk-21.0.8\bin\sunmscapi.dll

Deoptimization events (20 events):
Event: 202.117 Thread 0x000002268b7fb5c0 DEOPT PACKING pc=0x000002269f29777f sp=0x000000b771ffd200
Event: 202.117 Thread 0x000002268b7fb5c0 DEOPT UNPACKING pc=0x00000226a3d34e42 sp=0x000000b771ffc920 mode 0
Event: 202.147 Thread 0x000002268b7fb5c0 DEOPT PACKING pc=0x000002269f2954e5 sp=0x000000b771ffd200
Event: 202.147 Thread 0x000002268b7fb5c0 DEOPT UNPACKING pc=0x00000226a3d34e42 sp=0x000000b771ffc928 mode 0
Event: 202.154 Thread 0x000002268b7fb5c0 DEOPT PACKING pc=0x000002269f29777f sp=0x000000b771ffd200
Event: 202.154 Thread 0x000002268b7fb5c0 DEOPT UNPACKING pc=0x00000226a3d34e42 sp=0x000000b771ffc920 mode 0
Event: 202.190 Thread 0x000002268b7fb5c0 DEOPT PACKING pc=0x000002269f29777f sp=0x000000b771ffd200
Event: 202.190 Thread 0x000002268b7fb5c0 DEOPT UNPACKING pc=0x00000226a3d34e42 sp=0x000000b771ffc920 mode 0
Event: 202.237 Thread 0x000002268b7fb5c0 DEOPT PACKING pc=0x000002269f2954e5 sp=0x000000b771ffd200
Event: 202.237 Thread 0x000002268b7fb5c0 DEOPT UNPACKING pc=0x00000226a3d34e42 sp=0x000000b771ffc928 mode 0
Event: 202.253 Thread 0x000002268b7fb5c0 DEOPT PACKING pc=0x000002269f2954c4 sp=0x000000b771ffd200
Event: 202.253 Thread 0x000002268b7fb5c0 DEOPT UNPACKING pc=0x00000226a3d34e42 sp=0x000000b771ffc928 mode 0
Event: 202.269 Thread 0x000002268b7fb5c0 DEOPT PACKING pc=0x000002269f2954e5 sp=0x000000b771ffd200
Event: 202.269 Thread 0x000002268b7fb5c0 DEOPT UNPACKING pc=0x00000226a3d34e42 sp=0x000000b771ffc928 mode 0
Event: 202.279 Thread 0x000002268b7fb5c0 DEOPT PACKING pc=0x000002269f2954a3 sp=0x000000b771ffd200
Event: 202.279 Thread 0x000002268b7fb5c0 DEOPT UNPACKING pc=0x00000226a3d34e42 sp=0x000000b771ffc928 mode 0
Event: 202.373 Thread 0x000002268b7fb5c0 DEOPT PACKING pc=0x000002269f29777f sp=0x000000b771ffd200
Event: 202.373 Thread 0x000002268b7fb5c0 DEOPT UNPACKING pc=0x00000226a3d34e42 sp=0x000000b771ffc920 mode 0
Event: 202.421 Thread 0x000002268b7fb5c0 DEOPT PACKING pc=0x000002269f29777f sp=0x000000b771ffd200
Event: 202.421 Thread 0x000002268b7fb5c0 DEOPT UNPACKING pc=0x00000226a3d34e42 sp=0x000000b771ffc920 mode 0

Classes loaded (20 events):
Event: 180.106 Loading class java/util/zip/ZipOutputStream
Event: 180.106 Loading class java/util/zip/ZipOutputStream done
Event: 180.165 Loading class java/nio/file/FileTreeIterator
Event: 180.165 Loading class java/nio/file/FileTreeIterator done
Event: 181.526 Loading class java/io/UTFDataFormatException
Event: 181.526 Loading class java/io/UTFDataFormatException done
Event: 181.910 Loading class java/util/concurrent/ForkJoinTask$AdaptedCallable
Event: 181.910 Loading class java/util/concurrent/ForkJoinTask$AdaptedCallable done
Event: 183.034 Loading class java/util/concurrent/ConcurrentHashMap$TreeNode
Event: 183.034 Loading class java/util/concurrent/ConcurrentHashMap$TreeNode done
Event: 183.035 Loading class java/util/concurrent/ConcurrentHashMap$TreeBin
Event: 183.035 Loading class java/util/concurrent/ConcurrentHashMap$TreeBin done
Event: 184.709 Loading class java/util/IdentityHashMap$EntrySet
Event: 184.710 Loading class java/util/IdentityHashMap$EntrySet done
Event: 187.448 Loading class java/util/concurrent/ConcurrentLinkedDeque
Event: 187.448 Loading class java/util/concurrent/ConcurrentLinkedDeque done
Event: 187.448 Loading class java/util/concurrent/ConcurrentLinkedDeque$Node
Event: 187.448 Loading class java/util/concurrent/ConcurrentLinkedDeque$Node done
Event: 187.702 Loading class java/util/IdentityHashMap$ValueIterator
Event: 187.702 Loading class java/util/IdentityHashMap$ValueIterator done

Classes unloaded (20 events):
Event: 201.612 Thread 0x00000226b41aa920 Unloading class 0x00000226b88dbc00 'java/lang/invoke/LambdaForm$MH+0x00000226b88dbc00'
Event: 201.612 Thread 0x00000226b41aa920 Unloading class 0x00000226b88db800 'java/lang/invoke/LambdaForm$MH+0x00000226b88db800'
Event: 201.612 Thread 0x00000226b41aa920 Unloading class 0x00000226b88db000 'java/lang/invoke/LambdaForm$DMH+0x00000226b88db000'
Event: 201.612 Thread 0x00000226b41aa920 Unloading class 0x00000226b88dac00 'java/lang/invoke/LambdaForm$DMH+0x00000226b88dac00'
Event: 201.612 Thread 0x00000226b41aa920 Unloading class 0x00000226b88da800 'java/lang/invoke/LambdaForm$DMH+0x00000226b88da800'
Event: 201.612 Thread 0x00000226b41aa920 Unloading class 0x00000226b88da000 'java/lang/invoke/LambdaForm$DMH+0x00000226b88da000'
Event: 201.612 Thread 0x00000226b41aa920 Unloading class 0x00000226b88da400 'java/lang/invoke/LambdaForm$DMH+0x00000226b88da400'
Event: 201.612 Thread 0x00000226b41aa920 Unloading class 0x00000226b88d9c00 'java/lang/invoke/LambdaForm$DMH+0x00000226b88d9c00'
Event: 201.612 Thread 0x00000226b41aa920 Unloading class 0x00000226b88d9800 'java/lang/invoke/LambdaForm$DMH+0x00000226b88d9800'
Event: 201.612 Thread 0x00000226b41aa920 Unloading class 0x00000226b88d9000 'java/lang/invoke/LambdaForm$DMH+0x00000226b88d9000'
Event: 201.612 Thread 0x00000226b41aa920 Unloading class 0x00000226b88d8c00 'java/lang/invoke/LambdaForm$DMH+0x00000226b88d8c00'
Event: 201.612 Thread 0x00000226b41aa920 Unloading class 0x00000226b88d8800 'java/lang/invoke/LambdaForm$DMH+0x00000226b88d8800'
Event: 201.612 Thread 0x00000226b41aa920 Unloading class 0x00000226b88d8400 'java/lang/invoke/LambdaForm$DMH+0x00000226b88d8400'
Event: 201.612 Thread 0x00000226b41aa920 Unloading class 0x00000226b88d8000 'java/lang/invoke/LambdaForm$DMH+0x00000226b88d8000'
Event: 201.612 Thread 0x00000226b41aa920 Unloading class 0x00000226b88d5800 'java/lang/invoke/LambdaForm$DMH+0x00000226b88d5800'
Event: 201.612 Thread 0x00000226b41aa920 Unloading class 0x00000226b88d5c00 'java/lang/invoke/LambdaForm$DMH+0x00000226b88d5c00'
Event: 201.612 Thread 0x00000226b41aa920 Unloading class 0x00000226b88d4c00 'java/lang/invoke/LambdaForm$DMH+0x00000226b88d4c00'
Event: 201.612 Thread 0x00000226b41aa920 Unloading class 0x00000226b88d5000 'java/lang/invoke/LambdaForm$DMH+0x00000226b88d5000'
Event: 201.612 Thread 0x00000226b41aa920 Unloading class 0x00000226b88d4800 'java/lang/invoke/LambdaForm$DMH+0x00000226b88d4800'
Event: 201.612 Thread 0x00000226b41aa920 Unloading class 0x00000226b88d4000 'java/lang/invoke/LambdaForm$DMH+0x00000226b88d4000'

Classes redefined (0 events):
No events

Internal exceptions (20 events):
Event: 195.264 Thread 0x0000022686be6670 Exception <a 'java/lang/IncompatibleClassChangeError'{0x0000000749f2fdb8}: Found class java.lang.Object, but interface was expected> (0x0000000749f2fdb8) 
thrown [s\src\hotspot\share\interpreter\linkResolver.cpp, line 840]
Event: 195.264 Thread 0x0000022705fd3530 Exception <a 'java/lang/IncompatibleClassChangeError'{0x000000074a1cdab0}: Found class java.lang.Object, but interface was expected> (0x000000074a1cdab0) 
thrown [s\src\hotspot\share\interpreter\linkResolver.cpp, line 840]
Event: 195.264 Thread 0x000002268a0b8e10 Exception <a 'java/lang/IncompatibleClassChangeError'{0x000000074a144d68}: Found class java.lang.Object, but interface was expected> (0x000000074a144d68) 
thrown [s\src\hotspot\share\interpreter\linkResolver.cpp, line 840]
Event: 195.264 Thread 0x000002268b205350 Exception <a 'java/lang/IncompatibleClassChangeError'{0x000000074a03aee0}: Found class java.lang.Object, but interface was expected> (0x000000074a03aee0) 
thrown [s\src\hotspot\share\interpreter\linkResolver.cpp, line 840]
Event: 195.277 Thread 0x000002268a0b8e10 Exception <a 'java/lang/NoSuchMethodError'{0x000000074a14fb00}: 'void java.lang.invoke.DirectMethodHandle$Holder.invokeSpecialIFC(java.lang.Object, java.lang.Object, java.lang.Object, java.lang.Object)'> (0x000000074a14fb00) 
thrown [s\src\hotspot\share\interpreter\linkResolver.cpp, line 773]
Event: 195.277 Thread 0x000002268a8b2510 Exception <a 'java/lang/NoSuchMethodError'{0x0000000749e36d08}: 'void java.lang.invoke.DirectMethodHandle$Holder.invokeSpecialIFC(java.lang.Object, java.lang.Object, java.lang.Object, java.lang.Object)'> (0x0000000749e36d08) 
thrown [s\src\hotspot\share\interpreter\linkResolver.cpp, line 773]
Event: 195.281 Thread 0x000002268a8b2510 Exception <a 'java/lang/NoSuchMethodError'{0x0000000749e3fff8}: 'java.lang.Object java.lang.invoke.DirectMethodHandle$Holder.invokeStatic(java.lang.Object, int, java.lang.Object, java.lang.Object, java.lang.Object, java.lang.Object)'> (0x0000000749e3fff8) 
thrown [s\src\hotspot\share\interpreter\linkResolver.cpp, line 773]
Event: 195.284 Thread 0x000002268a0b8e10 Exception <a 'java/lang/NoSuchMethodError'{0x000000074a15df38}: 'java.lang.Object java.lang.invoke.DirectMethodHandle$Holder.newInvokeSpecial(java.lang.Object, int, java.lang.Object, java.lang.Object, java.lang.Object)'> (0x000000074a15df38) 
thrown [s\src\hotspot\share\interpreter\linkResolver.cpp, line 773]
Event: 195.284 Thread 0x000002268a8b2510 Exception <a 'java/lang/NoSuchMethodError'{0x0000000749e47390}: 'java.lang.Object java.lang.invoke.DirectMethodHandle$Holder.newInvokeSpecial(java.lang.Object, int, java.lang.Object, java.lang.Object, java.lang.Object)'> (0x0000000749e47390) 
thrown [s\src\hotspot\share\interpreter\linkResolver.cpp, line 773]
Event: 195.285 Thread 0x000002268a0b8e10 Exception <a 'java/lang/NoSuchMethodError'{0x000000074a161eb0}: 'java.lang.Object java.lang.invoke.DirectMethodHandle$Holder.invokeSpecial(java.lang.Object, java.lang.Object, int, java.lang.Object, java.lang.Object, java.lang.Object)'> (0x000000074a161eb0) 
thrown [s\src\hotspot\share\interpreter\linkResolver.cpp, line 773]
Event: 195.285 Thread 0x000002268a8b2510 Exception <a 'java/lang/NoSuchMethodError'{0x0000000749e4ad70}: 'java.lang.Object java.lang.invoke.DirectMethodHandle$Holder.invokeSpecial(java.lang.Object, java.lang.Object, int, java.lang.Object, java.lang.Object, java.lang.Object)'> (0x0000000749e4ad70) 
thrown [s\src\hotspot\share\interpreter\linkResolver.cpp, line 773]
Event: 195.286 Thread 0x000002268a8b2510 Exception <a 'java/lang/NoSuchMethodError'{0x0000000749e4e208}: 'java.lang.Object java.lang.invoke.Invokers$Holder.linkToTargetMethod(int, java.lang.Object, java.lang.Object, java.lang.Object, java.lang.Object)'> (0x0000000749e4e208) 
thrown [s\src\hotspot\share\interpreter\linkResolver.cpp, line 773]
Event: 195.301 Thread 0x0000022688a93120 Exception <a 'java/lang/IncompatibleClassChangeError'{0x0000000749c5b648}: Found class java.lang.Object, but interface was expected> (0x0000000749c5b648) 
thrown [s\src\hotspot\share\interpreter\linkResolver.cpp, line 840]
Event: 196.158 Thread 0x000002268b7fb5c0 Implicit null exception at 0x00000226a5cddeb4 to 0x00000226a5ce3724
Event: 196.159 Thread 0x000002268b7fb5c0 Implicit null exception at 0x00000226a589ac4a to 0x00000226a589f0f0
Event: 196.163 Thread 0x000002268b7fb5c0 Implicit null exception at 0x00000226a58b513d to 0x00000226a58b87d0
Event: 196.164 Thread 0x000002268b7fb5c0 Implicit null exception at 0x00000226a57dfb27 to 0x00000226a57e2ae4
Event: 196.877 Thread 0x000002268b7fb5c0 Implicit null exception at 0x00000226a5d8e3b4 to 0x00000226a5d8ec84
Event: 198.818 Thread 0x000002268b7fb5c0 Implicit null exception at 0x00000226a5d84d40 to 0x00000226a5d8586c
Event: 200.277 Thread 0x000002268b7fb5c0 Implicit null exception at 0x00000226a5bcec88 to 0x00000226a5bcf074

ZGC Phase Switch (0 events):
No events

VM Operations (20 events):
Event: 196.387 Executing VM operation: G1CollectForAllocation (G1 Evacuation Pause)
Event: 196.424 Executing VM operation: G1CollectForAllocation (G1 Evacuation Pause) done
Event: 197.106 Executing VM operation: G1TryInitiateConcMark (G1 Humongous Allocation)
Event: 197.133 Executing VM operation: G1TryInitiateConcMark (G1 Humongous Allocation) done
Event: 197.722 Executing VM operation: G1PauseRemark
Event: 197.750 Executing VM operation: G1PauseRemark done
Event: 198.220 Executing VM operation: G1PauseCleanup
Event: 198.221 Executing VM operation: G1PauseCleanup done
Event: 198.774 Executing VM operation: G1CollectForAllocation (G1 Evacuation Pause)
Event: 198.806 Executing VM operation: G1CollectForAllocation (G1 Evacuation Pause) done
Event: 199.763 Executing VM operation: ICBufferFull
Event: 199.763 Executing VM operation: ICBufferFull done
Event: 200.130 Executing VM operation: G1CollectForAllocation (G1 Evacuation Pause)
Event: 200.156 Executing VM operation: G1CollectForAllocation (G1 Evacuation Pause) done
Event: 201.102 Executing VM operation: G1CollectForAllocation (G1 Evacuation Pause)
Event: 201.131 Executing VM operation: G1CollectForAllocation (G1 Evacuation Pause) done
Event: 201.611 Executing VM operation: G1PauseRemark
Event: 201.876 Executing VM operation: G1PauseRemark done
Event: 202.393 Executing VM operation: G1PauseCleanup
Event: 202.393 Executing VM operation: G1PauseCleanup done

Memory protections (0 events):
No events

Nmethod flushes (20 events):
Event: 201.658 Thread 0x00000226b41aa920 flushing  nmethod 0x000002269ee84410
Event: 201.658 Thread 0x00000226b41aa920 flushing  nmethod 0x000002269f105e90
Event: 201.658 Thread 0x00000226b41aa920 flushing  nmethod 0x000002269f486310
Event: 201.658 Thread 0x00000226b41aa920 flushing  nmethod 0x000002269f486810
Event: 201.658 Thread 0x00000226b41aa920 flushing  nmethod 0x000002269f48b790
Event: 201.658 Thread 0x00000226b41aa920 flushing  nmethod 0x000002269f490810
Event: 201.658 Thread 0x00000226b41aa920 flushing  nmethod 0x000002269f491410
Event: 201.658 Thread 0x00000226b41aa920 flushing  nmethod 0x000002269f493890
Event: 201.658 Thread 0x00000226b41aa920 flushing  nmethod 0x000002269f494e10
Event: 201.658 Thread 0x00000226b41aa920 flushing  nmethod 0x000002269f495f10
Event: 201.658 Thread 0x00000226b41aa920 flushing osr nmethod 0x000002269f5dc790
Event: 201.658 Thread 0x00000226b41aa920 flushing osr nmethod 0x000002269f5dff10
Event: 201.658 Thread 0x00000226b41aa920 flushing osr nmethod 0x000002269f5e2c90
Event: 201.658 Thread 0x00000226b41aa920 flushing  nmethod 0x000002269f5fa690
Event: 201.658 Thread 0x00000226b41aa920 flushing  nmethod 0x000002269f5fea90
Event: 201.658 Thread 0x00000226b41aa920 flushing  nmethod 0x000002269f5fef90
Event: 201.658 Thread 0x00000226b41aa920 flushing  nmethod 0x000002269f600910
Event: 201.658 Thread 0x00000226b41aa920 flushing  nmethod 0x000002269f606d90
Event: 201.658 Thread 0x00000226b41aa920 flushing  nmethod 0x000002269f607210
Event: 201.658 Thread 0x00000226b41aa920 flushing  nmethod 0x000002269f607590

Events (20 events):
Event: 199.094 Thread 0x000002270640b750 Thread added: 0x000002270640a9b0
Event: 199.094 Thread 0x000002270640b750 Thread added: 0x000002270640d290
Event: 199.094 Thread 0x000002270640b750 Thread added: 0x000002270640f4a0
Event: 199.095 Thread 0x000002270640b750 Thread added: 0x000002270640fb70
Event: 199.504 Thread 0x000002270640fb70 Thread exited: 0x000002270640fb70
Event: 199.546 Thread 0x000002270640f4a0 Thread exited: 0x000002270640f4a0
Event: 199.672 Thread 0x000002270640d290 Thread exited: 0x000002270640d290
Event: 199.815 Thread 0x0000022686984730 Thread added: 0x000002270640d290
Event: 200.098 Thread 0x000002270640d290 Thread exited: 0x000002270640d290
Event: 200.339 Thread 0x000002270640a9b0 Thread exited: 0x000002270640a9b0
Event: 200.339 Thread 0x0000022686984e00 Thread exited: 0x0000022686984e00
Event: 200.341 Thread 0x000002270640d960 Thread exited: 0x000002270640d960
Event: 200.341 Thread 0x00000226869832c0 Thread exited: 0x00000226869832c0
Event: 200.342 Thread 0x0000022686984730 Thread exited: 0x0000022686984730
Event: 200.400 Thread 0x000002270640be20 Thread added: 0x000002270640c4f0
Event: 200.400 Thread 0x000002270640b750 Thread added: 0x000002270640d290
Event: 201.250 Thread 0x000002270640d290 Thread exited: 0x000002270640d290
Event: 201.490 Thread 0x000002270640be20 Thread exited: 0x000002270640be20
Event: 201.490 Thread 0x000002270640c4f0 Thread exited: 0x000002270640c4f0
Event: 201.507 Thread 0x000002270640b750 Thread exited: 0x000002270640b750


Dynamic libraries:
0x00007ff75f410000 - 0x00007ff75f41e000 	C:\Program Files\Android\openjdk\jdk-21.0.8\bin\java.exe
0x00007ffeb6be0000 - 0x00007ffeb6e47000 	C:\WINDOWS\SYSTEM32\ntdll.dll
0x00007ffeb4d30000 - 0x00007ffeb4dfb000 	C:\WINDOWS\System32\KERNEL32.DLL
0x00007ffeb4300000 - 0x00007ffeb4702000 	C:\WINDOWS\System32\KERNELBASE.dll
0x00007ffeb3e30000 - 0x00007ffeb3f7c000 	C:\WINDOWS\System32\ucrtbase.dll
0x00007ffea0890000 - 0x00007ffea08ae000 	C:\Program Files\Android\openjdk\jdk-21.0.8\bin\VCRUNTIME140.dll
0x00007ffea0870000 - 0x00007ffea0888000 	C:\Program Files\Android\openjdk\jdk-21.0.8\bin\jli.dll
0x00007ffeb6050000 - 0x00007ffeb621f000 	C:\WINDOWS\System32\USER32.dll
0x00007ffe81740000 - 0x00007ffe819d0000 	C:\WINDOWS\WinSxS\amd64_microsoft.windows.common-controls_6595b64144ccf1df_6.0.26100.9278_none_3e0d1ba8e3303201\COMCTL32.dll
0x00007ffeb4030000 - 0x00007ffeb4057000 	C:\WINDOWS\System32\win32u.dll
0x00007ffeb6340000 - 0x00007ffeb63e9000 	C:\WINDOWS\System32\msvcrt.dll
0x00007ffeb6010000 - 0x00007ffeb603b000 	C:\WINDOWS\System32\GDI32.dll
0x00007ffeb41d0000 - 0x00007ffeb42f9000 	C:\WINDOWS\System32\gdi32full.dll
0x00007ffeb3f80000 - 0x00007ffeb4023000 	C:\WINDOWS\System32\msvcp_win.dll
0x00007ffeb5cd0000 - 0x00007ffeb5d01000 	C:\WINDOWS\System32\IMM32.DLL
0x00007ffeabee0000 - 0x00007ffeabeec000 	C:\Program Files\Android\openjdk\jdk-21.0.8\bin\vcruntime140_1.dll
0x00007ffe7d7d0000 - 0x00007ffe7d859000 	C:\Program Files\Android\openjdk\jdk-21.0.8\bin\msvcp140.dll
0x00007ffe26f10000 - 0x00007ffe27cbc000 	C:\Program Files\Android\openjdk\jdk-21.0.8\bin\server\jvm.dll
0x00007ffeb5660000 - 0x00007ffeb571c000 	C:\WINDOWS\System32\ADVAPI32.dll
0x00007ffeb4930000 - 0x00007ffeb49d9000 	C:\WINDOWS\System32\sechost.dll
0x00007ffeb49e0000 - 0x00007ffeb4af8000 	C:\WINDOWS\System32\RPCRT4.dll
0x00007ffeb5e80000 - 0x00007ffeb5f00000 	C:\WINDOWS\System32\WS2_32.dll
0x00007ffeb3c90000 - 0x00007ffeb3cee000 	C:\WINDOWS\SYSTEM32\POWRPROF.dll
0x00007ffea67a0000 - 0x00007ffea67d6000 	C:\WINDOWS\SYSTEM32\WINMM.dll
0x00007ffe9f700000 - 0x00007ffe9f70b000 	C:\WINDOWS\SYSTEM32\VERSION.dll
0x00007ffeb3c70000 - 0x00007ffeb3c85000 	C:\WINDOWS\SYSTEM32\UMPDC.dll
0x00007ffeb2b20000 - 0x00007ffeb2b3b000 	C:\WINDOWS\SYSTEM32\kernel.appcore.dll
0x00007ffea0830000 - 0x00007ffea083a000 	C:\Program Files\Android\openjdk\jdk-21.0.8\bin\jimage.dll
0x00007ffeb1410000 - 0x00007ffeb165c000 	C:\WINDOWS\SYSTEM32\DBGHELP.DLL
0x00007ffeb4fe0000 - 0x00007ffeb5365000 	C:\WINDOWS\System32\combase.dll
0x00007ffeb5370000 - 0x00007ffeb5449000 	C:\WINDOWS\System32\OLEAUT32.dll
0x00007ffe9acd0000 - 0x00007ffe9ad0b000 	C:\WINDOWS\SYSTEM32\dbgcore.DLL
0x00007ffeb4060000 - 0x00007ffeb410c000 	C:\WINDOWS\System32\bcryptPrimitives.dll
0x00007ffe7d3a0000 - 0x00007ffe7d3b0000 	C:\Program Files\Android\openjdk\jdk-21.0.8\bin\instrument.dll
0x00007ffe9dff0000 - 0x00007ffe9e011000 	C:\Program Files\Android\openjdk\jdk-21.0.8\bin\java.dll
0x00007ffeb6400000 - 0x00007ffeb6b98000 	C:\WINDOWS\System32\SHELL32.dll
0x00007ffeb18f0000 - 0x00007ffeb219e000 	C:\WINDOWS\SYSTEM32\windows.storage.dll
0x00007ffeb5f10000 - 0x00007ffeb600b000 	C:\WINDOWS\System32\SHCORE.dll
0x00007ffeb4f70000 - 0x00007ffeb4fd6000 	C:\WINDOWS\System32\shlwapi.dll
0x00007ffeb3d50000 - 0x00007ffeb3d79000 	C:\WINDOWS\SYSTEM32\profapi.dll
0x00007ffe7d6f0000 - 0x00007ffe7d7c6000 	C:\Program Files\Android\openjdk\jdk-21.0.8\bin\jsvml.dll
0x00007ffe9dfd0000 - 0x00007ffe9dfe8000 	C:\Program Files\Android\openjdk\jdk-21.0.8\bin\zip.dll
0x00007ffe93a00000 - 0x00007ffe93a11000 	C:\Program Files\Android\openjdk\jdk-21.0.8\bin\net.dll
0x00007ffea59e0000 - 0x00007ffea5b0a000 	C:\WINDOWS\SYSTEM32\WINHTTP.dll
0x00007ffeb3090000 - 0x00007ffeb30fc000 	C:\WINDOWS\system32\mswsock.dll
0x00007ffe8ab00000 - 0x00007ffe8ab16000 	C:\Program Files\Android\openjdk\jdk-21.0.8\bin\nio.dll
0x00007ffea0680000 - 0x00007ffea0690000 	C:\Program Files\Android\openjdk\jdk-21.0.8\bin\verify.dll
0x00007ffe7b350000 - 0x00007ffe7b377000 	C:\Users\LearnersYT\.gradle\native\c067742578af261105cb4f569cf0c3c89f3d7b1fecec35dd04571415982c5e48\windows-amd64\native-platform.dll
0x00007ffe6af10000 - 0x00007ffe6b054000 	C:\Users\LearnersYT\.gradle\native\100fb08df4bc3b14c8652ba06237920a3bd2aa13389f12d3474272988ae205f9\windows-amd64\native-platform-file-events.dll
0x00007ffe9dfc0000 - 0x00007ffe9dfca000 	C:\Program Files\Android\openjdk\jdk-21.0.8\bin\management.dll
0x00007ffe8d140000 - 0x00007ffe8d14c000 	C:\Program Files\Android\openjdk\jdk-21.0.8\bin\management_ext.dll
0x00007ffeb6040000 - 0x00007ffeb6048000 	C:\WINDOWS\System32\PSAPI.DLL
0x00007ffeb3480000 - 0x00007ffeb349b000 	C:\WINDOWS\SYSTEM32\CRYPTSP.dll
0x00007ffeb2a80000 - 0x00007ffeb2ab9000 	C:\WINDOWS\system32\rsaenh.dll
0x00007ffeb3130000 - 0x00007ffeb3164000 	C:\WINDOWS\SYSTEM32\USERENV.dll
0x00007ffeb3d20000 - 0x00007ffeb3d4a000 	C:\WINDOWS\SYSTEM32\bcrypt.dll
0x00007ffeb32e0000 - 0x00007ffeb32ec000 	C:\WINDOWS\SYSTEM32\CRYPTBASE.dll
0x00007ffeb24e0000 - 0x00007ffeb2513000 	C:\WINDOWS\SYSTEM32\IPHLPAPI.DLL
0x00007ffeb5d10000 - 0x00007ffeb5d1a000 	C:\WINDOWS\System32\NSI.dll
0x00007ffe8b010000 - 0x00007ffe8b019000 	C:\Program Files\Android\openjdk\jdk-21.0.8\bin\extnet.dll
0x00007ffe7d040000 - 0x00007ffe7d04e000 	C:\Program Files\Android\openjdk\jdk-21.0.8\bin\sunmscapi.dll
0x00007ffeb47a0000 - 0x00007ffeb491e000 	C:\WINDOWS\System32\CRYPT32.dll
0x00007ffeb35f0000 - 0x00007ffeb3620000 	C:\WINDOWS\SYSTEM32\ncrypt.dll
0x00007ffeb35a0000 - 0x00007ffeb35df000 	C:\WINDOWS\SYSTEM32\NTASN1.dll
0x00007ffe997c0000 - 0x00007ffe997c8000 	C:\WINDOWS\system32\wshunix.dll
0x00007ffea0b60000 - 0x00007ffea0b78000 	C:\WINDOWS\system32\napinsp.dll
0x00007ffeb2570000 - 0x00007ffeb26c8000 	C:\WINDOWS\SYSTEM32\DNSAPI.dll
0x00007ffeb2ed0000 - 0x00007ffeb2edd000 	C:\WINDOWS\SYSTEM32\DSPARSE.dll
0x00007ffea0610000 - 0x00007ffea0623000 	C:\WINDOWS\System32\winrnr.dll
0x00007ffea05e0000 - 0x00007ffea0607000 	C:\WINDOWS\system32\nlansp_c.dll
0x00007ffe9b070000 - 0x00007ffe9b086000 	C:\WINDOWS\system32\wshbth.dll
0x00007ffea8180000 - 0x00007ffea818b000 	C:\Windows\System32\rasadhlp.dll
0x00007ffea9640000 - 0x00007ffea96c6000 	C:\WINDOWS\System32\fwpuclnt.dll

JVMTI agents:
C:\Users\LearnersYT\.gradle\wrapper\dists\gradle-8.9-bin\90cnw93cvbtalezasaz0blq0a\gradle-8.9\lib\agents\gradle-instrumentation-agent-8.9.jar path:C:\Program Files\Android\openjdk\jdk-21.0.8\bin\instrument.dll, loaded, initialized, instrumentlib options:none

dbghelp: loaded successfully - version: 4.0.5 - missing functions: none
symbol engine: initialized successfully - sym options: 0x614 - pdb path: .;C:\Program Files\Android\openjdk\jdk-21.0.8\bin;C:\WINDOWS\SYSTEM32;C:\WINDOWS\WinSxS\amd64_microsoft.windows.common-controls_6595b64144ccf1df_6.0.26100.9278_none_3e0d1ba8e3303201;C:\Program Files\Android\openjdk\jdk-21.0.8\bin\server;C:\Users\LearnersYT\.gradle\native\c067742578af261105cb4f569cf0c3c89f3d7b1fecec35dd04571415982c5e48\windows-amd64;C:\Users\LearnersYT\.gradle\native\100fb08df4bc3b14c8652ba06237920a3bd2aa13389f12d3474272988ae205f9\windows-amd64

VM Arguments:
jvm_args: --add-exports=jdk.compiler/com.sun.tools.javac.api=ALL-UNNAMED --add-exports=jdk.compiler/com.sun.tools.javac.util=ALL-UNNAMED --add-opens=java.base/java.util=ALL-UNNAMED --add-opens=java.base/java.lang=ALL-UNNAMED --add-opens=java.base/java.lang.invoke=ALL-UNNAMED --add-opens=java.prefs/java.util.prefs=ALL-UNNAMED --add-exports=jdk.compiler/com.sun.tools.javac.api=ALL-UNNAMED --add-exports=jdk.compiler/com.sun.tools.javac.util=ALL-UNNAMED --add-opens=java.base/java.nio.charset=ALL-UNNAMED --add-opens=java.base/java.net=ALL-UNNAMED --add-opens=java.base/java.util.concurrent.atomic=ALL-UNNAMED -Xmx4096m -Dfile.encoding=UTF-8 -Duser.country=IN -Duser.language=en -Duser.variant -javaagent:C:\Users\LearnersYT\.gradle\wrapper\dists\gradle-8.9-bin\90cnw93cvbtalezasaz0blq0a\gradle-8.9\lib\agents\gradle-instrumentation-agent-8.9.jar 
java_command: org.gradle.launcher.daemon.bootstrap.GradleDaemon 8.9
java_class_path (initial): C:\Users\LearnersYT\.gradle\wrapper\dists\gradle-8.9-bin\90cnw93cvbtalezasaz0blq0a\gradle-8.9\lib\gradle-daemon-main-8.9.jar
Launcher Type: SUN_STANDARD

[Global flags]
     intx CICompilerCount                          = 12                                        {product} {ergonomic}
     uint ConcGCThreads                            = 3                                         {product} {ergonomic}
     uint G1ConcRefinementThreads                  = 13                                        {product} {ergonomic}
   size_t G1HeapRegionSize                         = 2097152                                   {product} {ergonomic}
    uintx GCDrainStackTargetSize                   = 64                                        {product} {ergonomic}
   size_t InitialHeapSize                          = 532676608                                 {product} {ergonomic}
   size_t MarkStackSize                            = 4194304                                   {product} {ergonomic}
   size_t MaxHeapSize                              = 4294967296                                {product} {command line}
   size_t MaxNewSize                               = 2575302656                                {product} {ergonomic}
   size_t MinHeapDeltaBytes                        = 2097152                                   {product} {ergonomic}
   size_t MinHeapSize                              = 8388608                                   {product} {ergonomic}
    uintx NonNMethodCodeHeapSize                   = 7602480                                {pd product} {ergonomic}
    uintx NonProfiledCodeHeapSize                  = 122027880                              {pd product} {ergonomic}
    uintx ProfiledCodeHeapSize                     = 122027880                              {pd product} {ergonomic}
    uintx ReservedCodeCacheSize                    = 251658240                              {pd product} {ergonomic}
     bool SegmentedCodeCache                       = true                                      {product} {ergonomic}
   size_t SoftMaxHeapSize                          = 4294967296                             {manageable} {ergonomic}
     bool UseCompressedOops                        = true                           {product lp64_product} {ergonomic}
     bool UseG1GC                                  = true                                      {product} {ergonomic}
     bool UseLargePagesIndividualAllocation        = false                                  {pd product} {ergonomic}

Logging:
Log output configuration:
 #0: stdout all=warning uptime,level,tags foldmultilines=false
 #1: stderr all=off uptime,level,tags foldmultilines=false

Environment Variables:
CLASSPATH=c:\Users\LearnersYT\.antigravity-ide\extensions\vscjava.vscode-gradle-3.18.0-universal\lib\gradle-server.jar
PATH=C:\WINDOWS\system32;C:\WINDOWS;C:\WINDOWS\System32\Wbem;C:\WINDOWS\System32\WindowsPowerShell\v1.0\;C:\Program Files\Common Files\Oracle\Java\javapath;C:\Program Files (x86)\Common Files\Oracle\Java\java8path;C:\Program Files (x86)\Common Files\Oracle\Java\javapath;C:\WINDOWS\System32\OpenSSH\;C:\Program Files\Microsoft SQL Server\Client SDK\ODBC\170\Tools\Binn\;C:\Program Files\Microsoft SQL Server\150\Tools\Binn\;C:\Program Files\dotnet\;C:\Users\LearnersYT\AppData\Local\Microsoft\WindowsApps;C:\Users\LearnersYT\AppData\Local\Programs\Fiddler;C:\Users\LearnersYT\ADB;C:\Program Files\Microsoft SQL Server\170\Tools\Binn\;C:\ProgramData\chocolatey\bin;C:\Program Files\nodejs\;C:\Program Files\Git\cmd;C:\Program Files\PostgreSQL\18\bin;C:\Program Files\nodejs;C:\Program Files\WinGet\Links;C:\WINDOWS\System32\OpenSSH\;C:\Users\LearnersYT\AppData\Local\qwen-code\bin;C:\Program Files\platform-tools;C:\Users\LearnersYT\AppData\Local\Microsoft\WindowsApps;C:\PHP;C:\Users\LearnersYT\.dotnet\tools;C:\Users\LearnersYT\AppData\Local\Programs\Microsoft VS Code\bin;C:\Users\LearnersYT\AppData\Local\Programs\Antigravity\bin;C:\Users\LearnersYT\AppData\Local\Programs\Ollama;C:\Users\LearnersYT\AppData\Local\Programs\Fiddler;C:\Users\LearnersYT\AppData\Roaming\npm;C:\Users\LearnersYT\AppData\Local\Programs\Antigravity IDE\bin;%USERPROFILE%\AppData\Local\Microsoft\WindowsApps;
USERNAME=urPathshala
OS=Windows_NT
PROCESSOR_IDENTIFIER=Intel64 Family 6 Model 154 Stepping 3, GenuineIntel
TMP=C:\Users\LEARNE~1\AppData\Local\Temp
TEMP=C:\Users\LEARNE~1\AppData\Local\Temp




Periodic native trim disabled

---------------  S Y S T E M  ---------------

OS:
 Windows 11 , 64 bit Build 26100 (10.0.26100.9444)
OS uptime: 0 days 11:41 hours
Hyper-V role detected

CPU: total 16 (initial active 16) (8 cores per cpu, 2 threads per core) family 6 model 154 stepping 3 microcode 0x435, cx8, cmov, fxsr, ht, mmx, 3dnowpref, sse, sse2, sse3, ssse3, sse4.1, sse4.2, popcnt, lzcnt, tsc, tscinvbit, avx, avx2, aes, erms, clmul, bmi1, bmi2, adx, sha, fma, vzeroupper, clflush, clflushopt, clwb, hv, serialize, rdtscp, rdpid, fsrm, f16c, cet_ibt, cet_ss
Processor Information for processor 0
  Max Mhz: 1700, Current Mhz: 1700, Mhz Limit: 1700
Processor Information for processor 1
  Max Mhz: 1700, Current Mhz: 1700, Mhz Limit: 1700
Processor Information for processor 2
  Max Mhz: 1700, Current Mhz: 1700, Mhz Limit: 1700
Processor Information for processor 3
  Max Mhz: 1700, Current Mhz: 1700, Mhz Limit: 1700
Processor Information for processor 4
  Max Mhz: 1700, Current Mhz: 1700, Mhz Limit: 1700
Processor Information for processor 5
  Max Mhz: 1700, Current Mhz: 1700, Mhz Limit: 1700
Processor Information for processor 6
  Max Mhz: 1700, Current Mhz: 1700, Mhz Limit: 1700
Processor Information for processor 7
  Max Mhz: 1700, Current Mhz: 1700, Mhz Limit: 1700
Processor Information for processor 8
  Max Mhz: 1700, Current Mhz: 1200, Mhz Limit: 1190
Processor Information for processor 9
  Max Mhz: 1700, Current Mhz: 1200, Mhz Limit: 1190
Processor Information for processor 10
  Max Mhz: 1700, Current Mhz: 1200, Mhz Limit: 1190
Processor Information for processor 11
  Max Mhz: 1700, Current Mhz: 1200, Mhz Limit: 1190
Processor Information for processor 12
  Max Mhz: 1700, Current Mhz: 1200, Mhz Limit: 1190
Processor Information for processor 13
  Max Mhz: 1700, Current Mhz: 1200, Mhz Limit: 1190
Processor Information for processor 14
  Max Mhz: 1700, Current Mhz: 1200, Mhz Limit: 1190
Processor Information for processor 15
  Max Mhz: 1700, Current Mhz: 1200, Mhz Limit: 1190

Memory: 4k page, system-wide physical 32439M (5486M free)
TotalPageFile size 32439M (AvailPageFile size 8M)
current process WorkingSet (physical memory assigned to process): 2561M, peak: 2561M
current process commit charge ("private bytes"): 2626M, peak: 2629M

vm_info: OpenJDK 64-Bit Server VM (21.0.8+9-LTS) for windows-amd64 JRE (21.0.8+9-LTS), built on 2025-07-10T20:22:44Z by "MicrosoftCorporation" with unknown MS VC++:1944

END.
