#
# There is insufficient memory for the Java Runtime Environment to continue.
# Native memory allocation (malloc) failed to allocate 1066976 bytes. Error detail: Chunk::new
# Possible reasons:
#   The system is out of physical RAM or swap space
#   This process is running with CompressedOops enabled, and the Java Heap may be blocking the growth of the native heap
# Possible solutions:
#   Reduce memory load on the system
#   Increase physical memory or swap space
#   Check if swap backing store is full
#   Decrease Java heap size (-Xmx/-Xms)
#   Decrease number of Java threads
#   Decrease Java thread stack sizes (-Xss)
#   Set larger code cache with -XX:ReservedCodeCacheSize=
#   JVM is running with Zero Based Compressed Oops mode in which the Java heap is
#     placed in the first 32GB address space. The Java Heap base address is the
#     maximum limit for the native heap growth. Please use -XX:HeapBaseMinAddress
#     to set the Java Heap base and to place the Java Heap above 32GB virtual address.
# This output file may be truncated or incomplete.
#
#  Out of Memory Error (arena.cpp:168), pid=13972, tid=23204
#
# JRE version: OpenJDK Runtime Environment Microsoft-11933218 (21.0.8+9) (build 21.0.8+9-LTS)
# Java VM: OpenJDK 64-Bit Server VM Microsoft-11933218 (21.0.8+9-LTS, mixed mode, sharing, tiered, compressed oops, compressed class ptrs, g1 gc, windows-amd64)
# No core dump will be written. Minidumps are not enabled by default on client versions of Windows
#

---------------  S U M M A R Y ------------

Command Line: --add-exports=jdk.compiler/com.sun.tools.javac.api=ALL-UNNAMED --add-exports=jdk.compiler/com.sun.tools.javac.util=ALL-UNNAMED --add-opens=java.base/java.util=ALL-UNNAMED --add-opens=java.base/java.lang=ALL-UNNAMED --add-opens=java.base/java.lang.invoke=ALL-UNNAMED --add-opens=java.prefs/java.util.prefs=ALL-UNNAMED --add-exports=jdk.compiler/com.sun.tools.javac.api=ALL-UNNAMED --add-exports=jdk.compiler/com.sun.tools.javac.util=ALL-UNNAMED --add-opens=java.base/java.nio.charset=ALL-UNNAMED --add-opens=java.base/java.net=ALL-UNNAMED --add-opens=java.base/java.util.concurrent.atomic=ALL-UNNAMED -Xmx4096m -Dfile.encoding=UTF-8 -Duser.country=IN -Duser.language=en -Duser.variant -javaagent:C:\Users\LearnersYT\.gradle\wrapper\dists\gradle-8.9-bin\90cnw93cvbtalezasaz0blq0a\gradle-8.9\lib\agents\gradle-instrumentation-agent-8.9.jar org.gradle.launcher.daemon.bootstrap.GradleDaemon 8.9

Host: 12th Gen Intel(R) Core(TM) i5-1240P, 16 cores, 31G,  Windows 11 , 64 bit Build 26100 (10.0.26100.9444)
Time: Tue Sep 22 09:56:02 2026 India Standard Time elapsed time: 13432.527399 seconds (0d 3h 43m 52s)

---------------  T H R E A D  ---------------

Current thread (0x000001fb42ab51e0):  JavaThread "C2 CompilerThread0" daemon [_thread_in_native, id=23204, stack(0x000000a4f3900000,0x000000a4f3a00000) (1024K)]


Current CompileTask:
C2:13432527 347160       4       org.jetbrains.kotlin.fir.resolve.transformers.FirCallCompletionResultsWriterTransformer::computeTypeArgumentTypes (204 bytes)

Stack: [0x000000a4f3900000,0x000000a4f3a00000]
Native frames: (J=compiled Java code, j=interpreted, Vv=VM code, C=native code)
V  [jvm.dll+0x6e1729]
V  [jvm.dll+0x8bf47b]
V  [jvm.dll+0x8c19aa]
V  [jvm.dll+0x8c2083]
V  [jvm.dll+0x289fd6]
V  [jvm.dll+0xc903d]
V  [jvm.dll+0xc958c]
V  [jvm.dll+0x30113e]
V  [jvm.dll+0x608897]
V  [jvm.dll+0x25af97]
V  [jvm.dll+0x25b36d]
V  [jvm.dll+0x253c69]
V  [jvm.dll+0x251171]
V  [jvm.dll+0x1d18bf]
V  [jvm.dll+0x260f4a]
V  [jvm.dll+0x25f2b5]
V  [jvm.dll+0x40151d]
V  [jvm.dll+0x86975d]
V  [jvm.dll+0x6dff2d]
C  [ucrtbase.dll+0x2cd30]
C  [KERNEL32.DLL+0x2cd87]
C  [ntdll.dll+0xacaec]


---------------  P R O C E S S  ---------------

Threads class SMR info:
_java_thread_list=0x000001fb8da39520, length=268, elements={
0x000001fb22baf950, 0x000001fb42aa7c50, 0x000001fb42aaa8b0, 0x000001fb42aad410,
0x000001fb42aade60, 0x000001fb42aae8b0, 0x000001fb42ab0440, 0x000001fb42ab51e0,
0x000001fb42ac9600, 0x000001fb42e1d530, 0x000001fb42fdab60, 0x000001fb89ae6f30,
0x000001fb888f4ba0, 0x000001fb89aac640, 0x000001fb89a6ae80, 0x000001fb89a67a00,
0x000001fb89a68090, 0x000001fb8d5b1ad0, 0x000001fb8d5b0090, 0x000001fb8d5b2160,
0x000001fb8b7d2940, 0x000001fb95eec270, 0x000001fb95eee340, 0x000001fb8cf5de90,
0x000001fb96196cf0, 0x000001fb96197380, 0x000001fb9845d3e0, 0x000001fb9845da70,
0x000001fbc0d016a0, 0x000001fb99c66a90, 0x000001fb99c684d0, 0x000001fbc396f4d0,
0x000001fba903db10, 0x000001fba903c0d0, 0x000001fb981b1720, 0x000001fbc4261940,
0x000001fbc4261fd0, 0x000001fbba47bc00, 0x000001fb97152990, 0x000001fb97153020,
0x000001fb971515e0, 0x000001fb971536b0, 0x000001fb971508c0, 0x000001fb97151c70,
0x000001fb97152300, 0x000001fb97153d40, 0x000001fb99fe1be0, 0x000001fb99fdfb10,
0x000001fb99fe0830, 0x000001fb99fde760, 0x000001fb99fe01a0, 0x000001fb99fdedf0,
0x000001fb99fe0ec0, 0x000001fb99fe1550, 0x000001fb99fdf480, 0x000001fb98fb2120,
0x000001fb98fb27b0, 0x000001fb98fb3b60, 0x000001fbb8e8d600, 0x000001fbb8e8cf70,
0x000001fba9034420, 0x000001fba9035e60, 0x000001fba9033d90, 0x000001fba9033700,
0x000001fba9035140, 0x000001fba90357d0, 0x000001fba9036b80, 0x000001fba9037f30,
0x000001fba9037210, 0x000001fba90378a0, 0x000001fba9034ab0, 0x000001fba903a690,
0x000001fba903ad20, 0x000001fba903a000, 0x000001fba903ba40, 0x000001fb98fb2e40,
0x000001fbba239c60, 0x000001fb8eba9e80, 0x000001fb8eba7db0, 0x000001fb8eba9160,
0x000001fb8ebabf50, 0x000001fbaa32c0f0, 0x000001fbc38efc00, 0x000001fbc4cb6710,
0x000001fbc38f0290, 0x000001fbc38f0920, 0x000001fb954918d0, 0x000001fb95491240,
0x000001fb9548f800, 0x000001fb95491f60, 0x000001fb9548eae0, 0x000001fb9548fe90,
0x000001fb95490bb0, 0x000001fb954925f0, 0x000001fb9548f170, 0x000001fb95490520,
0x000001fba96618f0, 0x000001fba9661f80, 0x000001fba9662610, 0x000001fbbff038b0,
0x000001fbbff05980, 0x000001fbbff02b90, 0x000001fbbff03220, 0x000001fbbff04c60,
0x000001fbbff045d0, 0x000001fbbff03f40, 0x000001fbbff052f0, 0x000001fba9038c50,
0x000001fbb854fb80, 0x000001fbb854c700, 0x000001fbb854ee60, 0x000001fbb854f4f0,
0x000001fbb854cd90, 0x000001fbc4cb6da0, 0x000001fb98c88e60, 0x000001fb98c88140,
0x000001fb98c894f0, 0x000001fb98c887d0, 0x000001fb98c86070, 0x000001fb98c86700,
0x000001fb98c86d90, 0x000001fb98c87420, 0x000001fb98c87ab0, 0x000001fb9b1778d0,
0x000001fb9b177f60, 0x000001fb9b175800, 0x000001fb9b175e90, 0x000001fb9b179310,
0x000001fb97154a60, 0x000001fbba23b010, 0x000001fbaa32e850, 0x000001fbaa32b3d0,
0x000001fbaa32c780, 0x000001fbaa32ce10, 0x000001fbaa32ba60, 0x000001fbaa32eee0,
0x000001fbaa32f570, 0x000001fbaa32fc00, 0x000001fbaa330290, 0x000001fbaa32d4a0,
0x000001fbaa330fb0, 0x000001fbaa3329f0, 0x000001fbaa330920, 0x000001fbaa331640,
0x000001fbaa331cd0, 0x000001fbbf9c5ed0, 0x000001fbbf9c7910, 0x000001fbbf9c6560,
0x000001fbbf9c7280, 0x000001fbbf9c6bf0, 0x000001fbbf9c8630, 0x000001fbbf9c8cc0,
0x000001fbc61a0cf0, 0x000001fbc619f2b0, 0x000001fbb854d420, 0x000001fbb854dab0,
0x000001fbb854e140, 0x000001fbc396da90, 0x000001fb99a93780, 0x000001fb99a92a60,
0x000001fb99a03340, 0x000001fb99a05410, 0x000001fb99a02620, 0x000001fb99a04060,
0x000001fb99a046f0, 0x000001fb99a04d80, 0x000001fb99a039d0, 0x000001fb99a01f90,
0x000001fbc38406d0, 0x000001fbc38434c0, 0x000001fbc3840040, 0x000001fbc38413f0,
0x000001fb99a944a0, 0x000001fb99a916b0, 0x000001fb99a94b30, 0x000001fbc3840d60,
0x000001fbc3841a80, 0x000001fbc38427a0, 0x000001fbc3842e30, 0x000001fbaa7d13c0,
0x000001fbaa7d1a50, 0x000001fbaa7d2770, 0x000001fbaa7cf980, 0x000001fbaa7d0d30,
0x000001fbaa7d06a0, 0x000001fbc34b9bf0, 0x000001fbc34bc350, 0x000001fbc34b9560,
0x000001fbc34ba280, 0x000001fbc34bbcc0, 0x000001fb9b176520, 0x000001fb9b1799a0,
0x000001fb99c649c0, 0x000001fb981b0a00, 0x000001fb99c65d70, 0x000001fb99c67120,
0x000001fb99c63ca0, 0x000001fb99c65050, 0x000001fb99c656e0, 0x000001fb99c677b0,
0x000001fb99c64330, 0x000001fb99c67e40, 0x000001fb99c66400, 0x000001fb99c69f10,
0x000001fb99c6b950, 0x000001fb99c6bfe0, 0x000001fb99c69880, 0x000001fb99c68b60,
0x000001fbb8e917a0, 0x000001fbb8e8f040, 0x000001fbc34bb630, 0x000001fb99a923d0,
0x000001fb99a91d40, 0x000001fb99a930f0, 0x000001fb99a93e10, 0x000001fb9b1785f0,
0x000001fbc6332600, 0x000001fb981b3160, 0x000001fb981b4510, 0x000001fbba23a980,
0x000001fbba23a2f0, 0x000001fbba23bd30, 0x000001fbba2388b0, 0x000001fbba23c3c0,
0x000001fbba238f40, 0x000001fbba23ca50, 0x000001fbba2395d0, 0x000001fbba23d770,
0x000001fbba23f840, 0x000001fbba23f1b0, 0x000001fbba23e490, 0x000001fbba23fed0,
0x000001fbba23d0e0, 0x000001fbb854e7d0, 0x000001fb9b0cc210, 0x000001fba9645b70,
0x000001fba9646240, 0x000001fba9642bc0, 0x000001fba9647d80, 0x000001fbc6330530,
0x000001fbc632f810, 0x000001fbc6333320, 0x000001fbc632fea0, 0x000001fbc6334d60,
0x000001fbc63346d0, 0x000001fbc63339b0, 0x000001fbc63353f0, 0x000001fbc6335a80,
0x000001fbc0df2d50, 0x000001fbc0df4e20, 0x000001fbc0df3a70, 0x000001fbc34bc9e0,
0x000001fba96491f0, 0x000001fb971564a0, 0x000001fba96476b0, 0x000001fba9648450,
0x000001fbc0df2030, 0x000001fba9646910, 0x000001fba9648b20, 0x000001fb97157ee0,
0x000001fbc1c87840, 0x000001fbc1c89fa0, 0x000001fbc1c89910, 0x000001fb8ebaa510,
0x000001fbaabec530, 0x000001fb8ebaaba0, 0x000001fbc1c89280, 0x000001fb8f9144f0
}

Java Threads: ( => current thread )
  0x000001fb22baf950 JavaThread "main"                              [_thread_blocked, id=10996, stack(0x000000a4f2b00000,0x000000a4f2c00000) (1024K)]
  0x000001fb42aa7c50 JavaThread "Reference Handler"          daemon [_thread_blocked, id=22292, stack(0x000000a4f3300000,0x000000a4f3400000) (1024K)]
  0x000001fb42aaa8b0 JavaThread "Finalizer"                  daemon [_thread_blocked, id=26120, stack(0x000000a4f3400000,0x000000a4f3500000) (1024K)]
  0x000001fb42aad410 JavaThread "Signal Dispatcher"          daemon [_thread_blocked, id=26428, stack(0x000000a4f3500000,0x000000a4f3600000) (1024K)]
  0x000001fb42aade60 JavaThread "Attach Listener"            daemon [_thread_blocked, id=2396, stack(0x000000a4f3600000,0x000000a4f3700000) (1024K)]
  0x000001fb42aae8b0 JavaThread "Service Thread"             daemon [_thread_blocked, id=23580, stack(0x000000a4f3700000,0x000000a4f3800000) (1024K)]
  0x000001fb42ab0440 JavaThread "Monitor Deflation Thread"   daemon [_thread_blocked, id=15400, stack(0x000000a4f3800000,0x000000a4f3900000) (1024K)]
=>0x000001fb42ab51e0 JavaThread "C2 CompilerThread0"         daemon [_thread_in_native, id=23204, stack(0x000000a4f3900000,0x000000a4f3a00000) (1024K)]
  0x000001fb42ac9600 JavaThread "C1 CompilerThread0"         daemon [_thread_blocked, id=19532, stack(0x000000a4f3a00000,0x000000a4f3b00000) (1024K)]
  0x000001fb42e1d530 JavaThread "Common-Cleaner"             daemon [_thread_blocked, id=6968, stack(0x000000a4f3b00000,0x000000a4f3c00000) (1024K)]
  0x000001fb42fdab60 JavaThread "Notification Thread"        daemon [_thread_blocked, id=7172, stack(0x000000a4f4000000,0x000000a4f4100000) (1024K)]
  0x000001fb89ae6f30 JavaThread "Daemon health stats"               [_thread_blocked, id=17812, stack(0x000000a4f4200000,0x000000a4f4300000) (1024K)]
  0x000001fb888f4ba0 JavaThread "Incoming local TCP Connector on port 49891"        [_thread_in_native, id=24904, stack(0x000000a4f4e00000,0x000000a4f4f00000) (1024K)]
  0x000001fb89aac640 JavaThread "Daemon periodic checks"            [_thread_blocked, id=25808, stack(0x000000a4f5000000,0x000000a4f5100000) (1024K)]
  0x000001fb89a6ae80 JavaThread "Cache worker for journal cache (C:\Users\LearnersYT\.gradle\caches\journal-1)"        [_thread_blocked, id=16708, stack(0x000000a4f5800000,0x000000a4f5900000) (1024K)]
  0x000001fb89a67a00 JavaThread "File lock request listener"        [_thread_in_native, id=12220, stack(0x000000a4f5900000,0x000000a4f5a00000) (1024K)]
  0x000001fb89a68090 JavaThread "Cache worker for file hash cache (C:\Users\LearnersYT\.gradle\caches\8.9\fileHashes)"        [_thread_blocked, id=19564, stack(0x000000a4f5a00000,0x000000a4f5b00000) (1024K)]
  0x000001fb8d5b1ad0 JavaThread "File watcher server"        daemon [_thread_in_native, id=11144, stack(0x000000a4f5f00000,0x000000a4f6000000) (1024K)]
  0x000001fb8d5b0090 JavaThread "File watcher consumer"      daemon [_thread_blocked, id=8944, stack(0x000000a4f6000000,0x000000a4f6100000) (1024K)]
  0x000001fb8d5b2160 JavaThread "Cache worker for file content cache (C:\Users\LearnersYT\.gradle\caches\8.9\fileContent)"        [_thread_blocked, id=12932, stack(0x000000a4f6200000,0x000000a4f6300000) (1024K)]
  0x000001fb8b7d2940 JavaThread "Memory manager"                    [_thread_blocked, id=26356, stack(0x000000a4f8300000,0x000000a4f8400000) (1024K)]
  0x000001fb95eec270 JavaThread "RMI Scheduler(0)"           daemon [_thread_blocked, id=18060, stack(0x000000a4f3c00000,0x000000a4f3d00000) (1024K)]
  0x000001fb95eee340 JavaThread "RMI TCP Accept-0"           daemon [_thread_in_native, id=1636, stack(0x000000a4f8700000,0x000000a4f8800000) (1024K)]
  0x000001fb8cf5de90 JavaThread "Cache worker for Java compile cache (C:\Users\LearnersYT\.gradle\caches\8.9\javaCompile)"        [_thread_blocked, id=4860, stack(0x000000a483300000,0x000000a483400000) (1024K)]
  0x000001fb96196cf0 JavaThread "Java2D Disposer"            daemon [_thread_blocked, id=22432, stack(0x000000a48f100000,0x000000a48f200000) (1024K)]
  0x000001fb96197380 JavaThread "AWT-Windows"                daemon [_thread_in_native, id=1868, stack(0x000000a48f300000,0x000000a48f400000) (1024K)]
  0x000001fb9845d3e0 JavaThread "RMI GC Daemon"              daemon [_thread_blocked, id=17460, stack(0x000000a486100000,0x000000a486200000) (1024K)]
  0x000001fb9845da70 JavaThread "RMI Reaper"                        [_thread_blocked, id=3272, stack(0x000000a486200000,0x000000a486300000) (1024K)]
  0x000001fbc0d016a0 JavaThread "Daemon Thread 10"                  [_thread_blocked, id=19372, stack(0x000000a480000000,0x000000a480100000) (1024K)]
  0x000001fb99c66a90 JavaThread "Daemon worker Thread 10"           [_thread_blocked, id=18776, stack(0x000000a480300000,0x000000a480400000) (1024K)]
  0x000001fb99c684d0 JavaThread "RMI TCP Connection(idle)"   daemon [_thread_blocked, id=26068, stack(0x000000a483200000,0x000000a483300000) (1024K)]
  0x000001fbc396f4d0 JavaThread "RMI TCP Connection(idle)"   daemon [_thread_blocked, id=2936, stack(0x000000a483700000,0x000000a483800000) (1024K)]
  0x000001fba903db10 JavaThread "RMI TCP Connection(idle)"   daemon [_thread_blocked, id=9232, stack(0x000000a48fa00000,0x000000a48fb00000) (1024K)]
  0x000001fba903c0d0 JavaThread "RMI TCP Connection(idle)"   daemon [_thread_blocked, id=17660, stack(0x000000a48fd00000,0x000000a48fe00000) (1024K)]
  0x000001fb981b1720 JavaThread "File lock release action executor Thread 4"        [_thread_blocked, id=19212, stack(0x000000a480100000,0x000000a480200000) (1024K)]
  0x000001fbc4261940 JavaThread "Handler for socket connection from /127.0.0.1:49891 to /127.0.0.1:49900"        [_thread_in_native, id=24968, stack(0x000000a480200000,0x000000a480300000) (1024K)]
  0x000001fbc4261fd0 JavaThread "Cancel handler"                    [_thread_blocked, id=23236, stack(0x000000a480500000,0x000000a480600000) (1024K)]
  0x000001fbba47bc00 JavaThread "Asynchronous log dispatcher for DefaultDaemonConnection: socket connection from /127.0.0.1:49891 to /127.0.0.1:49900"        [_thread_blocked, id=25280, stack(0x000000a480600000,0x000000a480700000) (1024K)]
  0x000001fb97152990 JavaThread "Stdin handler"                     [_thread_blocked, id=15392, stack(0x000000a480700000,0x000000a480800000) (1024K)]
  0x000001fb97153020 JavaThread "Daemon client event forwarder"        [_thread_blocked, id=9192, stack(0x000000a480800000,0x000000a480900000) (1024K)]
  0x000001fb971515e0 JavaThread "Cache worker for file hash cache (C:\Users\LearnersYT\source\TheDesiTadka\Mobile\.gradle\8.9\fileHashes)"        [_thread_blocked, id=6836, stack(0x000000a480900000,0x000000a480a00000) (1024K)]
  0x000001fb971536b0 JavaThread "Cache worker for Build Output Cleanup Cache (C:\Users\LearnersYT\source\TheDesiTadka\Mobile\.gradle\buildOutputCleanup)"        [_thread_blocked, id=27344, stack(0x000000a480a00000,0x000000a480b00000) (1024K)]
  0x000001fb971508c0 JavaThread "Cache worker for checksums cache (C:\Users\LearnersYT\source\TheDesiTadka\Mobile\.gradle\8.9\checksums)"        [_thread_blocked, id=6268, stack(0x000000a480b00000,0x000000a480c00000) (1024K)]
  0x000001fb97151c70 JavaThread "Cache worker for cache directory md-rule (C:\Users\LearnersYT\.gradle\caches\8.9\md-rule)"        [_thread_blocked, id=16364, stack(0x000000a480c00000,0x000000a480d00000) (1024K)]
  0x000001fb97152300 JavaThread "Cache worker for cache directory md-supplier (C:\Users\LearnersYT\.gradle\caches\8.9\md-supplier)"        [_thread_blocked, id=22680, stack(0x000000a480d00000,0x000000a480e00000) (1024K)]
  0x000001fb97153d40 JavaThread "Unconstrained build operations"        [_thread_blocked, id=4544, stack(0x000000a480e00000,0x000000a480f00000) (1024K)]
  0x000001fb99fe1be0 JavaThread "Unconstrained build operations Thread 2"        [_thread_blocked, id=14156, stack(0x000000a480f00000,0x000000a481000000) (1024K)]
  0x000001fb99fdfb10 JavaThread "Unconstrained build operations Thread 3"        [_thread_blocked, id=6444, stack(0x000000a481000000,0x000000a481100000) (1024K)]
  0x000001fb99fe0830 JavaThread "Unconstrained build operations Thread 4"        [_thread_blocked, id=15396, stack(0x000000a481100000,0x000000a481200000) (1024K)]
  0x000001fb99fde760 JavaThread "Unconstrained build operations Thread 5"        [_thread_blocked, id=22132, stack(0x000000a481200000,0x000000a481300000) (1024K)]
  0x000001fb99fe01a0 JavaThread "Unconstrained build operations Thread 6"        [_thread_blocked, id=9408, stack(0x000000a481300000,0x000000a481400000) (1024K)]
  0x000001fb99fdedf0 JavaThread "Unconstrained build operations Thread 7"        [_thread_blocked, id=22360, stack(0x000000a481400000,0x000000a481500000) (1024K)]
  0x000001fb99fe0ec0 JavaThread "Unconstrained build operations Thread 8"        [_thread_blocked, id=27176, stack(0x000000a481500000,0x000000a481600000) (1024K)]
  0x000001fb99fe1550 JavaThread "Unconstrained build operations Thread 9"        [_thread_blocked, id=20624, stack(0x000000a481600000,0x000000a481700000) (1024K)]
  0x000001fb99fdf480 JavaThread "Unconstrained build operations Thread 10"        [_thread_blocked, id=22028, stack(0x000000a481700000,0x000000a481800000) (1024K)]
  0x000001fb98fb2120 JavaThread "Unconstrained build operations Thread 11"        [_thread_blocked, id=25344, stack(0x000000a481800000,0x000000a481900000) (1024K)]
  0x000001fb98fb27b0 JavaThread "Unconstrained build operations Thread 12"        [_thread_blocked, id=18476, stack(0x000000a481900000,0x000000a481a00000) (1024K)]
  0x000001fb98fb3b60 JavaThread "Unconstrained build operations Thread 13"        [_thread_blocked, id=5264, stack(0x000000a481a00000,0x000000a481b00000) (1024K)]
  0x000001fbb8e8d600 JavaThread "Unconstrained build operations Thread 14"        [_thread_blocked, id=24516, stack(0x000000a481b00000,0x000000a481c00000) (1024K)]
  0x000001fbb8e8cf70 JavaThread "Unconstrained build operations Thread 15"        [_thread_blocked, id=9644, stack(0x000000a481c00000,0x000000a481d00000) (1024K)]
  0x000001fba9034420 JavaThread "Unconstrained build operations Thread 16"        [_thread_blocked, id=17580, stack(0x000000a481d00000,0x000000a481e00000) (1024K)]
  0x000001fba9035e60 JavaThread "Unconstrained build operations Thread 17"        [_thread_blocked, id=27592, stack(0x000000a481e00000,0x000000a481f00000) (1024K)]
  0x000001fba9033d90 JavaThread "Unconstrained build operations Thread 18"        [_thread_blocked, id=5252, stack(0x000000a481f00000,0x000000a482000000) (1024K)]
  0x000001fba9033700 JavaThread "Unconstrained build operations Thread 19"        [_thread_blocked, id=20852, stack(0x000000a482000000,0x000000a482100000) (1024K)]
  0x000001fba9035140 JavaThread "Unconstrained build operations Thread 20"        [_thread_blocked, id=26548, stack(0x000000a482100000,0x000000a482200000) (1024K)]
  0x000001fba90357d0 JavaThread "Unconstrained build operations Thread 21"        [_thread_blocked, id=10880, stack(0x000000a482200000,0x000000a482300000) (1024K)]
  0x000001fba9036b80 JavaThread "Unconstrained build operations Thread 22"        [_thread_blocked, id=1572, stack(0x000000a482300000,0x000000a482400000) (1024K)]
  0x000001fba9037f30 JavaThread "Unconstrained build operations Thread 23"        [_thread_blocked, id=10904, stack(0x000000a482400000,0x000000a482500000) (1024K)]
  0x000001fba9037210 JavaThread "Unconstrained build operations Thread 24"        [_thread_blocked, id=26792, stack(0x000000a482500000,0x000000a482600000) (1024K)]
  0x000001fba90378a0 JavaThread "Unconstrained build operations Thread 25"        [_thread_blocked, id=21140, stack(0x000000a482600000,0x000000a482700000) (1024K)]
  0x000001fba9034ab0 JavaThread "Unconstrained build operations Thread 26"        [_thread_blocked, id=22696, stack(0x000000a482700000,0x000000a482800000) (1024K)]
  0x000001fba903a690 JavaThread "Unconstrained build operations Thread 27"        [_thread_blocked, id=22604, stack(0x000000a482a00000,0x000000a482b00000) (1024K)]
  0x000001fba903ad20 JavaThread "Unconstrained build operations Thread 28"        [_thread_blocked, id=18172, stack(0x000000a482b00000,0x000000a482c00000) (1024K)]
  0x000001fba903a000 JavaThread "Unconstrained build operations Thread 29"        [_thread_blocked, id=25352, stack(0x000000a482c00000,0x000000a482d00000) (1024K)]
  0x000001fba903ba40 JavaThread "Unconstrained build operations Thread 30"        [_thread_blocked, id=18296, stack(0x000000a482d00000,0x000000a482e00000) (1024K)]
  0x000001fb98fb2e40 JavaThread "build event listener"              [_thread_blocked, id=24648, stack(0x000000a484000000,0x000000a484100000) (1024K)]
  0x000001fbba239c60 JavaThread "included builds"                   [_thread_blocked, id=28276, stack(0x000000a483000000,0x000000a483100000) (1024K)]
  0x000001fb8eba9e80 JavaThread "Execution worker"                  [_thread_blocked, id=25452, stack(0x000000a484100000,0x000000a484200000) (1024K)]
  0x000001fb8eba7db0 JavaThread "Execution worker Thread 2"         [_thread_blocked, id=21156, stack(0x000000a484200000,0x000000a484300000) (1024K)]
  0x000001fb8eba9160 JavaThread "Execution worker Thread 3"         [_thread_blocked, id=17944, stack(0x000000a484300000,0x000000a484400000) (1024K)]
  0x000001fb8ebabf50 JavaThread "Execution worker Thread 4"         [_thread_blocked, id=21744, stack(0x000000a484400000,0x000000a484500000) (1024K)]
  0x000001fbaa32c0f0 JavaThread "Execution worker Thread 5"         [_thread_blocked, id=2284, stack(0x000000a484500000,0x000000a484600000) (1024K)]
  0x000001fbc38efc00 JavaThread "Execution worker Thread 6"         [_thread_blocked, id=14208, stack(0x000000a484600000,0x000000a484700000) (1024K)]
  0x000001fbc4cb6710 JavaThread "Cache worker for execution history cache (C:\Users\LearnersYT\source\TheDesiTadka\Mobile\.gradle\8.9\executionHistory)"        [_thread_blocked, id=28564, stack(0x000000a484700000,0x000000a484800000) (1024K)]
  0x000001fbc38f0290 JavaThread "Execution worker Thread 7"         [_thread_blocked, id=10220, stack(0x000000a484800000,0x000000a484900000) (1024K)]
  0x000001fbc38f0920 JavaThread "Execution worker Thread 8"         [_thread_blocked, id=4236, stack(0x000000a484900000,0x000000a484a00000) (1024K)]
  0x000001fb954918d0 JavaThread "Execution worker Thread 9"         [_thread_blocked, id=26128, stack(0x000000a484a00000,0x000000a484b00000) (1024K)]
  0x000001fb95491240 JavaThread "Execution worker Thread 10"        [_thread_blocked, id=10356, stack(0x000000a484b00000,0x000000a484c00000) (1024K)]
  0x000001fb9548f800 JavaThread "Execution worker Thread 11"        [_thread_blocked, id=11168, stack(0x000000a484c00000,0x000000a484d00000) (1024K)]
  0x000001fb95491f60 JavaThread "Execution worker Thread 12"        [_thread_blocked, id=27256, stack(0x000000a484d00000,0x000000a484e00000) (1024K)]
  0x000001fb9548eae0 JavaThread "Execution worker Thread 13"        [_thread_blocked, id=22388, stack(0x000000a484e00000,0x000000a484f00000) (1024K)]
  0x000001fb9548fe90 JavaThread "Execution worker Thread 14"        [_thread_blocked, id=21376, stack(0x000000a484f00000,0x000000a485000000) (1024K)]
  0x000001fb95490bb0 JavaThread "Execution worker Thread 15"        [_thread_blocked, id=10560, stack(0x000000a485000000,0x000000a485100000) (1024K)]
  0x000001fb954925f0 JavaThread "Unconstrained build operations Thread 31"        [_thread_blocked, id=22272, stack(0x000000a485100000,0x000000a485200000) (1024K)]
  0x000001fb9548f170 JavaThread "Unconstrained build operations Thread 32"        [_thread_blocked, id=21268, stack(0x000000a485200000,0x000000a485300000) (1024K)]
  0x000001fb95490520 JavaThread "Unconstrained build operations Thread 33"        [_thread_blocked, id=1592, stack(0x000000a485300000,0x000000a485400000) (1024K)]
  0x000001fba96618f0 JavaThread "Unconstrained build operations Thread 34"        [_thread_blocked, id=17840, stack(0x000000a485400000,0x000000a485500000) (1024K)]
  0x000001fba9661f80 JavaThread "Unconstrained build operations Thread 35"        [_thread_blocked, id=12284, stack(0x000000a485500000,0x000000a485600000) (1024K)]
  0x000001fba9662610 JavaThread "Unconstrained build operations Thread 36"        [_thread_blocked, id=23068, stack(0x000000a485600000,0x000000a485700000) (1024K)]
  0x000001fbbff038b0 JavaThread "Unconstrained build operations Thread 37"        [_thread_blocked, id=5336, stack(0x000000a485700000,0x000000a485800000) (1024K)]
  0x000001fbbff05980 JavaThread "Unconstrained build operations Thread 38"        [_thread_blocked, id=7492, stack(0x000000a485800000,0x000000a485900000) (1024K)]
  0x000001fbbff02b90 JavaThread "Unconstrained build operations Thread 39"        [_thread_blocked, id=15356, stack(0x000000a485900000,0x000000a485a00000) (1024K)]
  0x000001fbbff03220 JavaThread "Unconstrained build operations Thread 40"        [_thread_blocked, id=4672, stack(0x000000a485a00000,0x000000a485b00000) (1024K)]
  0x000001fbbff04c60 JavaThread "Unconstrained build operations Thread 41"        [_thread_blocked, id=23432, stack(0x000000a485b00000,0x000000a485c00000) (1024K)]
  0x000001fbbff045d0 JavaThread "Unconstrained build operations Thread 42"        [_thread_blocked, id=19604, stack(0x000000a485c00000,0x000000a485d00000) (1024K)]
  0x000001fbbff03f40 JavaThread "Unconstrained build operations Thread 43"        [_thread_blocked, id=27856, stack(0x000000a485d00000,0x000000a485e00000) (1024K)]
  0x000001fbbff052f0 JavaThread "Unconstrained build operations Thread 44"        [_thread_blocked, id=27336, stack(0x000000a485e00000,0x000000a485f00000) (1024K)]
  0x000001fba9038c50 JavaThread "Unconstrained build operations Thread 45"        [_thread_blocked, id=9096, stack(0x000000a485f00000,0x000000a486000000) (1024K)]
  0x000001fbb854fb80 JavaThread "Unconstrained build operations Thread 46"        [_thread_blocked, id=28408, stack(0x000000a486000000,0x000000a486100000) (1024K)]
  0x000001fbb854c700 JavaThread "Unconstrained build operations Thread 47"        [_thread_blocked, id=26816, stack(0x000000a486300000,0x000000a486400000) (1024K)]
  0x000001fbb854ee60 JavaThread "Unconstrained build operations Thread 48"        [_thread_blocked, id=13084, stack(0x000000a486400000,0x000000a486500000) (1024K)]
  0x000001fbb854f4f0 JavaThread "Unconstrained build operations Thread 49"        [_thread_blocked, id=21672, stack(0x000000a486500000,0x000000a486600000) (1024K)]
  0x000001fbb854cd90 JavaThread "Unconstrained build operations Thread 50"        [_thread_blocked, id=17792, stack(0x000000a486600000,0x000000a486700000) (1024K)]
  0x000001fbc4cb6da0 JavaThread "Unconstrained build operations Thread 51"        [_thread_blocked, id=8388, stack(0x000000a486700000,0x000000a486800000) (1024K)]
  0x000001fb98c88e60 JavaThread "Unconstrained build operations Thread 52"        [_thread_blocked, id=19628, stack(0x000000a486800000,0x000000a486900000) (1024K)]
  0x000001fb98c88140 JavaThread "Unconstrained build operations Thread 53"        [_thread_blocked, id=21256, stack(0x000000a486900000,0x000000a486a00000) (1024K)]
  0x000001fb98c894f0 JavaThread "Unconstrained build operations Thread 54"        [_thread_blocked, id=23464, stack(0x000000a486b00000,0x000000a486c00000) (1024K)]
  0x000001fb98c887d0 JavaThread "Unconstrained build operations Thread 55"        [_thread_blocked, id=17920, stack(0x000000a486c00000,0x000000a486d00000) (1024K)]
  0x000001fb98c86070 JavaThread "Unconstrained build operations Thread 56"        [_thread_blocked, id=27756, stack(0x000000a486d00000,0x000000a486e00000) (1024K)]
  0x000001fb98c86700 JavaThread "Unconstrained build operations Thread 57"        [_thread_blocked, id=3412, stack(0x000000a486e00000,0x000000a486f00000) (1024K)]
  0x000001fb98c86d90 JavaThread "Unconstrained build operations Thread 58"        [_thread_blocked, id=10328, stack(0x000000a486f00000,0x000000a487000000) (1024K)]
  0x000001fb98c87420 JavaThread "Unconstrained build operations Thread 59"        [_thread_blocked, id=26472, stack(0x000000a487100000,0x000000a487200000) (1024K)]
  0x000001fb98c87ab0 JavaThread "Unconstrained build operations Thread 60"        [_thread_blocked, id=17856, stack(0x000000a487300000,0x000000a487400000) (1024K)]
  0x000001fb9b1778d0 JavaThread "Unconstrained build operations Thread 61"        [_thread_blocked, id=28400, stack(0x000000a487500000,0x000000a487600000) (1024K)]
  0x000001fb9b177f60 JavaThread "Unconstrained build operations Thread 62"        [_thread_blocked, id=25532, stack(0x000000a487600000,0x000000a487700000) (1024K)]
  0x000001fb9b175800 JavaThread "Unconstrained build operations Thread 63"        [_thread_blocked, id=26480, stack(0x000000a487700000,0x000000a487800000) (1024K)]
  0x000001fb9b175e90 JavaThread "Unconstrained build operations Thread 64"        [_thread_blocked, id=12952, stack(0x000000a487800000,0x000000a487900000) (1024K)]
  0x000001fb9b179310 JavaThread "Unconstrained build operations Thread 65"        [_thread_blocked, id=14200, stack(0x000000a487900000,0x000000a487a00000) (1024K)]
  0x000001fb97154a60 JavaThread "Unconstrained build operations Thread 66"        [_thread_blocked, id=23868, stack(0x000000a487a00000,0x000000a487b00000) (1024K)]
  0x000001fbba23b010 JavaThread "WorkerExecutor Queue"              [_thread_blocked, id=26760, stack(0x000000a487b00000,0x000000a487c00000) (1024K)]
  0x000001fbaa32e850 JavaThread "Unconstrained build operations Thread 67"        [_thread_blocked, id=23376, stack(0x000000a487c00000,0x000000a487d00000) (1024K)]
  0x000001fbaa32b3d0 JavaThread "Unconstrained build operations Thread 68"        [_thread_blocked, id=16472, stack(0x000000a487d00000,0x000000a487e00000) (1024K)]
  0x000001fbaa32c780 JavaThread "Unconstrained build operations Thread 69"        [_thread_blocked, id=20820, stack(0x000000a487e00000,0x000000a487f00000) (1024K)]
  0x000001fbaa32ce10 JavaThread "Unconstrained build operations Thread 70"        [_thread_blocked, id=2724, stack(0x000000a487f00000,0x000000a488000000) (1024K)]
  0x000001fbaa32ba60 JavaThread "Unconstrained build operations Thread 71"        [_thread_blocked, id=21116, stack(0x000000a488000000,0x000000a488100000) (1024K)]
  0x000001fbaa32eee0 JavaThread "Unconstrained build operations Thread 72"        [_thread_blocked, id=16848, stack(0x000000a488100000,0x000000a488200000) (1024K)]
  0x000001fbaa32f570 JavaThread "Unconstrained build operations Thread 73"        [_thread_blocked, id=2248, stack(0x000000a488200000,0x000000a488300000) (1024K)]
  0x000001fbaa32fc00 JavaThread "Unconstrained build operations Thread 74"        [_thread_blocked, id=17440, stack(0x000000a488300000,0x000000a488400000) (1024K)]
  0x000001fbaa330290 JavaThread "Unconstrained build operations Thread 75"        [_thread_blocked, id=25512, stack(0x000000a488400000,0x000000a488500000) (1024K)]
  0x000001fbaa32d4a0 JavaThread "Unconstrained build operations Thread 76"        [_thread_blocked, id=25508, stack(0x000000a488500000,0x000000a488600000) (1024K)]
  0x000001fbaa330fb0 JavaThread "Unconstrained build operations Thread 77"        [_thread_blocked, id=12296, stack(0x000000a488600000,0x000000a488700000) (1024K)]
  0x000001fbaa3329f0 JavaThread "Unconstrained build operations Thread 78"        [_thread_blocked, id=24548, stack(0x000000a488700000,0x000000a488800000) (1024K)]
  0x000001fbaa330920 JavaThread "Unconstrained build operations Thread 79"        [_thread_blocked, id=23624, stack(0x000000a488800000,0x000000a488900000) (1024K)]
  0x000001fbaa331640 JavaThread "Unconstrained build operations Thread 80"        [_thread_blocked, id=4500, stack(0x000000a488900000,0x000000a488a00000) (1024K)]
  0x000001fbaa331cd0 JavaThread "Unconstrained build operations Thread 81"        [_thread_blocked, id=4772, stack(0x000000a488a00000,0x000000a488b00000) (1024K)]
  0x000001fbbf9c5ed0 JavaThread "Unconstrained build operations Thread 82"        [_thread_blocked, id=18380, stack(0x000000a488b00000,0x000000a488c00000) (1024K)]
  0x000001fbbf9c7910 JavaThread "Unconstrained build operations Thread 83"        [_thread_blocked, id=11568, stack(0x000000a488c00000,0x000000a488d00000) (1024K)]
  0x000001fbbf9c6560 JavaThread "Unconstrained build operations Thread 84"        [_thread_blocked, id=25932, stack(0x000000a488d00000,0x000000a488e00000) (1024K)]
  0x000001fbbf9c7280 JavaThread "Unconstrained build operations Thread 85"        [_thread_blocked, id=26148, stack(0x000000a488e00000,0x000000a488f00000) (1024K)]
  0x000001fbbf9c6bf0 JavaThread "Unconstrained build operations Thread 86"        [_thread_blocked, id=11256, stack(0x000000a488f00000,0x000000a489000000) (1024K)]
  0x000001fbbf9c8630 JavaThread "Unconstrained build operations Thread 87"        [_thread_blocked, id=20940, stack(0x000000a489000000,0x000000a489100000) (1024K)]
  0x000001fbbf9c8cc0 JavaThread "Unconstrained build operations Thread 88"        [_thread_blocked, id=28576, stack(0x000000a489100000,0x000000a489200000) (1024K)]
  0x000001fbc61a0cf0 JavaThread "Unconstrained build operations Thread 89"        [_thread_blocked, id=25304, stack(0x000000a489200000,0x000000a489300000) (1024K)]
  0x000001fbc619f2b0 JavaThread "Unconstrained build operations Thread 90"        [_thread_blocked, id=25336, stack(0x000000a489300000,0x000000a489400000) (1024K)]
  0x000001fbb854d420 JavaThread "Unconstrained build operations Thread 91"        [_thread_blocked, id=4148, stack(0x000000a489400000,0x000000a489500000) (1024K)]
  0x000001fbb854dab0 JavaThread "Unconstrained build operations Thread 92"        [_thread_blocked, id=28044, stack(0x000000a489500000,0x000000a489600000) (1024K)]
  0x000001fbb854e140 JavaThread "Unconstrained build operations Thread 93"        [_thread_blocked, id=7676, stack(0x000000a489600000,0x000000a489700000) (1024K)]
  0x000001fbc396da90 JavaThread "Unconstrained build operations Thread 94"        [_thread_blocked, id=17548, stack(0x000000a489700000,0x000000a489800000) (1024K)]
  0x000001fb99a93780 JavaThread "Unconstrained build operations Thread 95"        [_thread_blocked, id=6388, stack(0x000000a489800000,0x000000a489900000) (1024K)]
  0x000001fb99a92a60 JavaThread "Unconstrained build operations Thread 96"        [_thread_blocked, id=21228, stack(0x000000a489900000,0x000000a489a00000) (1024K)]
  0x000001fb99a03340 JavaThread "Unconstrained build operations Thread 97"        [_thread_blocked, id=23536, stack(0x000000a489a00000,0x000000a489b00000) (1024K)]
  0x000001fb99a05410 JavaThread "Unconstrained build operations Thread 98"        [_thread_blocked, id=27024, stack(0x000000a489b00000,0x000000a489c00000) (1024K)]
  0x000001fb99a02620 JavaThread "Unconstrained build operations Thread 99"        [_thread_blocked, id=24388, stack(0x000000a489c00000,0x000000a489d00000) (1024K)]
  0x000001fb99a04060 JavaThread "Unconstrained build operations Thread 100"        [_thread_blocked, id=24344, stack(0x000000a489d00000,0x000000a489e00000) (1024K)]
  0x000001fb99a046f0 JavaThread "Unconstrained build operations Thread 101"        [_thread_blocked, id=20904, stack(0x000000a489e00000,0x000000a489f00000) (1024K)]
  0x000001fb99a04d80 JavaThread "Unconstrained build operations Thread 102"        [_thread_blocked, id=23480, stack(0x000000a489f00000,0x000000a48a000000) (1024K)]
  0x000001fb99a039d0 JavaThread "Unconstrained build operations Thread 103"        [_thread_blocked, id=25156, stack(0x000000a48a000000,0x000000a48a100000) (1024K)]
  0x000001fb99a01f90 JavaThread "Unconstrained build operations Thread 104"        [_thread_blocked, id=24180, stack(0x000000a48a100000,0x000000a48a200000) (1024K)]
  0x000001fbc38406d0 JavaThread "Unconstrained build operations Thread 105"        [_thread_blocked, id=25816, stack(0x000000a48a200000,0x000000a48a300000) (1024K)]
  0x000001fbc38434c0 JavaThread "Unconstrained build operations Thread 106"        [_thread_blocked, id=26016, stack(0x000000a48a300000,0x000000a48a400000) (1024K)]
  0x000001fbc3840040 JavaThread "Unconstrained build operations Thread 107"        [_thread_blocked, id=3188, stack(0x000000a48a400000,0x000000a48a500000) (1024K)]
  0x000001fbc38413f0 JavaThread "Unconstrained build operations Thread 108"        [_thread_blocked, id=8648, stack(0x000000a48a500000,0x000000a48a600000) (1024K)]
  0x000001fb99a944a0 JavaThread "Unconstrained build operations Thread 109"        [_thread_blocked, id=27276, stack(0x000000a48a600000,0x000000a48a700000) (1024K)]
  0x000001fb99a916b0 JavaThread "Unconstrained build operations Thread 110"        [_thread_blocked, id=22596, stack(0x000000a48a700000,0x000000a48a800000) (1024K)]
  0x000001fb99a94b30 JavaThread "Unconstrained build operations Thread 111"        [_thread_blocked, id=5140, stack(0x000000a48a800000,0x000000a48a900000) (1024K)]
  0x000001fbc3840d60 JavaThread "Unconstrained build operations Thread 112"        [_thread_blocked, id=19340, stack(0x000000a48a900000,0x000000a48aa00000) (1024K)]
  0x000001fbc3841a80 JavaThread "Unconstrained build operations Thread 113"        [_thread_blocked, id=26392, stack(0x000000a48aa00000,0x000000a48ab00000) (1024K)]
  0x000001fbc38427a0 JavaThread "Unconstrained build operations Thread 114"        [_thread_blocked, id=22668, stack(0x000000a48ab00000,0x000000a48ac00000) (1024K)]
  0x000001fbc3842e30 JavaThread "Unconstrained build operations Thread 115"        [_thread_blocked, id=27244, stack(0x000000a48ac00000,0x000000a48ad00000) (1024K)]
  0x000001fbaa7d13c0 JavaThread "Unconstrained build operations Thread 116"        [_thread_blocked, id=28196, stack(0x000000a48ad00000,0x000000a48ae00000) (1024K)]
  0x000001fbaa7d1a50 JavaThread "Unconstrained build operations Thread 117"        [_thread_blocked, id=6380, stack(0x000000a48ae00000,0x000000a48af00000) (1024K)]
  0x000001fbaa7d2770 JavaThread "Unconstrained build operations Thread 118"        [_thread_blocked, id=13508, stack(0x000000a48af00000,0x000000a48b000000) (1024K)]
  0x000001fbaa7cf980 JavaThread "Unconstrained build operations Thread 119"        [_thread_blocked, id=8532, stack(0x000000a48b000000,0x000000a48b100000) (1024K)]
  0x000001fbaa7d0d30 JavaThread "Unconstrained build operations Thread 120"        [_thread_blocked, id=19260, stack(0x000000a48b100000,0x000000a48b200000) (1024K)]
  0x000001fbaa7d06a0 JavaThread "Unconstrained build operations Thread 121"        [_thread_blocked, id=27476, stack(0x000000a48b200000,0x000000a48b300000) (1024K)]
  0x000001fbc34b9bf0 JavaThread "Unconstrained build operations Thread 122"        [_thread_blocked, id=14580, stack(0x000000a48b500000,0x000000a48b600000) (1024K)]
  0x000001fbc34bc350 JavaThread "Unconstrained build operations Thread 123"        [_thread_blocked, id=21340, stack(0x000000a48b600000,0x000000a48b700000) (1024K)]
  0x000001fbc34b9560 JavaThread "Unconstrained build operations Thread 124"        [_thread_blocked, id=27780, stack(0x000000a48b700000,0x000000a48b800000) (1024K)]
  0x000001fbc34ba280 JavaThread "Unconstrained build operations Thread 125"        [_thread_blocked, id=28512, stack(0x000000a48b800000,0x000000a48b900000) (1024K)]
  0x000001fbc34bbcc0 JavaThread "Unconstrained build operations Thread 126"        [_thread_blocked, id=17876, stack(0x000000a48b900000,0x000000a48ba00000) (1024K)]
  0x000001fb9b176520 JavaThread "Unconstrained build operations Thread 127"        [_thread_blocked, id=27932, stack(0x000000a48ba00000,0x000000a48bb00000) (1024K)]
  0x000001fb9b1799a0 JavaThread "WorkerExecutor Queue Thread 2"        [_thread_blocked, id=23492, stack(0x000000a48bb00000,0x000000a48bc00000) (1024K)]
  0x000001fb99c649c0 JavaThread "Unconstrained build operations Thread 128"        [_thread_blocked, id=21220, stack(0x000000a48bc00000,0x000000a48bd00000) (1024K)]
  0x000001fb981b0a00 JavaThread "pool-103-thread-1"                 [_thread_blocked, id=23784, stack(0x000000a48bd00000,0x000000a48be00000) (1024K)]
  0x000001fb99c65d70 JavaThread "Unconstrained build operations Thread 129"        [_thread_blocked, id=23460, stack(0x000000a48be00000,0x000000a48bf00000) (1024K)]
  0x000001fb99c67120 JavaThread "Unconstrained build operations Thread 130"        [_thread_blocked, id=14344, stack(0x000000a48bf00000,0x000000a48c000000) (1024K)]
  0x000001fb99c63ca0 JavaThread "Unconstrained build operations Thread 131"        [_thread_blocked, id=22064, stack(0x000000a48c000000,0x000000a48c100000) (1024K)]
  0x000001fb99c65050 JavaThread "Unconstrained build operations Thread 132"        [_thread_blocked, id=8656, stack(0x000000a48c100000,0x000000a48c200000) (1024K)]
  0x000001fb99c656e0 JavaThread "Unconstrained build operations Thread 133"        [_thread_blocked, id=23828, stack(0x000000a48c200000,0x000000a48c300000) (1024K)]
  0x000001fb99c677b0 JavaThread "Unconstrained build operations Thread 134"        [_thread_blocked, id=8548, stack(0x000000a48c300000,0x000000a48c400000) (1024K)]
  0x000001fb99c64330 JavaThread "Unconstrained build operations Thread 135"        [_thread_blocked, id=20740, stack(0x000000a48c400000,0x000000a48c500000) (1024K)]
  0x000001fb99c67e40 JavaThread "Unconstrained build operations Thread 136"        [_thread_blocked, id=25164, stack(0x000000a48c500000,0x000000a48c600000) (1024K)]
  0x000001fb99c66400 JavaThread "Unconstrained build operations Thread 137"        [_thread_blocked, id=9680, stack(0x000000a48c600000,0x000000a48c700000) (1024K)]
  0x000001fb99c69f10 JavaThread "Unconstrained build operations Thread 138"        [_thread_blocked, id=22280, stack(0x000000a48c700000,0x000000a48c800000) (1024K)]
  0x000001fb99c6b950 JavaThread "Unconstrained build operations Thread 139"        [_thread_blocked, id=25464, stack(0x000000a48c800000,0x000000a48c900000) (1024K)]
  0x000001fb99c6bfe0 JavaThread "Unconstrained build operations Thread 140"        [_thread_blocked, id=14600, stack(0x000000a48c900000,0x000000a48ca00000) (1024K)]
  0x000001fb99c69880 JavaThread "Unconstrained build operations Thread 141"        [_thread_blocked, id=27128, stack(0x000000a48ca00000,0x000000a48cb00000) (1024K)]
  0x000001fb99c68b60 JavaThread "Unconstrained build operations Thread 142"        [_thread_blocked, id=25828, stack(0x000000a48cb00000,0x000000a48cc00000) (1024K)]
  0x000001fbb8e917a0 JavaThread "stderr"                            [_thread_in_native, id=21804, stack(0x000000a48cc00000,0x000000a48cd00000) (1024K)]
  0x000001fbb8e8f040 JavaThread "stdout"                            [_thread_in_native, id=18784, stack(0x000000a48cd00000,0x000000a48ce00000) (1024K)]
  0x000001fbc34bb630 JavaThread "Unconstrained build operations Thread 143"        [_thread_blocked, id=23384, stack(0x000000a482e00000,0x000000a482f00000) (1024K)]
  0x000001fb99a923d0 JavaThread "Unconstrained build operations Thread 144"        [_thread_blocked, id=22008, stack(0x000000a482f00000,0x000000a483000000) (1024K)]
  0x000001fb99a91d40 JavaThread "Unconstrained build operations Thread 145"        [_thread_blocked, id=14604, stack(0x000000a483400000,0x000000a483500000) (1024K)]
  0x000001fb99a930f0 JavaThread "Unconstrained build operations Thread 146"        [_thread_blocked, id=2980, stack(0x000000a483600000,0x000000a483700000) (1024K)]
  0x000001fb99a93e10 JavaThread "Unconstrained build operations Thread 147"        [_thread_blocked, id=3112, stack(0x000000a483900000,0x000000a483a00000) (1024K)]
  0x000001fb9b1785f0 JavaThread "WorkerExecutor Queue Thread 3"        [_thread_blocked, id=17604, stack(0x000000a483a00000,0x000000a483b00000) (1024K)]
  0x000001fbc6332600 JavaThread "WorkerExecutor Queue Thread 4"        [_thread_in_Java, id=10812, stack(0x000000a483f00000,0x000000a484000000) (1024K)]
  0x000001fb981b3160 JavaThread "Unconstrained build operations Thread 148"        [_thread_blocked, id=5468, stack(0x000000a48ce00000,0x000000a48cf00000) (1024K)]
  0x000001fb981b4510 JavaThread "WorkerExecutor Queue Thread 5"        [_thread_in_Java, id=22532, stack(0x000000a48cf00000,0x000000a48d000000) (1024K)]
  0x000001fbba23a980 JavaThread "Build operations"                  [_thread_blocked, id=25376, stack(0x000000a483c00000,0x000000a483d00000) (1024K)]
  0x000001fbba23a2f0 JavaThread "Build operations Thread 2"         [_thread_blocked, id=12380, stack(0x000000a483d00000,0x000000a483e00000) (1024K)]
  0x000001fbba23bd30 JavaThread "Build operations Thread 3"         [_thread_blocked, id=12356, stack(0x000000a487400000,0x000000a487500000) (1024K)]
  0x000001fbba2388b0 JavaThread "Build operations Thread 4"         [_thread_blocked, id=27408, stack(0x000000a48d100000,0x000000a48d200000) (1024K)]
  0x000001fbba23c3c0 JavaThread "Build operations Thread 5"         [_thread_blocked, id=18792, stack(0x000000a48d200000,0x000000a48d300000) (1024K)]
  0x000001fbba238f40 JavaThread "Build operations Thread 6"         [_thread_blocked, id=22684, stack(0x000000a48d300000,0x000000a48d400000) (1024K)]
  0x000001fbba23ca50 JavaThread "Build operations Thread 7"         [_thread_blocked, id=26476, stack(0x000000a48d400000,0x000000a48d500000) (1024K)]
  0x000001fbba2395d0 JavaThread "Build operations Thread 8"         [_thread_blocked, id=28652, stack(0x000000a48d500000,0x000000a48d600000) (1024K)]
  0x000001fbba23d770 JavaThread "Build operations Thread 9"         [_thread_blocked, id=2116, stack(0x000000a48d600000,0x000000a48d700000) (1024K)]
  0x000001fbba23f840 JavaThread "Build operations Thread 10"        [_thread_blocked, id=26152, stack(0x000000a48d700000,0x000000a48d800000) (1024K)]
  0x000001fbba23f1b0 JavaThread "Build operations Thread 11"        [_thread_blocked, id=24520, stack(0x000000a48d800000,0x000000a48d900000) (1024K)]
  0x000001fbba23e490 JavaThread "Build operations Thread 12"        [_thread_blocked, id=25404, stack(0x000000a48d900000,0x000000a48da00000) (1024K)]
  0x000001fbba23fed0 JavaThread "Build operations Thread 13"        [_thread_blocked, id=11304, stack(0x000000a48da00000,0x000000a48db00000) (1024K)]
  0x000001fbba23d0e0 JavaThread "Build operations Thread 14"        [_thread_blocked, id=11504, stack(0x000000a48db00000,0x000000a48dc00000) (1024K)]
  0x000001fbb854e7d0 JavaThread "Build operations Thread 15"        [_thread_blocked, id=17180, stack(0x000000a48de00000,0x000000a48df00000) (1024K)]
  0x000001fb9b0cc210 JavaThread "C2 CompilerThread1"         daemon [_thread_in_native, id=21956, stack(0x000000a48df00000,0x000000a48e000000) (1024K)]
  0x000001fba9645b70 JavaThread "C1 CompilerThread1"         daemon [_thread_blocked, id=23808, stack(0x000000a480400000,0x000000a480500000) (1024K)]
  0x000001fba9646240 JavaThread "C2 CompilerThread2"         daemon [_thread_in_native, id=11440, stack(0x000000a483b00000,0x000000a483c00000) (1024K)]
  0x000001fba9642bc0 JavaThread "C2 CompilerThread3"         daemon [_thread_in_native, id=10712, stack(0x000000a487000000,0x000000a487100000) (1024K)]
  0x000001fba9647d80 JavaThread "C1 CompilerThread2"         daemon [_thread_blocked, id=10284, stack(0x000000a487200000,0x000000a487300000) (1024K)]
  0x000001fbc6330530 JavaThread "Unconstrained build operations Thread 149"        [_thread_blocked, id=27316, stack(0x000000a48e100000,0x000000a48e200000) (1024K)]
  0x000001fbc632f810 JavaThread "Unconstrained build operations Thread 150"        [_thread_blocked, id=16988, stack(0x000000a48e200000,0x000000a48e300000) (1024K)]
  0x000001fbc6333320 JavaThread "Unconstrained build operations Thread 151"        [_thread_blocked, id=16208, stack(0x000000a48e300000,0x000000a48e400000) (1024K)]
  0x000001fbc632fea0 JavaThread "Unconstrained build operations Thread 152"        [_thread_blocked, id=25888, stack(0x000000a48e400000,0x000000a48e500000) (1024K)]
  0x000001fbc6334d60 JavaThread "Unconstrained build operations Thread 153"        [_thread_blocked, id=25904, stack(0x000000a48e500000,0x000000a48e600000) (1024K)]
  0x000001fbc63346d0 JavaThread "Unconstrained build operations Thread 154"        [_thread_blocked, id=13988, stack(0x000000a48e600000,0x000000a48e700000) (1024K)]
  0x000001fbc63339b0 JavaThread "Unconstrained build operations Thread 155"        [_thread_blocked, id=12480, stack(0x000000a48e700000,0x000000a48e800000) (1024K)]
  0x000001fbc63353f0 JavaThread "Unconstrained build operations Thread 156"        [_thread_blocked, id=14260, stack(0x000000a48e800000,0x000000a48e900000) (1024K)]
  0x000001fbc6335a80 JavaThread "Unconstrained build operations Thread 157"        [_thread_blocked, id=28592, stack(0x000000a48e900000,0x000000a48ea00000) (1024K)]
  0x000001fbc0df2d50 JavaThread "Unconstrained build operations Thread 158"        [_thread_blocked, id=1348, stack(0x000000a48ea00000,0x000000a48eb00000) (1024K)]
  0x000001fbc0df4e20 JavaThread "Unconstrained build operations Thread 159"        [_thread_blocked, id=972, stack(0x000000a48eb00000,0x000000a48ec00000) (1024K)]
  0x000001fbc0df3a70 JavaThread "Unconstrained build operations Thread 160"        [_thread_blocked, id=23652, stack(0x000000a48ec00000,0x000000a48ed00000) (1024K)]
  0x000001fbc34bc9e0 JavaThread "WorkerExecutor Queue Thread 6"        [_thread_blocked, id=14148, stack(0x000000a48e000000,0x000000a48e100000) (1024K)]
  0x000001fba96491f0 JavaThread "C2 CompilerThread4"         daemon [_thread_in_native, id=24664, stack(0x000000a48ed00000,0x000000a48ee00000) (1024K)]
  0x000001fb971564a0 JavaThread "WorkerExecutor Queue Thread 7"        [_thread_blocked, id=14984, stack(0x000000a48ee00000,0x000000a48ef00000) (1024K)]
  0x000001fba96476b0 JavaThread "C2 CompilerThread5"         daemon [_thread_in_native, id=24988, stack(0x000000a48ef00000,0x000000a48f000000) (1024K)]
  0x000001fba9648450 JavaThread "C2 CompilerThread6"         daemon [_thread_in_native, id=27188, stack(0x000000a48f000000,0x000000a48f100000) (1024K)]
  0x000001fbc0df2030 JavaThread "WorkerExecutor Queue Thread 8"        [_thread_blocked, id=17696, stack(0x000000a48f200000,0x000000a48f300000) (1024K)]
  0x000001fba9646910 JavaThread "C2 CompilerThread7"         daemon [_thread_in_native, id=24600, stack(0x000000a48f500000,0x000000a48f600000) (1024K)]
  0x000001fba9648b20 JavaThread "C1 CompilerThread3"         daemon [_thread_blocked, id=27040, stack(0x000000a483500000,0x000000a483600000) (1024K)]
  0x000001fb97157ee0 JavaThread "WorkerExecutor Queue Thread 9"        [_thread_blocked, id=25612, stack(0x000000a483800000,0x000000a483900000) (1024K)]
  0x000001fbc1c87840 JavaThread "ForkJoinPool-4-worker-1"    daemon [_thread_blocked, id=20604, stack(0x000000a483e00000,0x000000a483f00000) (1024K)]
  0x000001fbc1c89fa0 JavaThread "ForkJoinPool-4-worker-2"    daemon [_thread_blocked, id=28648, stack(0x000000a486a00000,0x000000a486b00000) (1024K)]
  0x000001fbc1c89910 JavaThread "ForkJoinPool-4-worker-3"    daemon [_thread_blocked, id=22456, stack(0x000000a48b300000,0x000000a48b400000) (1024K)]
  0x000001fb8ebaa510 JavaThread "ForkJoinPool-4-worker-4"    daemon [_thread_blocked, id=28264, stack(0x000000a48b400000,0x000000a48b500000) (1024K)]
  0x000001fbaabec530 JavaThread "ForkJoinPool-4-worker-5"    daemon [_thread_blocked, id=10276, stack(0x000000a48d000000,0x000000a48d100000) (1024K)]
  0x000001fb8ebaaba0 JavaThread "ForkJoinPool-4-worker-6"    daemon [_thread_blocked, id=12980, stack(0x000000a48dd00000,0x000000a48de00000) (1024K)]
  0x000001fbc1c89280 JavaThread "ForkJoinPool-4-worker-7"    daemon [_thread_blocked, id=25680, stack(0x000000a48f400000,0x000000a48f500000) (1024K)]
  0x000001fb8f9144f0 JavaThread "ForkJoinPool-4-worker-8"    daemon [_thread_blocked, id=12840, stack(0x000000a48f600000,0x000000a48f700000) (1024K)]
Total: 268

Other Threads:
  0x000001fb42a8e660 VMThread "VM Thread"                           [id=7076, stack(0x000000a4f3200000,0x000000a4f3300000) (1024K)]
  0x000001fb42c619e0 WatcherThread "VM Periodic Task Thread"        [id=17816, stack(0x000000a4f3100000,0x000000a4f3200000) (1024K)]
  0x000001fb22c1b060 WorkerThread "GC Thread#0"                     [id=13932, stack(0x000000a4f2c00000,0x000000a4f2d00000) (1024K)]
  0x000001fb883fa050 WorkerThread "GC Thread#1"                     [id=25188, stack(0x000000a4f4300000,0x000000a4f4400000) (1024K)]
  0x000001fb883fb4e0 WorkerThread "GC Thread#2"                     [id=26936, stack(0x000000a4f4400000,0x000000a4f4500000) (1024K)]
  0x000001fb8858e5a0 WorkerThread "GC Thread#3"                     [id=21152, stack(0x000000a4f4500000,0x000000a4f4600000) (1024K)]
  0x000001fb888b3f00 WorkerThread "GC Thread#4"                     [id=24780, stack(0x000000a4f4600000,0x000000a4f4700000) (1024K)]
  0x000001fb888b42a0 WorkerThread "GC Thread#5"                     [id=21172, stack(0x000000a4f4700000,0x000000a4f4800000) (1024K)]
  0x000001fb882ccbe0 WorkerThread "GC Thread#6"                     [id=4992, stack(0x000000a4f4800000,0x000000a4f4900000) (1024K)]
  0x000001fb882ccf80 WorkerThread "GC Thread#7"                     [id=27844, stack(0x000000a4f4900000,0x000000a4f4a00000) (1024K)]
  0x000001fb882cd320 WorkerThread "GC Thread#8"                     [id=25124, stack(0x000000a4f4a00000,0x000000a4f4b00000) (1024K)]
  0x000001fb884f9fb0 WorkerThread "GC Thread#9"                     [id=27268, stack(0x000000a4f4b00000,0x000000a4f4c00000) (1024K)]
  0x000001fb8814c800 WorkerThread "GC Thread#10"                    [id=24620, stack(0x000000a4f4c00000,0x000000a4f4d00000) (1024K)]
  0x000001fb8814cba0 WorkerThread "GC Thread#11"                    [id=28008, stack(0x000000a4f4d00000,0x000000a4f4e00000) (1024K)]
  0x000001fb8814c460 WorkerThread "GC Thread#12"                    [id=23760, stack(0x000000a4f4f00000,0x000000a4f5000000) (1024K)]
  0x000001fb22c2bf50 ConcurrentGCThread "G1 Main Marker"            [id=7140, stack(0x000000a4f2d00000,0x000000a4f2e00000) (1024K)]
  0x000001fb22c2c960 WorkerThread "G1 Conc#0"                       [id=23856, stack(0x000000a4f2e00000,0x000000a4f2f00000) (1024K)]
  0x000001fb8814b5e0 WorkerThread "G1 Conc#1"                       [id=25240, stack(0x000000a4f5b00000,0x000000a4f5c00000) (1024K)]
  0x000001fb8c8033e0 WorkerThread "G1 Conc#2"                       [id=4760, stack(0x000000a4f5c00000,0x000000a4f5d00000) (1024K)]
  0x000001fb429d3620 ConcurrentGCThread "G1 Refine#0"               [id=23748, stack(0x000000a4f2f00000,0x000000a4f3000000) (1024K)]
  0x000001fb99e36820 ConcurrentGCThread "G1 Refine#1"               [id=6460, stack(0x000000a483100000,0x000000a483200000) (1024K)]
  0x000001fb99e338b0 ConcurrentGCThread "G1 Refine#2"               [id=24488, stack(0x000000a48dc00000,0x000000a48dd00000) (1024K)]
  0x000001fb429d3f40 ConcurrentGCThread "G1 Service"                [id=13240, stack(0x000000a4f3000000,0x000000a4f3100000) (1024K)]
Total: 23

Threads with active compile tasks:
C2 CompilerThread0  13432668 347160       4       org.jetbrains.kotlin.fir.resolve.transformers.FirCallCompletionResultsWriterTransformer::computeTypeArgumentTypes (204 bytes)
C2 CompilerThread1  13432668 345974       4       org.jetbrains.kotlin.fir.resolve.calls.candidate.CandidateFactoryKt::processConstraintStorageFromExpression (215 bytes)
C2 CompilerThread2  13432669 353032       4       org.jetbrains.kotlin.fir.resolve.calls.FirCallResolver::resolveVariableAccessAndSelectCandidateImpl (1241 bytes)
C2 CompilerThread3  13432669 347442       4       org.jetbrains.kotlin.types.AbstractNullabilityChecker::hasNotNullSupertype (466 bytes)
C2 CompilerThread4  13432669 355371       4       org.jetbrains.kotlin.types.model.TypeSystemInferenceExtensionContext::extractTypeOf (114 bytes)
C2 CompilerThread5  13432670 355816       4       org.jetbrains.kotlin.fir.resolve.dfa.cfg.ControlFlowGraphBuilder::enterCallArguments (205 bytes)
C2 CompilerThread6  13432670 347165       4       org.jetbrains.kotlin.fir.resolve.transformers.FirCallCompletionResultsWriterTransformer::computeTypeArguments (481 bytes)
C2 CompilerThread7  13432670 349665       4       org.jetbrains.kotlin.analysis.api.fir.KaSymbolByFirBuilder$FunctionSymbolBuilder::buildNamedFunctionSymbol (1124 bytes)
Total: 8

VM state: not at safepoint (normal execution)

VM Mutex/Monitor currently owned by a thread: None

Heap address: 0x0000000700000000, size: 4096 MB, Compressed Oops mode: Zero based, Oop shift amount: 3

CDS archive(s) mapped at: [0x000001fb43000000-0x000001fb43c80000-0x000001fb43c80000), size 13107200, SharedBaseAddress: 0x000001fb43000000, ArchiveRelocationMode: 1.
Compressed class space mapped at: 0x000001fb44000000-0x000001fb84000000, reserved size: 1073741824
Narrow klass base: 0x000001fb43000000, Narrow klass shift: 0, Narrow klass range: 0x100000000

GC Precious Log:
 CardTable entry size: 512
 Card Set container configuration: InlinePtr #cards 4 size 8 Array Of Cards #cards 16 size 48 Howl #buckets 8 coarsen threshold 3686 Howl Bitmap #cards 512 size 80 coarsen threshold 460 Card regions per heap region 1 cards per card region 4096
 CPUs: 16 total, 16 available
 Memory: 32439M
 Large Page Support: Disabled
 NUMA Support: Disabled
 Compressed Oops: Enabled (Zero based)
 Heap Region Size: 2M
 Heap Min Capacity: 8M
 Heap Initial Capacity: 508M
 Heap Max Capacity: 4G
 Pre-touch: Disabled
 Parallel Workers: 13
 Concurrent Workers: 3
 Concurrent Refinement Workers: 13
 Periodic GC: Disabled

Heap:
 garbage-first heap   total 1871872K, used 1511354K [0x0000000700000000, 0x0000000800000000)
  region size 2048K, 248 young (507904K), 27 survivors (55296K)
 Metaspace       used 366271K, committed 369216K, reserved 1376256K
  class space    used 44234K, committed 45824K, reserved 1048576K

Heap Regions: E=young(eden), S=young(survivor), O=old, HS=humongous(starts), HC=humongous(continues), CS=collection set, F=free, TAMS=top-at-mark-start, PB=parsable bottom
|   0|0x0000000700000000, 0x0000000700200000, 0x0000000700200000|100%|HS|  |TAMS 0x0000000700000000| PB 0x0000000700000000| Complete 
|   1|0x0000000700200000, 0x0000000700400000, 0x0000000700400000|100%|HC|  |TAMS 0x0000000700200000| PB 0x0000000700200000| Complete 
|   2|0x0000000700400000, 0x0000000700600000, 0x0000000700600000|100%| O|  |TAMS 0x0000000700400000| PB 0x0000000700400000| Untracked 
|   3|0x0000000700600000, 0x0000000700800000, 0x0000000700800000|100%| O|  |TAMS 0x0000000700600000| PB 0x0000000700600000| Untracked 
|   4|0x0000000700800000, 0x0000000700a00000, 0x0000000700a00000|100%| O|  |TAMS 0x0000000700800000| PB 0x0000000700800000| Untracked 
|   5|0x0000000700a00000, 0x0000000700c00000, 0x0000000700c00000|100%| O|  |TAMS 0x0000000700a00000| PB 0x0000000700a00000| Untracked 
|   6|0x0000000700c00000, 0x0000000700e00000, 0x0000000700e00000|100%| O|  |TAMS 0x0000000700c00000| PB 0x0000000700c00000| Untracked 
|   7|0x0000000700e00000, 0x0000000701000000, 0x0000000701000000|100%| O|  |TAMS 0x0000000700e00000| PB 0x0000000700e00000| Untracked 
|   8|0x0000000701000000, 0x0000000701200000, 0x0000000701200000|100%| O|  |TAMS 0x0000000701000000| PB 0x0000000701000000| Untracked 
|   9|0x0000000701200000, 0x0000000701400000, 0x0000000701400000|100%| O|  |TAMS 0x0000000701200000| PB 0x0000000701200000| Untracked 
|  10|0x0000000701400000, 0x00000007015fffa0, 0x0000000701600000| 99%| O|  |TAMS 0x0000000701400000| PB 0x0000000701400000| Untracked 
|  11|0x0000000701600000, 0x0000000701800000, 0x0000000701800000|100%|HS|  |TAMS 0x0000000701600000| PB 0x0000000701600000| Complete 
|  12|0x0000000701800000, 0x00000007019ef3b0, 0x0000000701a00000| 96%| O|  |TAMS 0x0000000701800000| PB 0x0000000701800000| Untracked 
|  13|0x0000000701a00000, 0x0000000701bf4da8, 0x0000000701c00000| 97%| O|  |TAMS 0x0000000701a00000| PB 0x0000000701a00000| Untracked 
|  14|0x0000000701c00000, 0x0000000701dfffd8, 0x0000000701e00000| 99%| O|  |TAMS 0x0000000701c00000| PB 0x0000000701c00000| Untracked 
|  15|0x0000000701e00000, 0x0000000701ffffe8, 0x0000000702000000| 99%| O|  |TAMS 0x0000000701e00000| PB 0x0000000701e00000| Untracked 
|  16|0x0000000702000000, 0x0000000702200000, 0x0000000702200000|100%|HS|  |TAMS 0x0000000702000000| PB 0x0000000702000000| Complete 
|  17|0x0000000702200000, 0x0000000702400000, 0x0000000702400000|100%|HS|  |TAMS 0x0000000702200000| PB 0x0000000702200000| Complete 
|  18|0x0000000702400000, 0x0000000702600000, 0x0000000702600000|100%|HC|  |TAMS 0x0000000702400000| PB 0x0000000702400000| Complete 
|  19|0x0000000702600000, 0x00000007027cf4e0, 0x0000000702800000| 90%| O|  |TAMS 0x0000000702600000| PB 0x0000000702600000| Untracked 
|  20|0x0000000702800000, 0x00000007029fffe8, 0x0000000702a00000| 99%| O|  |TAMS 0x0000000702800000| PB 0x0000000702800000| Untracked 
|  21|0x0000000702a00000, 0x0000000702c00000, 0x0000000702c00000|100%| O|  |TAMS 0x0000000702a00000| PB 0x0000000702a00000| Untracked 
|  22|0x0000000702c00000, 0x0000000702dffff8, 0x0000000702e00000| 99%| O|  |TAMS 0x0000000702c00000| PB 0x0000000702c00000| Untracked 
|  23|0x0000000702e00000, 0x0000000703000000, 0x0000000703000000|100%| O|  |TAMS 0x0000000702e00000| PB 0x0000000702e00000| Untracked 
|  24|0x0000000703000000, 0x00000007031ffff8, 0x0000000703200000| 99%| O|  |TAMS 0x0000000703000000| PB 0x0000000703000000| Untracked 
|  25|0x0000000703200000, 0x0000000703400000, 0x0000000703400000|100%| O|  |TAMS 0x0000000703200000| PB 0x0000000703200000| Untracked 
|  26|0x0000000703400000, 0x00000007035ffff0, 0x0000000703600000| 99%| O|  |TAMS 0x0000000703400000| PB 0x0000000703400000| Untracked 
|  27|0x0000000703600000, 0x0000000703800000, 0x0000000703800000|100%| O|Cm|TAMS 0x0000000703600000| PB 0x0000000703600000| Complete 
|  28|0x0000000703800000, 0x00000007039fd160, 0x0000000703a00000| 99%| O|  |TAMS 0x0000000703800000| PB 0x0000000703800000| Untracked 
|  29|0x0000000703a00000, 0x0000000703c00000, 0x0000000703c00000|100%| O|  |TAMS 0x0000000703a00000| PB 0x0000000703a00000| Untracked 
|  30|0x0000000703c00000, 0x0000000703dffff0, 0x0000000703e00000| 99%| O|  |TAMS 0x0000000703c00000| PB 0x0000000703c00000| Untracked 
|  31|0x0000000703e00000, 0x0000000703fffff0, 0x0000000704000000| 99%| O|  |TAMS 0x0000000703e00000| PB 0x0000000703e00000| Untracked 
|  32|0x0000000704000000, 0x00000007041fffe8, 0x0000000704200000| 99%| O|  |TAMS 0x0000000704000000| PB 0x0000000704000000| Untracked 
|  33|0x0000000704200000, 0x0000000704400000, 0x0000000704400000|100%| O|  |TAMS 0x0000000704200000| PB 0x0000000704200000| Untracked 
|  34|0x0000000704400000, 0x00000007045fffe0, 0x0000000704600000| 99%| O|  |TAMS 0x0000000704400000| PB 0x0000000704400000| Untracked 
|  35|0x0000000704600000, 0x0000000704800000, 0x0000000704800000|100%|HS|  |TAMS 0x0000000704600000| PB 0x0000000704600000| Complete 
|  36|0x0000000704800000, 0x0000000704a00000, 0x0000000704a00000|100%|HC|  |TAMS 0x0000000704800000| PB 0x0000000704800000| Complete 
|  37|0x0000000704a00000, 0x0000000704c00000, 0x0000000704c00000|100%| O|  |TAMS 0x0000000704a00000| PB 0x0000000704a00000| Untracked 
|  38|0x0000000704c00000, 0x0000000704dfffb8, 0x0000000704e00000| 99%| O|  |TAMS 0x0000000704c00000| PB 0x0000000704c00000| Untracked 
|  39|0x0000000704e00000, 0x0000000705000000, 0x0000000705000000|100%| O|  |TAMS 0x0000000704e00000| PB 0x0000000704e00000| Untracked 
|  40|0x0000000705000000, 0x0000000705200000, 0x0000000705200000|100%| O|  |TAMS 0x0000000705000000| PB 0x0000000705000000| Untracked 
|  41|0x0000000705200000, 0x00000007053ffff8, 0x0000000705400000| 99%| O|  |TAMS 0x0000000705200000| PB 0x0000000705200000| Untracked 
|  42|0x0000000705400000, 0x0000000705600000, 0x0000000705600000|100%| O|  |TAMS 0x0000000705400000| PB 0x0000000705400000| Untracked 
|  43|0x0000000705600000, 0x00000007057ffff8, 0x0000000705800000| 99%| O|  |TAMS 0x0000000705600000| PB 0x0000000705600000| Untracked 
|  44|0x0000000705800000, 0x0000000705a00000, 0x0000000705a00000|100%| O|  |TAMS 0x0000000705800000| PB 0x0000000705800000| Untracked 
|  45|0x0000000705a00000, 0x0000000705c00000, 0x0000000705c00000|100%| O|  |TAMS 0x0000000705a00000| PB 0x0000000705a00000| Untracked 
|  46|0x0000000705c00000, 0x0000000705dfffd0, 0x0000000705e00000| 99%| O|  |TAMS 0x0000000705c00000| PB 0x0000000705c00000| Untracked 
|  47|0x0000000705e00000, 0x0000000705ffffe0, 0x0000000706000000| 99%| O|  |TAMS 0x0000000705e00000| PB 0x0000000705e00000| Untracked 
|  48|0x0000000706000000, 0x0000000706200000, 0x0000000706200000|100%| O|  |TAMS 0x0000000706000000| PB 0x0000000706000000| Untracked 
|  49|0x0000000706200000, 0x0000000706400000, 0x0000000706400000|100%| O|  |TAMS 0x0000000706200000| PB 0x0000000706200000| Untracked 
|  50|0x0000000706400000, 0x0000000706600000, 0x0000000706600000|100%| O|  |TAMS 0x0000000706400000| PB 0x0000000706400000| Untracked 
|  51|0x0000000706600000, 0x0000000706800000, 0x0000000706800000|100%| O|  |TAMS 0x0000000706600000| PB 0x0000000706600000| Untracked 
|  52|0x0000000706800000, 0x00000007069fffe0, 0x0000000706a00000| 99%| O|  |TAMS 0x0000000706800000| PB 0x0000000706800000| Untracked 
|  53|0x0000000706a00000, 0x0000000706c00000, 0x0000000706c00000|100%| O|  |TAMS 0x0000000706a00000| PB 0x0000000706a00000| Untracked 
|  54|0x0000000706c00000, 0x0000000706e00000, 0x0000000706e00000|100%| O|  |TAMS 0x0000000706c00000| PB 0x0000000706c00000| Untracked 
|  55|0x0000000706e00000, 0x0000000707000000, 0x0000000707000000|100%| O|  |TAMS 0x0000000706e00000| PB 0x0000000706e00000| Untracked 
|  56|0x0000000707000000, 0x00000007071ffff0, 0x0000000707200000| 99%| O|  |TAMS 0x0000000707000000| PB 0x0000000707000000| Untracked 
|  57|0x0000000707200000, 0x0000000707400000, 0x0000000707400000|100%| O|  |TAMS 0x0000000707200000| PB 0x0000000707200000| Untracked 
|  58|0x0000000707400000, 0x0000000707600000, 0x0000000707600000|100%| O|  |TAMS 0x0000000707400000| PB 0x0000000707400000| Untracked 
|  59|0x0000000707600000, 0x0000000707800000, 0x0000000707800000|100%| O|  |TAMS 0x0000000707600000| PB 0x0000000707600000| Untracked 
|  60|0x0000000707800000, 0x0000000707a00000, 0x0000000707a00000|100%| O|  |TAMS 0x0000000707800000| PB 0x0000000707800000| Untracked 
|  61|0x0000000707a00000, 0x0000000707bffff8, 0x0000000707c00000| 99%| O|  |TAMS 0x0000000707a00000| PB 0x0000000707a00000| Untracked 
|  62|0x0000000707c00000, 0x0000000707e00000, 0x0000000707e00000|100%| O|  |TAMS 0x0000000707c00000| PB 0x0000000707c00000| Untracked 
|  63|0x0000000707e00000, 0x0000000708000000, 0x0000000708000000|100%|HS|  |TAMS 0x0000000707e00000| PB 0x0000000707e00000| Complete 
|  64|0x0000000708000000, 0x00000007081ffff0, 0x0000000708200000| 99%| O|  |TAMS 0x0000000708000000| PB 0x0000000708000000| Untracked 
|  65|0x0000000708200000, 0x00000007083fffd8, 0x0000000708400000| 99%| O|  |TAMS 0x0000000708200000| PB 0x0000000708200000| Untracked 
|  66|0x0000000708400000, 0x0000000708600000, 0x0000000708600000|100%| O|  |TAMS 0x0000000708400000| PB 0x0000000708400000| Untracked 
|  67|0x0000000708600000, 0x0000000708800000, 0x0000000708800000|100%| O|  |TAMS 0x0000000708600000| PB 0x0000000708600000| Untracked 
|  68|0x0000000708800000, 0x0000000708a00000, 0x0000000708a00000|100%| O|  |TAMS 0x0000000708800000| PB 0x0000000708800000| Untracked 
|  69|0x0000000708a00000, 0x0000000708c00000, 0x0000000708c00000|100%| O|  |TAMS 0x0000000708a00000| PB 0x0000000708a00000| Untracked 
|  70|0x0000000708c00000, 0x0000000708dffff0, 0x0000000708e00000| 99%| O|  |TAMS 0x0000000708c00000| PB 0x0000000708c00000| Untracked 
|  71|0x0000000708e00000, 0x0000000709000000, 0x0000000709000000|100%| O|  |TAMS 0x0000000708e00000| PB 0x0000000708e00000| Untracked 
|  72|0x0000000709000000, 0x0000000709200000, 0x0000000709200000|100%| O|  |TAMS 0x0000000709000000| PB 0x0000000709000000| Untracked 
|  73|0x0000000709200000, 0x0000000709400000, 0x0000000709400000|100%| O|  |TAMS 0x0000000709200000| PB 0x0000000709200000| Untracked 
|  74|0x0000000709400000, 0x0000000709600000, 0x0000000709600000|100%| O|  |TAMS 0x0000000709400000| PB 0x0000000709400000| Untracked 
|  75|0x0000000709600000, 0x0000000709800000, 0x0000000709800000|100%| O|  |TAMS 0x0000000709600000| PB 0x0000000709600000| Untracked 
|  76|0x0000000709800000, 0x0000000709a00000, 0x0000000709a00000|100%| O|Cm|TAMS 0x0000000709800000| PB 0x0000000709800000| Complete 
|  77|0x0000000709a00000, 0x0000000709c00000, 0x0000000709c00000|100%| O|  |TAMS 0x0000000709a00000| PB 0x0000000709a00000| Untracked 
|  78|0x0000000709c00000, 0x0000000709e00000, 0x0000000709e00000|100%| O|  |TAMS 0x0000000709c00000| PB 0x0000000709c00000| Untracked 
|  79|0x0000000709e00000, 0x000000070a000000, 0x000000070a000000|100%| O|  |TAMS 0x0000000709e00000| PB 0x0000000709e00000| Untracked 
|  80|0x000000070a000000, 0x000000070a200000, 0x000000070a200000|100%| O|  |TAMS 0x000000070a000000| PB 0x000000070a000000| Untracked 
|  81|0x000000070a200000, 0x000000070a3fffe0, 0x000000070a400000| 99%| O|  |TAMS 0x000000070a200000| PB 0x000000070a200000| Untracked 
|  82|0x000000070a400000, 0x000000070a600000, 0x000000070a600000|100%| O|Cm|TAMS 0x000000070a400000| PB 0x000000070a400000| Complete 
|  83|0x000000070a600000, 0x000000070a800000, 0x000000070a800000|100%| O|  |TAMS 0x000000070a600000| PB 0x000000070a600000| Untracked 
|  84|0x000000070a800000, 0x000000070aa00000, 0x000000070aa00000|100%| O|  |TAMS 0x000000070a800000| PB 0x000000070a800000| Untracked 
|  85|0x000000070aa00000, 0x000000070ac00000, 0x000000070ac00000|100%| O|  |TAMS 0x000000070aa00000| PB 0x000000070aa00000| Untracked 
|  86|0x000000070ac00000, 0x000000070ae00000, 0x000000070ae00000|100%| O|  |TAMS 0x000000070ac00000| PB 0x000000070ac00000| Untracked 
|  87|0x000000070ae00000, 0x000000070b000000, 0x000000070b000000|100%| O|  |TAMS 0x000000070ae00000| PB 0x000000070ae00000| Untracked 
|  88|0x000000070b000000, 0x000000070b200000, 0x000000070b200000|100%| O|  |TAMS 0x000000070b000000| PB 0x000000070b000000| Untracked 
|  89|0x000000070b200000, 0x000000070b400000, 0x000000070b400000|100%| O|  |TAMS 0x000000070b200000| PB 0x000000070b200000| Untracked 
|  90|0x000000070b400000, 0x000000070b600000, 0x000000070b600000|100%| O|  |TAMS 0x000000070b400000| PB 0x000000070b400000| Untracked 
|  91|0x000000070b600000, 0x000000070b800000, 0x000000070b800000|100%| O|  |TAMS 0x000000070b600000| PB 0x000000070b600000| Untracked 
|  92|0x000000070b800000, 0x000000070ba00000, 0x000000070ba00000|100%| O|  |TAMS 0x000000070b800000| PB 0x000000070b800000| Untracked 
|  93|0x000000070ba00000, 0x000000070bc00000, 0x000000070bc00000|100%| O|  |TAMS 0x000000070ba00000| PB 0x000000070ba00000| Untracked 
|  94|0x000000070bc00000, 0x000000070bc00000, 0x000000070be00000|  0%| F|  |TAMS 0x000000070bc00000| PB 0x000000070bc00000| Untracked 
|  95|0x000000070be00000, 0x000000070c000000, 0x000000070c000000|100%| O|  |TAMS 0x000000070be00000| PB 0x000000070be00000| Untracked 
|  96|0x000000070c000000, 0x000000070c200000, 0x000000070c200000|100%| O|  |TAMS 0x000000070c000000| PB 0x000000070c000000| Untracked 
|  97|0x000000070c200000, 0x000000070c400000, 0x000000070c400000|100%| O|  |TAMS 0x000000070c200000| PB 0x000000070c200000| Untracked 
|  98|0x000000070c400000, 0x000000070c600000, 0x000000070c600000|100%| O|  |TAMS 0x000000070c400000| PB 0x000000070c400000| Untracked 
|  99|0x000000070c600000, 0x000000070c800000, 0x000000070c800000|100%| O|  |TAMS 0x000000070c600000| PB 0x000000070c600000| Untracked 
| 100|0x000000070c800000, 0x000000070ca00000, 0x000000070ca00000|100%| O|  |TAMS 0x000000070c800000| PB 0x000000070c800000| Untracked 
| 101|0x000000070ca00000, 0x000000070cc00000, 0x000000070cc00000|100%| O|  |TAMS 0x000000070ca00000| PB 0x000000070ca00000| Untracked 
| 102|0x000000070cc00000, 0x000000070ce00000, 0x000000070ce00000|100%| O|  |TAMS 0x000000070cc00000| PB 0x000000070cc00000| Untracked 
| 103|0x000000070ce00000, 0x000000070d000000, 0x000000070d000000|100%| O|  |TAMS 0x000000070ce00000| PB 0x000000070ce00000| Untracked 
| 104|0x000000070d000000, 0x000000070d1a1190, 0x000000070d200000| 81%| O|  |TAMS 0x000000070d000000| PB 0x000000070d000000| Untracked 
| 105|0x000000070d200000, 0x000000070d400000, 0x000000070d400000|100%| O|  |TAMS 0x000000070d200000| PB 0x000000070d200000| Untracked 
| 106|0x000000070d400000, 0x000000070d600000, 0x000000070d600000|100%| O|  |TAMS 0x000000070d400000| PB 0x000000070d400000| Untracked 
| 107|0x000000070d600000, 0x000000070d800000, 0x000000070d800000|100%|HS|  |TAMS 0x000000070d600000| PB 0x000000070d600000| Complete 
| 108|0x000000070d800000, 0x000000070da00000, 0x000000070da00000|100%|HC|  |TAMS 0x000000070d800000| PB 0x000000070d800000| Complete 
| 109|0x000000070da00000, 0x000000070dc00000, 0x000000070dc00000|100%| O|  |TAMS 0x000000070da00000| PB 0x000000070da00000| Untracked 
| 110|0x000000070dc00000, 0x000000070de00000, 0x000000070de00000|100%| O|  |TAMS 0x000000070dc00000| PB 0x000000070dc00000| Untracked 
| 111|0x000000070de00000, 0x000000070e000000, 0x000000070e000000|100%| O|  |TAMS 0x000000070de00000| PB 0x000000070de00000| Untracked 
| 112|0x000000070e000000, 0x000000070e200000, 0x000000070e200000|100%|HS|  |TAMS 0x000000070e000000| PB 0x000000070e000000| Complete 
| 113|0x000000070e200000, 0x000000070e400000, 0x000000070e400000|100%| O|  |TAMS 0x000000070e200000| PB 0x000000070e200000| Untracked 
| 114|0x000000070e400000, 0x000000070e600000, 0x000000070e600000|100%| O|  |TAMS 0x000000070e400000| PB 0x000000070e400000| Untracked 
| 115|0x000000070e600000, 0x000000070e800000, 0x000000070e800000|100%| O|  |TAMS 0x000000070e600000| PB 0x000000070e600000| Untracked 
| 116|0x000000070e800000, 0x000000070ea00000, 0x000000070ea00000|100%|HS|  |TAMS 0x000000070e800000| PB 0x000000070e800000| Complete 
| 117|0x000000070ea00000, 0x000000070ec00000, 0x000000070ec00000|100%|HC|  |TAMS 0x000000070ea00000| PB 0x000000070ea00000| Complete 
| 118|0x000000070ec00000, 0x000000070ee00000, 0x000000070ee00000|100%| O|  |TAMS 0x000000070ec00000| PB 0x000000070ec00000| Untracked 
| 119|0x000000070ee00000, 0x000000070efffff0, 0x000000070f000000| 99%| O|  |TAMS 0x000000070ee00000| PB 0x000000070ee00000| Untracked 
| 120|0x000000070f000000, 0x000000070f200000, 0x000000070f200000|100%| O|  |TAMS 0x000000070f000000| PB 0x000000070f000000| Untracked 
| 121|0x000000070f200000, 0x000000070f400000, 0x000000070f400000|100%| O|  |TAMS 0x000000070f200000| PB 0x000000070f200000| Untracked 
| 122|0x000000070f400000, 0x000000070f600000, 0x000000070f600000|100%| O|  |TAMS 0x000000070f400000| PB 0x000000070f400000| Untracked 
| 123|0x000000070f600000, 0x000000070f800000, 0x000000070f800000|100%| O|  |TAMS 0x000000070f600000| PB 0x000000070f600000| Untracked 
| 124|0x000000070f800000, 0x000000070fa00000, 0x000000070fa00000|100%| O|  |TAMS 0x000000070f800000| PB 0x000000070f800000| Untracked 
| 125|0x000000070fa00000, 0x000000070fc00000, 0x000000070fc00000|100%| O|  |TAMS 0x000000070fa00000| PB 0x000000070fa00000| Untracked 
| 126|0x000000070fc00000, 0x000000070fe00000, 0x000000070fe00000|100%| O|  |TAMS 0x000000070fc00000| PB 0x000000070fc00000| Untracked 
| 127|0x000000070fe00000, 0x0000000710000000, 0x0000000710000000|100%| O|  |TAMS 0x000000070fe00000| PB 0x000000070fe00000| Untracked 
| 128|0x0000000710000000, 0x0000000710200000, 0x0000000710200000|100%| O|  |TAMS 0x0000000710000000| PB 0x0000000710000000| Untracked 
| 129|0x0000000710200000, 0x0000000710400000, 0x0000000710400000|100%| O|  |TAMS 0x0000000710200000| PB 0x0000000710200000| Untracked 
| 130|0x0000000710400000, 0x0000000710600000, 0x0000000710600000|100%| O|  |TAMS 0x0000000710400000| PB 0x0000000710400000| Untracked 
| 131|0x0000000710600000, 0x0000000710800000, 0x0000000710800000|100%| O|  |TAMS 0x0000000710600000| PB 0x0000000710600000| Untracked 
| 132|0x0000000710800000, 0x0000000710a00000, 0x0000000710a00000|100%| O|  |TAMS 0x0000000710800000| PB 0x0000000710800000| Untracked 
| 133|0x0000000710a00000, 0x0000000710c00000, 0x0000000710c00000|100%| O|  |TAMS 0x0000000710a00000| PB 0x0000000710a00000| Untracked 
| 134|0x0000000710c00000, 0x0000000710e00000, 0x0000000710e00000|100%| O|  |TAMS 0x0000000710c00000| PB 0x0000000710c00000| Untracked 
| 135|0x0000000710e00000, 0x0000000711000000, 0x0000000711000000|100%| O|  |TAMS 0x0000000710e00000| PB 0x0000000710e00000| Untracked 
| 136|0x0000000711000000, 0x0000000711200000, 0x0000000711200000|100%| O|  |TAMS 0x0000000711000000| PB 0x0000000711000000| Untracked 
| 137|0x0000000711200000, 0x0000000711400000, 0x0000000711400000|100%| O|  |TAMS 0x0000000711200000| PB 0x0000000711200000| Untracked 
| 138|0x0000000711400000, 0x0000000711400000, 0x0000000711600000|  0%| F|  |TAMS 0x0000000711400000| PB 0x0000000711400000| Untracked 
| 139|0x0000000711600000, 0x0000000711800000, 0x0000000711800000|100%| O|  |TAMS 0x0000000711600000| PB 0x0000000711600000| Untracked 
| 140|0x0000000711800000, 0x0000000711a00000, 0x0000000711a00000|100%| O|  |TAMS 0x0000000711800000| PB 0x0000000711800000| Untracked 
| 141|0x0000000711a00000, 0x0000000711c00000, 0x0000000711c00000|100%| O|  |TAMS 0x0000000711a00000| PB 0x0000000711a00000| Untracked 
| 142|0x0000000711c00000, 0x0000000711e00000, 0x0000000711e00000|100%| O|  |TAMS 0x0000000711c00000| PB 0x0000000711c00000| Untracked 
| 143|0x0000000711e00000, 0x0000000712000000, 0x0000000712000000|100%| O|  |TAMS 0x0000000711e00000| PB 0x0000000711e00000| Untracked 
| 144|0x0000000712000000, 0x0000000712200000, 0x0000000712200000|100%| O|  |TAMS 0x0000000712000000| PB 0x0000000712000000| Untracked 
| 145|0x0000000712200000, 0x0000000712400000, 0x0000000712400000|100%| O|  |TAMS 0x0000000712200000| PB 0x0000000712200000| Untracked 
| 146|0x0000000712400000, 0x0000000712600000, 0x0000000712600000|100%| O|  |TAMS 0x0000000712400000| PB 0x0000000712400000| Untracked 
| 147|0x0000000712600000, 0x0000000712800000, 0x0000000712800000|100%| O|  |TAMS 0x0000000712600000| PB 0x0000000712600000| Untracked 
| 148|0x0000000712800000, 0x0000000712a00000, 0x0000000712a00000|100%| O|  |TAMS 0x0000000712800000| PB 0x0000000712800000| Untracked 
| 149|0x0000000712a00000, 0x0000000712c00000, 0x0000000712c00000|100%| O|  |TAMS 0x0000000712a00000| PB 0x0000000712a00000| Untracked 
| 150|0x0000000712c00000, 0x0000000712e00000, 0x0000000712e00000|100%| O|  |TAMS 0x0000000712c00000| PB 0x0000000712c00000| Untracked 
| 151|0x0000000712e00000, 0x0000000713000000, 0x0000000713000000|100%| O|  |TAMS 0x0000000712e00000| PB 0x0000000712e00000| Untracked 
| 152|0x0000000713000000, 0x0000000713200000, 0x0000000713200000|100%| O|  |TAMS 0x0000000713000000| PB 0x0000000713000000| Untracked 
| 153|0x0000000713200000, 0x0000000713400000, 0x0000000713400000|100%| O|  |TAMS 0x0000000713200000| PB 0x0000000713200000| Untracked 
| 154|0x0000000713400000, 0x0000000713600000, 0x0000000713600000|100%| O|  |TAMS 0x0000000713400000| PB 0x0000000713400000| Untracked 
| 155|0x0000000713600000, 0x0000000713800000, 0x0000000713800000|100%| O|  |TAMS 0x0000000713600000| PB 0x0000000713600000| Untracked 
| 156|0x0000000713800000, 0x0000000713a00000, 0x0000000713a00000|100%| O|  |TAMS 0x0000000713800000| PB 0x0000000713800000| Untracked 
| 157|0x0000000713a00000, 0x0000000713c00000, 0x0000000713c00000|100%| O|  |TAMS 0x0000000713a00000| PB 0x0000000713a00000| Untracked 
| 158|0x0000000713c00000, 0x0000000713c00000, 0x0000000713e00000|  0%| F|  |TAMS 0x0000000713c00000| PB 0x0000000713c00000| Untracked 
| 159|0x0000000713e00000, 0x0000000713e00000, 0x0000000714000000|  0%| F|  |TAMS 0x0000000713e00000| PB 0x0000000713e00000| Untracked 
| 160|0x0000000714000000, 0x0000000714200000, 0x0000000714200000|100%| O|  |TAMS 0x0000000714000000| PB 0x0000000714000000| Untracked 
| 161|0x0000000714200000, 0x0000000714400000, 0x0000000714400000|100%| O|  |TAMS 0x0000000714200000| PB 0x0000000714200000| Untracked 
| 162|0x0000000714400000, 0x0000000714600000, 0x0000000714600000|100%| O|  |TAMS 0x0000000714400000| PB 0x0000000714400000| Untracked 
| 163|0x0000000714600000, 0x0000000714800000, 0x0000000714800000|100%| O|  |TAMS 0x0000000714600000| PB 0x0000000714600000| Untracked 
| 164|0x0000000714800000, 0x0000000714a00000, 0x0000000714a00000|100%| O|  |TAMS 0x0000000714800000| PB 0x0000000714800000| Untracked 
| 165|0x0000000714a00000, 0x0000000714c00000, 0x0000000714c00000|100%| O|Cm|TAMS 0x0000000714a00000| PB 0x0000000714a00000| Complete 
| 166|0x0000000714c00000, 0x0000000714e00000, 0x0000000714e00000|100%| O|  |TAMS 0x0000000714c00000| PB 0x0000000714c00000| Untracked 
| 167|0x0000000714e00000, 0x0000000715000000, 0x0000000715000000|100%| O|  |TAMS 0x0000000714e00000| PB 0x0000000714e00000| Untracked 
| 168|0x0000000715000000, 0x0000000715200000, 0x0000000715200000|100%| O|  |TAMS 0x0000000715000000| PB 0x0000000715000000| Untracked 
| 169|0x0000000715200000, 0x0000000715400000, 0x0000000715400000|100%| O|  |TAMS 0x0000000715200000| PB 0x0000000715200000| Untracked 
| 170|0x0000000715400000, 0x0000000715600000, 0x0000000715600000|100%| O|  |TAMS 0x0000000715400000| PB 0x0000000715400000| Untracked 
| 171|0x0000000715600000, 0x0000000715800000, 0x0000000715800000|100%| O|  |TAMS 0x0000000715600000| PB 0x0000000715600000| Untracked 
| 172|0x0000000715800000, 0x0000000715a00000, 0x0000000715a00000|100%| O|  |TAMS 0x0000000715800000| PB 0x0000000715800000| Untracked 
| 173|0x0000000715a00000, 0x0000000715c00000, 0x0000000715c00000|100%| O|  |TAMS 0x0000000715a00000| PB 0x0000000715a00000| Untracked 
| 174|0x0000000715c00000, 0x0000000715e00000, 0x0000000715e00000|100%| O|  |TAMS 0x0000000715c00000| PB 0x0000000715c00000| Untracked 
| 175|0x0000000715e00000, 0x0000000716000000, 0x0000000716000000|100%| O|  |TAMS 0x0000000715e00000| PB 0x0000000715e00000| Untracked 
| 176|0x0000000716000000, 0x0000000716000000, 0x0000000716200000|  0%| F|  |TAMS 0x0000000716000000| PB 0x0000000716000000| Untracked 
| 177|0x0000000716200000, 0x0000000716400000, 0x0000000716400000|100%| O|  |TAMS 0x0000000716200000| PB 0x0000000716200000| Untracked 
| 178|0x0000000716400000, 0x0000000716600000, 0x0000000716600000|100%| O|  |TAMS 0x0000000716400000| PB 0x0000000716400000| Untracked 
| 179|0x0000000716600000, 0x0000000716800000, 0x0000000716800000|100%| O|  |TAMS 0x0000000716600000| PB 0x0000000716600000| Untracked 
| 180|0x0000000716800000, 0x0000000716a00000, 0x0000000716a00000|100%| O|  |TAMS 0x0000000716800000| PB 0x0000000716800000| Untracked 
| 181|0x0000000716a00000, 0x0000000716c00000, 0x0000000716c00000|100%| O|  |TAMS 0x0000000716a00000| PB 0x0000000716a00000| Untracked 
| 182|0x0000000716c00000, 0x0000000716e00000, 0x0000000716e00000|100%| O|  |TAMS 0x0000000716c00000| PB 0x0000000716c00000| Untracked 
| 183|0x0000000716e00000, 0x0000000717000000, 0x0000000717000000|100%| O|  |TAMS 0x0000000716e00000| PB 0x0000000716e00000| Untracked 
| 184|0x0000000717000000, 0x0000000717200000, 0x0000000717200000|100%| O|  |TAMS 0x0000000717000000| PB 0x0000000717000000| Untracked 
| 185|0x0000000717200000, 0x0000000717400000, 0x0000000717400000|100%| O|  |TAMS 0x0000000717200000| PB 0x0000000717200000| Untracked 
| 186|0x0000000717400000, 0x0000000717600000, 0x0000000717600000|100%| O|Cm|TAMS 0x0000000717400000| PB 0x0000000717400000| Complete 
| 187|0x0000000717600000, 0x0000000717800000, 0x0000000717800000|100%| O|  |TAMS 0x0000000717600000| PB 0x0000000717600000| Untracked 
| 188|0x0000000717800000, 0x0000000717a00000, 0x0000000717a00000|100%| O|  |TAMS 0x0000000717800000| PB 0x0000000717800000| Untracked 
| 189|0x0000000717a00000, 0x0000000717c00000, 0x0000000717c00000|100%| O|  |TAMS 0x0000000717a00000| PB 0x0000000717a00000| Untracked 
| 190|0x0000000717c00000, 0x0000000717e00000, 0x0000000717e00000|100%| O|  |TAMS 0x0000000717c00000| PB 0x0000000717c00000| Untracked 
| 191|0x0000000717e00000, 0x0000000718000000, 0x0000000718000000|100%| O|  |TAMS 0x0000000717e00000| PB 0x0000000717e00000| Untracked 
| 192|0x0000000718000000, 0x0000000718200000, 0x0000000718200000|100%| O|  |TAMS 0x0000000718000000| PB 0x0000000718000000| Untracked 
| 193|0x0000000718200000, 0x0000000718400000, 0x0000000718400000|100%| O|  |TAMS 0x0000000718200000| PB 0x0000000718200000| Untracked 
| 194|0x0000000718400000, 0x0000000718600000, 0x0000000718600000|100%| O|  |TAMS 0x0000000718400000| PB 0x0000000718400000| Untracked 
| 195|0x0000000718600000, 0x0000000718800000, 0x0000000718800000|100%| O|  |TAMS 0x0000000718600000| PB 0x0000000718600000| Untracked 
| 196|0x0000000718800000, 0x0000000718a00000, 0x0000000718a00000|100%| O|  |TAMS 0x0000000718800000| PB 0x0000000718800000| Untracked 
| 197|0x0000000718a00000, 0x0000000718c00000, 0x0000000718c00000|100%| O|  |TAMS 0x0000000718a00000| PB 0x0000000718a00000| Untracked 
| 198|0x0000000718c00000, 0x0000000718e00000, 0x0000000718e00000|100%| O|Cm|TAMS 0x0000000718c00000| PB 0x0000000718c00000| Complete 
| 199|0x0000000718e00000, 0x0000000719000000, 0x0000000719000000|100%| O|  |TAMS 0x0000000718e00000| PB 0x0000000718e00000| Untracked 
| 200|0x0000000719000000, 0x0000000719200000, 0x0000000719200000|100%| O|  |TAMS 0x0000000719000000| PB 0x0000000719000000| Untracked 
| 201|0x0000000719200000, 0x0000000719400000, 0x0000000719400000|100%| O|  |TAMS 0x0000000719200000| PB 0x0000000719200000| Untracked 
| 202|0x0000000719400000, 0x0000000719600000, 0x0000000719600000|100%| O|  |TAMS 0x0000000719400000| PB 0x0000000719400000| Untracked 
| 203|0x0000000719600000, 0x0000000719800000, 0x0000000719800000|100%| O|  |TAMS 0x0000000719600000| PB 0x0000000719600000| Untracked 
| 204|0x0000000719800000, 0x0000000719a00000, 0x0000000719a00000|100%| O|  |TAMS 0x0000000719800000| PB 0x0000000719800000| Untracked 
| 205|0x0000000719a00000, 0x0000000719c00000, 0x0000000719c00000|100%| O|  |TAMS 0x0000000719a00000| PB 0x0000000719a00000| Untracked 
| 206|0x0000000719c00000, 0x0000000719e00000, 0x0000000719e00000|100%| O|  |TAMS 0x0000000719c00000| PB 0x0000000719c00000| Untracked 
| 207|0x0000000719e00000, 0x000000071a000000, 0x000000071a000000|100%| O|  |TAMS 0x0000000719e00000| PB 0x0000000719e00000| Untracked 
| 208|0x000000071a000000, 0x000000071a200000, 0x000000071a200000|100%| O|  |TAMS 0x000000071a000000| PB 0x000000071a000000| Untracked 
| 209|0x000000071a200000, 0x000000071a400000, 0x000000071a400000|100%| O|Cm|TAMS 0x000000071a200000| PB 0x000000071a200000| Complete 
| 210|0x000000071a400000, 0x000000071a600000, 0x000000071a600000|100%| O|  |TAMS 0x000000071a400000| PB 0x000000071a400000| Untracked 
| 211|0x000000071a600000, 0x000000071a800000, 0x000000071a800000|100%| O|Cm|TAMS 0x000000071a600000| PB 0x000000071a600000| Complete 
| 212|0x000000071a800000, 0x000000071aa00000, 0x000000071aa00000|100%| O|  |TAMS 0x000000071a800000| PB 0x000000071a800000| Untracked 
| 213|0x000000071aa00000, 0x000000071ac00000, 0x000000071ac00000|100%| O|  |TAMS 0x000000071aa00000| PB 0x000000071aa00000| Untracked 
| 214|0x000000071ac00000, 0x000000071ae00000, 0x000000071ae00000|100%| O|  |TAMS 0x000000071ac00000| PB 0x000000071ac00000| Untracked 
| 215|0x000000071ae00000, 0x000000071b000000, 0x000000071b000000|100%| O|  |TAMS 0x000000071ae00000| PB 0x000000071ae00000| Untracked 
| 216|0x000000071b000000, 0x000000071b200000, 0x000000071b200000|100%| O|  |TAMS 0x000000071b000000| PB 0x000000071b000000| Untracked 
| 217|0x000000071b200000, 0x000000071b400000, 0x000000071b400000|100%| O|  |TAMS 0x000000071b200000| PB 0x000000071b200000| Untracked 
| 218|0x000000071b400000, 0x000000071b600000, 0x000000071b600000|100%| O|  |TAMS 0x000000071b400000| PB 0x000000071b400000| Untracked 
| 219|0x000000071b600000, 0x000000071b800000, 0x000000071b800000|100%| O|  |TAMS 0x000000071b600000| PB 0x000000071b600000| Untracked 
| 220|0x000000071b800000, 0x000000071ba00000, 0x000000071ba00000|100%| O|  |TAMS 0x000000071b800000| PB 0x000000071b800000| Untracked 
| 221|0x000000071ba00000, 0x000000071bc00000, 0x000000071bc00000|100%| O|  |TAMS 0x000000071ba00000| PB 0x000000071ba00000| Untracked 
| 222|0x000000071bc00000, 0x000000071be00000, 0x000000071be00000|100%| O|  |TAMS 0x000000071bc00000| PB 0x000000071bc00000| Untracked 
| 223|0x000000071be00000, 0x000000071c000000, 0x000000071c000000|100%| O|  |TAMS 0x000000071be00000| PB 0x000000071be00000| Untracked 
| 224|0x000000071c000000, 0x000000071c200000, 0x000000071c200000|100%| O|  |TAMS 0x000000071c000000| PB 0x000000071c000000| Untracked 
| 225|0x000000071c200000, 0x000000071c400000, 0x000000071c400000|100%| O|  |TAMS 0x000000071c200000| PB 0x000000071c200000| Untracked 
| 226|0x000000071c400000, 0x000000071c600000, 0x000000071c600000|100%| O|  |TAMS 0x000000071c400000| PB 0x000000071c400000| Untracked 
| 227|0x000000071c600000, 0x000000071c800000, 0x000000071c800000|100%| O|  |TAMS 0x000000071c600000| PB 0x000000071c600000| Untracked 
| 228|0x000000071c800000, 0x000000071ca00000, 0x000000071ca00000|100%| O|  |TAMS 0x000000071c800000| PB 0x000000071c800000| Untracked 
| 229|0x000000071ca00000, 0x000000071ca00000, 0x000000071cc00000|  0%| F|  |TAMS 0x000000071ca00000| PB 0x000000071ca00000| Untracked 
| 230|0x000000071cc00000, 0x000000071ce00000, 0x000000071ce00000|100%| O|  |TAMS 0x000000071cc00000| PB 0x000000071cc00000| Untracked 
| 231|0x000000071ce00000, 0x000000071ce00000, 0x000000071d000000|  0%| F|  |TAMS 0x000000071ce00000| PB 0x000000071ce00000| Untracked 
| 232|0x000000071d000000, 0x000000071d200000, 0x000000071d200000|100%| O|  |TAMS 0x000000071d000000| PB 0x000000071d000000| Untracked 
| 233|0x000000071d200000, 0x000000071d400000, 0x000000071d400000|100%| O|  |TAMS 0x000000071d200000| PB 0x000000071d200000| Untracked 
| 234|0x000000071d400000, 0x000000071d600000, 0x000000071d600000|100%| O|  |TAMS 0x000000071d400000| PB 0x000000071d400000| Untracked 
| 235|0x000000071d600000, 0x000000071d800000, 0x000000071d800000|100%| O|  |TAMS 0x000000071d600000| PB 0x000000071d600000| Untracked 
| 236|0x000000071d800000, 0x000000071da00000, 0x000000071da00000|100%| O|  |TAMS 0x000000071d800000| PB 0x000000071d800000| Untracked 
| 237|0x000000071da00000, 0x000000071dc00000, 0x000000071dc00000|100%| O|  |TAMS 0x000000071da00000| PB 0x000000071da00000| Untracked 
| 238|0x000000071dc00000, 0x000000071de00000, 0x000000071de00000|100%| O|  |TAMS 0x000000071dc00000| PB 0x000000071dc00000| Untracked 
| 239|0x000000071de00000, 0x000000071e000000, 0x000000071e000000|100%| O|  |TAMS 0x000000071de00000| PB 0x000000071de00000| Untracked 
| 240|0x000000071e000000, 0x000000071e000000, 0x000000071e200000|  0%| F|  |TAMS 0x000000071e000000| PB 0x000000071e000000| Untracked 
| 241|0x000000071e200000, 0x000000071e400000, 0x000000071e400000|100%| O|  |TAMS 0x000000071e200000| PB 0x000000071e200000| Untracked 
| 242|0x000000071e400000, 0x000000071e400000, 0x000000071e600000|  0%| F|  |TAMS 0x000000071e400000| PB 0x000000071e400000| Untracked 
| 243|0x000000071e600000, 0x000000071e800000, 0x000000071e800000|100%| O|  |TAMS 0x000000071e600000| PB 0x000000071e600000| Untracked 
| 244|0x000000071e800000, 0x000000071ea00000, 0x000000071ea00000|100%| O|  |TAMS 0x000000071e800000| PB 0x000000071e800000| Untracked 
| 245|0x000000071ea00000, 0x000000071ec00000, 0x000000071ec00000|100%| O|  |TAMS 0x000000071ea00000| PB 0x000000071ea00000| Untracked 
| 246|0x000000071ec00000, 0x000000071ee00000, 0x000000071ee00000|100%| O|  |TAMS 0x000000071ec00000| PB 0x000000071ec00000| Untracked 
| 247|0x000000071ee00000, 0x000000071f000000, 0x000000071f000000|100%| O|  |TAMS 0x000000071ee00000| PB 0x000000071ee00000| Untracked 
| 248|0x000000071f000000, 0x000000071f200000, 0x000000071f200000|100%| O|  |TAMS 0x000000071f000000| PB 0x000000071f000000| Untracked 
| 249|0x000000071f200000, 0x000000071f400000, 0x000000071f400000|100%| O|  |TAMS 0x000000071f200000| PB 0x000000071f200000| Untracked 
| 250|0x000000071f400000, 0x000000071f600000, 0x000000071f600000|100%| O|  |TAMS 0x000000071f400000| PB 0x000000071f400000| Untracked 
| 251|0x000000071f600000, 0x000000071f800000, 0x000000071f800000|100%| O|  |TAMS 0x000000071f600000| PB 0x000000071f600000| Untracked 
| 252|0x000000071f800000, 0x000000071fa00000, 0x000000071fa00000|100%| O|  |TAMS 0x000000071f800000| PB 0x000000071f800000| Untracked 
| 253|0x000000071fa00000, 0x000000071fc00000, 0x000000071fc00000|100%| O|  |TAMS 0x000000071fa00000| PB 0x000000071fa00000| Untracked 
| 254|0x000000071fc00000, 0x000000071fe00000, 0x000000071fe00000|100%| O|  |TAMS 0x000000071fc00000| PB 0x000000071fc00000| Untracked 
| 255|0x000000071fe00000, 0x0000000720000000, 0x0000000720000000|100%| O|  |TAMS 0x000000071fe00000| PB 0x000000071fe00000| Untracked 
| 256|0x0000000720000000, 0x0000000720200000, 0x0000000720200000|100%| O|  |TAMS 0x0000000720000000| PB 0x0000000720000000| Untracked 
| 257|0x0000000720200000, 0x0000000720400000, 0x0000000720400000|100%| O|  |TAMS 0x0000000720200000| PB 0x0000000720200000| Untracked 
| 258|0x0000000720400000, 0x0000000720600000, 0x0000000720600000|100%| O|  |TAMS 0x0000000720400000| PB 0x0000000720400000| Untracked 
| 259|0x0000000720600000, 0x0000000720800000, 0x0000000720800000|100%| O|  |TAMS 0x0000000720600000| PB 0x0000000720600000| Untracked 
| 260|0x0000000720800000, 0x0000000720a00000, 0x0000000720a00000|100%| O|  |TAMS 0x0000000720800000| PB 0x0000000720800000| Untracked 
| 261|0x0000000720a00000, 0x0000000720c00000, 0x0000000720c00000|100%| O|  |TAMS 0x0000000720a00000| PB 0x0000000720a00000| Untracked 
| 262|0x0000000720c00000, 0x0000000720e00000, 0x0000000720e00000|100%| O|  |TAMS 0x0000000720c00000| PB 0x0000000720c00000| Untracked 
| 263|0x0000000720e00000, 0x0000000721000000, 0x0000000721000000|100%| O|  |TAMS 0x0000000720e00000| PB 0x0000000720e00000| Untracked 
| 264|0x0000000721000000, 0x0000000721200000, 0x0000000721200000|100%| O|  |TAMS 0x0000000721000000| PB 0x0000000721000000| Untracked 
| 265|0x0000000721200000, 0x0000000721400000, 0x0000000721400000|100%| O|  |TAMS 0x0000000721200000| PB 0x0000000721200000| Untracked 
| 266|0x0000000721400000, 0x0000000721600000, 0x0000000721600000|100%| O|  |TAMS 0x0000000721400000| PB 0x0000000721400000| Untracked 
| 267|0x0000000721600000, 0x0000000721800000, 0x0000000721800000|100%| O|  |TAMS 0x0000000721600000| PB 0x0000000721600000| Untracked 
| 268|0x0000000721800000, 0x0000000721a00000, 0x0000000721a00000|100%| O|  |TAMS 0x0000000721800000| PB 0x0000000721800000| Untracked 
| 269|0x0000000721a00000, 0x0000000721c00000, 0x0000000721c00000|100%| O|  |TAMS 0x0000000721a00000| PB 0x0000000721a00000| Untracked 
| 270|0x0000000721c00000, 0x0000000721e00000, 0x0000000721e00000|100%| O|  |TAMS 0x0000000721c00000| PB 0x0000000721c00000| Untracked 
| 271|0x0000000721e00000, 0x0000000722000000, 0x0000000722000000|100%| O|  |TAMS 0x0000000721e00000| PB 0x0000000721e00000| Untracked 
| 272|0x0000000722000000, 0x0000000722200000, 0x0000000722200000|100%| O|  |TAMS 0x0000000722000000| PB 0x0000000722000000| Untracked 
| 273|0x0000000722200000, 0x0000000722200000, 0x0000000722400000|  0%| F|  |TAMS 0x0000000722200000| PB 0x0000000722200000| Untracked 
| 274|0x0000000722400000, 0x0000000722600000, 0x0000000722600000|100%| O|  |TAMS 0x0000000722400000| PB 0x0000000722400000| Untracked 
| 275|0x0000000722600000, 0x0000000722800000, 0x0000000722800000|100%| O|  |TAMS 0x0000000722600000| PB 0x0000000722600000| Untracked 
| 276|0x0000000722800000, 0x0000000722a00000, 0x0000000722a00000|100%| O|  |TAMS 0x0000000722800000| PB 0x0000000722800000| Untracked 
| 277|0x0000000722a00000, 0x0000000722c00000, 0x0000000722c00000|100%| O|  |TAMS 0x0000000722a00000| PB 0x0000000722a00000| Untracked 
| 278|0x0000000722c00000, 0x0000000722e00000, 0x0000000722e00000|100%| O|  |TAMS 0x0000000722c00000| PB 0x0000000722c00000| Untracked 
| 279|0x0000000722e00000, 0x0000000723000000, 0x0000000723000000|100%| O|  |TAMS 0x0000000722e00000| PB 0x0000000722e00000| Untracked 
| 280|0x0000000723000000, 0x0000000723200000, 0x0000000723200000|100%| O|  |TAMS 0x0000000723000000| PB 0x0000000723000000| Untracked 
| 281|0x0000000723200000, 0x0000000723400000, 0x0000000723400000|100%| O|  |TAMS 0x0000000723200000| PB 0x0000000723200000| Untracked 
| 282|0x0000000723400000, 0x0000000723600000, 0x0000000723600000|100%| O|  |TAMS 0x0000000723400000| PB 0x0000000723400000| Untracked 
| 283|0x0000000723600000, 0x0000000723800000, 0x0000000723800000|100%| O|  |TAMS 0x0000000723600000| PB 0x0000000723600000| Untracked 
| 284|0x0000000723800000, 0x0000000723a00000, 0x0000000723a00000|100%| O|  |TAMS 0x0000000723800000| PB 0x0000000723800000| Untracked 
| 285|0x0000000723a00000, 0x0000000723c00000, 0x0000000723c00000|100%| O|  |TAMS 0x0000000723a00000| PB 0x0000000723a00000| Untracked 
| 286|0x0000000723c00000, 0x0000000723e00000, 0x0000000723e00000|100%| O|  |TAMS 0x0000000723c00000| PB 0x0000000723c00000| Untracked 
| 287|0x0000000723e00000, 0x0000000724000000, 0x0000000724000000|100%| O|  |TAMS 0x0000000723e00000| PB 0x0000000723e00000| Untracked 
| 288|0x0000000724000000, 0x0000000724200000, 0x0000000724200000|100%| O|  |TAMS 0x0000000724000000| PB 0x0000000724000000| Untracked 
| 289|0x0000000724200000, 0x0000000724400000, 0x0000000724400000|100%| O|  |TAMS 0x0000000724200000| PB 0x0000000724200000| Untracked 
| 290|0x0000000724400000, 0x0000000724600000, 0x0000000724600000|100%| O|  |TAMS 0x0000000724400000| PB 0x0000000724400000| Untracked 
| 291|0x0000000724600000, 0x0000000724800000, 0x0000000724800000|100%| O|  |TAMS 0x0000000724600000| PB 0x0000000724600000| Untracked 
| 292|0x0000000724800000, 0x0000000724a00000, 0x0000000724a00000|100%| O|  |TAMS 0x0000000724800000| PB 0x0000000724800000| Untracked 
| 293|0x0000000724a00000, 0x0000000724c00000, 0x0000000724c00000|100%| O|  |TAMS 0x0000000724a00000| PB 0x0000000724a00000| Untracked 
| 294|0x0000000724c00000, 0x0000000724e00000, 0x0000000724e00000|100%| O|  |TAMS 0x0000000724c00000| PB 0x0000000724c00000| Untracked 
| 295|0x0000000724e00000, 0x0000000725000000, 0x0000000725000000|100%| O|  |TAMS 0x0000000724e00000| PB 0x0000000724e00000| Untracked 
| 296|0x0000000725000000, 0x0000000725200000, 0x0000000725200000|100%| O|  |TAMS 0x0000000725000000| PB 0x0000000725000000| Untracked 
| 297|0x0000000725200000, 0x0000000725400000, 0x0000000725400000|100%| O|  |TAMS 0x0000000725200000| PB 0x0000000725200000| Untracked 
| 298|0x0000000725400000, 0x0000000725600000, 0x0000000725600000|100%| O|  |TAMS 0x0000000725400000| PB 0x0000000725400000| Untracked 
| 299|0x0000000725600000, 0x0000000725800000, 0x0000000725800000|100%| O|  |TAMS 0x0000000725600000| PB 0x0000000725600000| Untracked 
| 300|0x0000000725800000, 0x0000000725a00000, 0x0000000725a00000|100%| O|  |TAMS 0x0000000725800000| PB 0x0000000725800000| Untracked 
| 301|0x0000000725a00000, 0x0000000725a00000, 0x0000000725c00000|  0%| F|  |TAMS 0x0000000725a00000| PB 0x0000000725a00000| Untracked 
| 302|0x0000000725c00000, 0x0000000725e00000, 0x0000000725e00000|100%| O|  |TAMS 0x0000000725c00000| PB 0x0000000725c00000| Untracked 
| 303|0x0000000725e00000, 0x0000000726000000, 0x0000000726000000|100%| O|  |TAMS 0x0000000725e00000| PB 0x0000000725e00000| Untracked 
| 304|0x0000000726000000, 0x0000000726200000, 0x0000000726200000|100%| O|  |TAMS 0x0000000726000000| PB 0x0000000726000000| Untracked 
| 305|0x0000000726200000, 0x0000000726400000, 0x0000000726400000|100%| O|Cm|TAMS 0x0000000726200000| PB 0x0000000726200000| Complete 
| 306|0x0000000726400000, 0x0000000726600000, 0x0000000726600000|100%| O|  |TAMS 0x0000000726400000| PB 0x0000000726400000| Untracked 
| 307|0x0000000726600000, 0x0000000726800000, 0x0000000726800000|100%| O|  |TAMS 0x0000000726600000| PB 0x0000000726600000| Untracked 
| 308|0x0000000726800000, 0x0000000726a00000, 0x0000000726a00000|100%| O|  |TAMS 0x0000000726800000| PB 0x0000000726800000| Untracked 
| 309|0x0000000726a00000, 0x0000000726c00000, 0x0000000726c00000|100%| O|  |TAMS 0x0000000726a00000| PB 0x0000000726a00000| Untracked 
| 310|0x0000000726c00000, 0x0000000726e00000, 0x0000000726e00000|100%| O|  |TAMS 0x0000000726c00000| PB 0x0000000726c00000| Untracked 
| 311|0x0000000726e00000, 0x0000000727000000, 0x0000000727000000|100%| O|  |TAMS 0x0000000726e00000| PB 0x0000000726e00000| Untracked 
| 312|0x0000000727000000, 0x0000000727200000, 0x0000000727200000|100%| O|  |TAMS 0x0000000727000000| PB 0x0000000727000000| Untracked 
| 313|0x0000000727200000, 0x0000000727400000, 0x0000000727400000|100%| O|  |TAMS 0x0000000727200000| PB 0x0000000727200000| Untracked 
| 314|0x0000000727400000, 0x0000000727600000, 0x0000000727600000|100%| O|  |TAMS 0x0000000727400000| PB 0x0000000727400000| Untracked 
| 315|0x0000000727600000, 0x0000000727800000, 0x0000000727800000|100%| O|  |TAMS 0x0000000727600000| PB 0x0000000727600000| Untracked 
| 316|0x0000000727800000, 0x0000000727a00000, 0x0000000727a00000|100%| O|  |TAMS 0x0000000727800000| PB 0x0000000727800000| Untracked 
| 317|0x0000000727a00000, 0x0000000727c00000, 0x0000000727c00000|100%| O|  |TAMS 0x0000000727a00000| PB 0x0000000727a00000| Untracked 
| 318|0x0000000727c00000, 0x0000000727e00000, 0x0000000727e00000|100%| O|  |TAMS 0x0000000727c00000| PB 0x0000000727c00000| Untracked 
| 319|0x0000000727e00000, 0x0000000728000000, 0x0000000728000000|100%| O|  |TAMS 0x0000000727e00000| PB 0x0000000727e00000| Untracked 
| 320|0x0000000728000000, 0x0000000728200000, 0x0000000728200000|100%| O|  |TAMS 0x0000000728000000| PB 0x0000000728000000| Untracked 
| 321|0x0000000728200000, 0x0000000728400000, 0x0000000728400000|100%| O|  |TAMS 0x0000000728200000| PB 0x0000000728200000| Untracked 
| 322|0x0000000728400000, 0x0000000728600000, 0x0000000728600000|100%| O|  |TAMS 0x0000000728400000| PB 0x0000000728400000| Untracked 
| 323|0x0000000728600000, 0x0000000728800000, 0x0000000728800000|100%| O|  |TAMS 0x0000000728600000| PB 0x0000000728600000| Untracked 
| 324|0x0000000728800000, 0x0000000728a00000, 0x0000000728a00000|100%| O|  |TAMS 0x0000000728800000| PB 0x0000000728800000| Untracked 
| 325|0x0000000728a00000, 0x0000000728c00000, 0x0000000728c00000|100%| O|  |TAMS 0x0000000728a00000| PB 0x0000000728a00000| Untracked 
| 326|0x0000000728c00000, 0x0000000728e00000, 0x0000000728e00000|100%| O|  |TAMS 0x0000000728c00000| PB 0x0000000728c00000| Untracked 
| 327|0x0000000728e00000, 0x0000000729000000, 0x0000000729000000|100%| O|  |TAMS 0x0000000728e00000| PB 0x0000000728e00000| Untracked 
| 328|0x0000000729000000, 0x0000000729200000, 0x0000000729200000|100%| O|  |TAMS 0x0000000729000000| PB 0x0000000729000000| Untracked 
| 329|0x0000000729200000, 0x0000000729400000, 0x0000000729400000|100%| O|  |TAMS 0x0000000729200000| PB 0x0000000729200000| Untracked 
| 330|0x0000000729400000, 0x0000000729600000, 0x0000000729600000|100%| O|  |TAMS 0x0000000729400000| PB 0x0000000729400000| Untracked 
| 331|0x0000000729600000, 0x0000000729800000, 0x0000000729800000|100%| O|  |TAMS 0x0000000729600000| PB 0x0000000729600000| Untracked 
| 332|0x0000000729800000, 0x0000000729a00000, 0x0000000729a00000|100%| O|  |TAMS 0x0000000729800000| PB 0x0000000729800000| Untracked 
| 333|0x0000000729a00000, 0x0000000729c00000, 0x0000000729c00000|100%| O|  |TAMS 0x0000000729a00000| PB 0x0000000729a00000| Untracked 
| 334|0x0000000729c00000, 0x0000000729e00000, 0x0000000729e00000|100%| O|  |TAMS 0x0000000729c00000| PB 0x0000000729c00000| Untracked 
| 335|0x0000000729e00000, 0x000000072a000000, 0x000000072a000000|100%| O|  |TAMS 0x0000000729e00000| PB 0x0000000729e00000| Untracked 
| 336|0x000000072a000000, 0x000000072a200000, 0x000000072a200000|100%| O|  |TAMS 0x000000072a000000| PB 0x000000072a000000| Untracked 
| 337|0x000000072a200000, 0x000000072a400000, 0x000000072a400000|100%| O|  |TAMS 0x000000072a200000| PB 0x000000072a200000| Untracked 
| 338|0x000000072a400000, 0x000000072a600000, 0x000000072a600000|100%| O|  |TAMS 0x000000072a400000| PB 0x000000072a400000| Untracked 
| 339|0x000000072a600000, 0x000000072a800000, 0x000000072a800000|100%| O|  |TAMS 0x000000072a600000| PB 0x000000072a600000| Untracked 
| 340|0x000000072a800000, 0x000000072aa00000, 0x000000072aa00000|100%| O|  |TAMS 0x000000072a800000| PB 0x000000072a800000| Untracked 
| 341|0x000000072aa00000, 0x000000072ac00000, 0x000000072ac00000|100%| O|  |TAMS 0x000000072aa00000| PB 0x000000072aa00000| Untracked 
| 342|0x000000072ac00000, 0x000000072ae00000, 0x000000072ae00000|100%| O|  |TAMS 0x000000072ac00000| PB 0x000000072ac00000| Untracked 
| 343|0x000000072ae00000, 0x000000072b000000, 0x000000072b000000|100%| O|  |TAMS 0x000000072ae00000| PB 0x000000072ae00000| Untracked 
| 344|0x000000072b000000, 0x000000072b200000, 0x000000072b200000|100%| O|  |TAMS 0x000000072b000000| PB 0x000000072b000000| Untracked 
| 345|0x000000072b200000, 0x000000072b400000, 0x000000072b400000|100%| O|  |TAMS 0x000000072b200000| PB 0x000000072b200000| Untracked 
| 346|0x000000072b400000, 0x000000072b600000, 0x000000072b600000|100%| O|  |TAMS 0x000000072b400000| PB 0x000000072b400000| Untracked 
| 347|0x000000072b600000, 0x000000072b800000, 0x000000072b800000|100%| O|  |TAMS 0x000000072b600000| PB 0x000000072b600000| Untracked 
| 348|0x000000072b800000, 0x000000072ba00000, 0x000000072ba00000|100%| O|  |TAMS 0x000000072b800000| PB 0x000000072b800000| Untracked 
| 349|0x000000072ba00000, 0x000000072bc00000, 0x000000072bc00000|100%| O|  |TAMS 0x000000072ba00000| PB 0x000000072ba00000| Untracked 
| 350|0x000000072bc00000, 0x000000072be00000, 0x000000072be00000|100%| O|  |TAMS 0x000000072bc00000| PB 0x000000072bc00000| Untracked 
| 351|0x000000072be00000, 0x000000072c000000, 0x000000072c000000|100%| O|Cm|TAMS 0x000000072be00000| PB 0x000000072be00000| Complete 
| 352|0x000000072c000000, 0x000000072c000000, 0x000000072c200000|  0%| F|  |TAMS 0x000000072c000000| PB 0x000000072c000000| Untracked 
| 353|0x000000072c200000, 0x000000072c200000, 0x000000072c400000|  0%| F|  |TAMS 0x000000072c200000| PB 0x000000072c200000| Untracked 
| 354|0x000000072c400000, 0x000000072c600000, 0x000000072c600000|100%| O|  |TAMS 0x000000072c400000| PB 0x000000072c400000| Untracked 
| 355|0x000000072c600000, 0x000000072c800000, 0x000000072c800000|100%| O|  |TAMS 0x000000072c600000| PB 0x000000072c600000| Untracked 
| 356|0x000000072c800000, 0x000000072ca00000, 0x000000072ca00000|100%| O|  |TAMS 0x000000072c800000| PB 0x000000072c800000| Untracked 
| 357|0x000000072ca00000, 0x000000072cc00000, 0x000000072cc00000|100%| O|  |TAMS 0x000000072ca00000| PB 0x000000072ca00000| Untracked 
| 358|0x000000072cc00000, 0x000000072ce00000, 0x000000072ce00000|100%|HS|  |TAMS 0x000000072cc00000| PB 0x000000072cc00000| Complete 
| 359|0x000000072ce00000, 0x000000072d000000, 0x000000072d000000|100%|HC|  |TAMS 0x000000072ce00000| PB 0x000000072ce00000| Complete 
| 360|0x000000072d000000, 0x000000072d200000, 0x000000072d200000|100%| O|  |TAMS 0x000000072d000000| PB 0x000000072d000000| Untracked 
| 361|0x000000072d200000, 0x000000072d400000, 0x000000072d400000|100%| O|  |TAMS 0x000000072d200000| PB 0x000000072d200000| Untracked 
| 362|0x000000072d400000, 0x000000072d600000, 0x000000072d600000|100%|HS|  |TAMS 0x000000072d400000| PB 0x000000072d400000| Complete 
| 363|0x000000072d600000, 0x000000072d800000, 0x000000072d800000|100%| O|  |TAMS 0x000000072d600000| PB 0x000000072d600000| Untracked 
| 364|0x000000072d800000, 0x000000072da00000, 0x000000072da00000|100%|HS|  |TAMS 0x000000072d800000| PB 0x000000072d800000| Complete 
| 365|0x000000072da00000, 0x000000072dc00000, 0x000000072dc00000|100%|HC|  |TAMS 0x000000072da00000| PB 0x000000072da00000| Complete 
| 366|0x000000072dc00000, 0x000000072de00000, 0x000000072de00000|100%|HS|  |TAMS 0x000000072dc00000| PB 0x000000072dc00000| Complete 
| 367|0x000000072de00000, 0x000000072e000000, 0x000000072e000000|100%|HC|  |TAMS 0x000000072de00000| PB 0x000000072de00000| Complete 
| 368|0x000000072e000000, 0x000000072e200000, 0x000000072e200000|100%| O|  |TAMS 0x000000072e000000| PB 0x000000072e000000| Untracked 
| 369|0x000000072e200000, 0x000000072e400000, 0x000000072e400000|100%| O|  |TAMS 0x000000072e200000| PB 0x000000072e200000| Untracked 
| 370|0x000000072e400000, 0x000000072e600000, 0x000000072e600000|100%| O|  |TAMS 0x000000072e400000| PB 0x000000072e400000| Untracked 
| 371|0x000000072e600000, 0x000000072e800000, 0x000000072e800000|100%| O|  |TAMS 0x000000072e600000| PB 0x000000072e600000| Untracked 
| 372|0x000000072e800000, 0x000000072ea00000, 0x000000072ea00000|100%| O|  |TAMS 0x000000072e800000| PB 0x000000072e800000| Untracked 
| 373|0x000000072ea00000, 0x000000072ec00000, 0x000000072ec00000|100%| O|  |TAMS 0x000000072ea00000| PB 0x000000072ea00000| Untracked 
| 374|0x000000072ec00000, 0x000000072ee00000, 0x000000072ee00000|100%| O|  |TAMS 0x000000072ec00000| PB 0x000000072ec00000| Untracked 
| 375|0x000000072ee00000, 0x000000072f000000, 0x000000072f000000|100%| O|  |TAMS 0x000000072ee00000| PB 0x000000072ee00000| Untracked 
| 376|0x000000072f000000, 0x000000072f200000, 0x000000072f200000|100%| O|  |TAMS 0x000000072f000000| PB 0x000000072f000000| Untracked 
| 377|0x000000072f200000, 0x000000072f400000, 0x000000072f400000|100%| O|  |TAMS 0x000000072f200000| PB 0x000000072f200000| Untracked 
| 378|0x000000072f400000, 0x000000072f600000, 0x000000072f600000|100%| O|  |TAMS 0x000000072f400000| PB 0x000000072f400000| Untracked 
| 379|0x000000072f600000, 0x000000072f800000, 0x000000072f800000|100%| O|  |TAMS 0x000000072f600000| PB 0x000000072f600000| Untracked 
| 380|0x000000072f800000, 0x000000072fa00000, 0x000000072fa00000|100%| O|  |TAMS 0x000000072f800000| PB 0x000000072f800000| Untracked 
| 381|0x000000072fa00000, 0x000000072fc00000, 0x000000072fc00000|100%| O|  |TAMS 0x000000072fa00000| PB 0x000000072fa00000| Untracked 
| 382|0x000000072fc00000, 0x000000072fe00000, 0x000000072fe00000|100%| O|  |TAMS 0x000000072fc00000| PB 0x000000072fc00000| Untracked 
| 383|0x000000072fe00000, 0x0000000730000000, 0x0000000730000000|100%| O|  |TAMS 0x000000072fe00000| PB 0x000000072fe00000| Untracked 
| 384|0x0000000730000000, 0x0000000730200000, 0x0000000730200000|100%| O|  |TAMS 0x0000000730000000| PB 0x0000000730000000| Untracked 
| 385|0x0000000730200000, 0x0000000730400000, 0x0000000730400000|100%| O|  |TAMS 0x0000000730200000| PB 0x0000000730200000| Untracked 
| 386|0x0000000730400000, 0x0000000730600000, 0x0000000730600000|100%| O|  |TAMS 0x0000000730400000| PB 0x0000000730400000| Untracked 
| 387|0x0000000730600000, 0x0000000730800000, 0x0000000730800000|100%| O|  |TAMS 0x0000000730600000| PB 0x0000000730600000| Untracked 
| 388|0x0000000730800000, 0x0000000730a00000, 0x0000000730a00000|100%| O|  |TAMS 0x0000000730800000| PB 0x0000000730800000| Untracked 
| 389|0x0000000730a00000, 0x0000000730c00000, 0x0000000730c00000|100%| O|  |TAMS 0x0000000730a00000| PB 0x0000000730a00000| Untracked 
| 390|0x0000000730c00000, 0x0000000730e00000, 0x0000000730e00000|100%| O|  |TAMS 0x0000000730c00000| PB 0x0000000730c00000| Untracked 
| 391|0x0000000730e00000, 0x0000000731000000, 0x0000000731000000|100%| O|  |TAMS 0x0000000730e00000| PB 0x0000000730e00000| Untracked 
| 392|0x0000000731000000, 0x0000000731200000, 0x0000000731200000|100%| O|  |TAMS 0x0000000731000000| PB 0x0000000731000000| Untracked 
| 393|0x0000000731200000, 0x0000000731400000, 0x0000000731400000|100%| O|  |TAMS 0x0000000731200000| PB 0x0000000731200000| Untracked 
| 394|0x0000000731400000, 0x0000000731600000, 0x0000000731600000|100%| O|  |TAMS 0x0000000731400000| PB 0x0000000731400000| Untracked 
| 395|0x0000000731600000, 0x0000000731800000, 0x0000000731800000|100%| O|  |TAMS 0x0000000731600000| PB 0x0000000731600000| Untracked 
| 396|0x0000000731800000, 0x0000000731a00000, 0x0000000731a00000|100%| O|  |TAMS 0x0000000731800000| PB 0x0000000731800000| Untracked 
| 397|0x0000000731a00000, 0x0000000731c00000, 0x0000000731c00000|100%| O|  |TAMS 0x0000000731a00000| PB 0x0000000731a00000| Untracked 
| 398|0x0000000731c00000, 0x0000000731e00000, 0x0000000731e00000|100%| O|  |TAMS 0x0000000731c00000| PB 0x0000000731c00000| Untracked 
| 399|0x0000000731e00000, 0x0000000732000000, 0x0000000732000000|100%| O|  |TAMS 0x0000000731e00000| PB 0x0000000731e00000| Untracked 
| 400|0x0000000732000000, 0x0000000732200000, 0x0000000732200000|100%| O|  |TAMS 0x0000000732000000| PB 0x0000000732000000| Untracked 
| 401|0x0000000732200000, 0x0000000732400000, 0x0000000732400000|100%| O|  |TAMS 0x0000000732200000| PB 0x0000000732200000| Untracked 
| 402|0x0000000732400000, 0x0000000732600000, 0x0000000732600000|100%| O|  |TAMS 0x0000000732400000| PB 0x0000000732400000| Untracked 
| 403|0x0000000732600000, 0x0000000732800000, 0x0000000732800000|100%| O|  |TAMS 0x0000000732600000| PB 0x0000000732600000| Untracked 
| 404|0x0000000732800000, 0x0000000732a00000, 0x0000000732a00000|100%| O|  |TAMS 0x0000000732800000| PB 0x0000000732800000| Untracked 
| 405|0x0000000732a00000, 0x0000000732c00000, 0x0000000732c00000|100%| O|  |TAMS 0x0000000732a00000| PB 0x0000000732a00000| Untracked 
| 406|0x0000000732c00000, 0x0000000732e00000, 0x0000000732e00000|100%| O|  |TAMS 0x0000000732c00000| PB 0x0000000732c00000| Untracked 
| 407|0x0000000732e00000, 0x0000000733000000, 0x0000000733000000|100%| O|  |TAMS 0x0000000732e00000| PB 0x0000000732e00000| Untracked 
| 408|0x0000000733000000, 0x0000000733200000, 0x0000000733200000|100%| O|Cm|TAMS 0x0000000733000000| PB 0x0000000733000000| Complete 
| 409|0x0000000733200000, 0x0000000733400000, 0x0000000733400000|100%| O|Cm|TAMS 0x0000000733200000| PB 0x0000000733200000| Complete 
| 410|0x0000000733400000, 0x0000000733600000, 0x0000000733600000|100%| O|Cm|TAMS 0x0000000733400000| PB 0x0000000733400000| Complete 
| 411|0x0000000733600000, 0x0000000733800000, 0x0000000733800000|100%| O|Cm|TAMS 0x0000000733600000| PB 0x0000000733600000| Complete 
| 412|0x0000000733800000, 0x0000000733a00000, 0x0000000733a00000|100%| O|  |TAMS 0x0000000733800000| PB 0x0000000733800000| Untracked 
| 413|0x0000000733a00000, 0x0000000733c00000, 0x0000000733c00000|100%| O|  |TAMS 0x0000000733a00000| PB 0x0000000733a00000| Untracked 
| 414|0x0000000733c00000, 0x0000000733e00000, 0x0000000733e00000|100%| O|  |TAMS 0x0000000733c00000| PB 0x0000000733c00000| Untracked 
| 415|0x0000000733e00000, 0x0000000734000000, 0x0000000734000000|100%| O|  |TAMS 0x0000000733e00000| PB 0x0000000733e00000| Untracked 
| 416|0x0000000734000000, 0x0000000734200000, 0x0000000734200000|100%| O|  |TAMS 0x0000000734000000| PB 0x0000000734000000| Untracked 
| 417|0x0000000734200000, 0x0000000734400000, 0x0000000734400000|100%| O|  |TAMS 0x0000000734200000| PB 0x0000000734200000| Untracked 
| 418|0x0000000734400000, 0x0000000734600000, 0x0000000734600000|100%| O|  |TAMS 0x0000000734400000| PB 0x0000000734400000| Untracked 
| 419|0x0000000734600000, 0x0000000734800000, 0x0000000734800000|100%| O|  |TAMS 0x0000000734600000| PB 0x0000000734600000| Untracked 
| 420|0x0000000734800000, 0x0000000734a00000, 0x0000000734a00000|100%| O|  |TAMS 0x0000000734800000| PB 0x0000000734800000| Untracked 
| 421|0x0000000734a00000, 0x0000000734c00000, 0x0000000734c00000|100%| O|  |TAMS 0x0000000734a00000| PB 0x0000000734a00000| Untracked 
| 422|0x0000000734c00000, 0x0000000734e00000, 0x0000000734e00000|100%| O|  |TAMS 0x0000000734c00000| PB 0x0000000734c00000| Untracked 
| 423|0x0000000734e00000, 0x0000000735000000, 0x0000000735000000|100%| O|  |TAMS 0x0000000734e00000| PB 0x0000000734e00000| Untracked 
| 424|0x0000000735000000, 0x0000000735200000, 0x0000000735200000|100%| O|  |TAMS 0x0000000735000000| PB 0x0000000735000000| Untracked 
| 425|0x0000000735200000, 0x0000000735400000, 0x0000000735400000|100%| O|  |TAMS 0x0000000735200000| PB 0x0000000735200000| Untracked 
| 426|0x0000000735400000, 0x0000000735600000, 0x0000000735600000|100%| O|  |TAMS 0x0000000735400000| PB 0x0000000735400000| Untracked 
| 427|0x0000000735600000, 0x0000000735800000, 0x0000000735800000|100%| O|  |TAMS 0x0000000735600000| PB 0x0000000735600000| Untracked 
| 428|0x0000000735800000, 0x0000000735a00000, 0x0000000735a00000|100%| O|  |TAMS 0x0000000735800000| PB 0x0000000735800000| Untracked 
| 429|0x0000000735a00000, 0x0000000735c00000, 0x0000000735c00000|100%| O|  |TAMS 0x0000000735a00000| PB 0x0000000735a00000| Untracked 
| 430|0x0000000735c00000, 0x0000000735e00000, 0x0000000735e00000|100%| O|  |TAMS 0x0000000735c00000| PB 0x0000000735c00000| Untracked 
| 431|0x0000000735e00000, 0x0000000736000000, 0x0000000736000000|100%| O|  |TAMS 0x0000000735e00000| PB 0x0000000735e00000| Untracked 
| 432|0x0000000736000000, 0x0000000736200000, 0x0000000736200000|100%| O|  |TAMS 0x0000000736000000| PB 0x0000000736000000| Untracked 
| 433|0x0000000736200000, 0x0000000736400000, 0x0000000736400000|100%| O|  |TAMS 0x0000000736200000| PB 0x0000000736200000| Untracked 
| 434|0x0000000736400000, 0x0000000736600000, 0x0000000736600000|100%| O|Cm|TAMS 0x0000000736400000| PB 0x0000000736400000| Complete 
| 435|0x0000000736600000, 0x00000007366d8ea0, 0x0000000736800000| 42%| O|  |TAMS 0x0000000736600000| PB 0x0000000736600000| Untracked 
| 436|0x0000000736800000, 0x0000000736800000, 0x0000000736a00000|  0%| F|  |TAMS 0x0000000736800000| PB 0x0000000736800000| Untracked 
| 437|0x0000000736a00000, 0x0000000736a00000, 0x0000000736c00000|  0%| F|  |TAMS 0x0000000736a00000| PB 0x0000000736a00000| Untracked 
| 438|0x0000000736c00000, 0x0000000736c00000, 0x0000000736e00000|  0%| F|  |TAMS 0x0000000736c00000| PB 0x0000000736c00000| Untracked 
| 439|0x0000000736e00000, 0x0000000736e00000, 0x0000000737000000|  0%| F|  |TAMS 0x0000000736e00000| PB 0x0000000736e00000| Untracked 
| 440|0x0000000737000000, 0x0000000737000000, 0x0000000737200000|  0%| F|  |TAMS 0x0000000737000000| PB 0x0000000737000000| Untracked 
| 441|0x0000000737200000, 0x0000000737200000, 0x0000000737400000|  0%| F|  |TAMS 0x0000000737200000| PB 0x0000000737200000| Untracked 
| 442|0x0000000737400000, 0x0000000737400000, 0x0000000737600000|  0%| F|  |TAMS 0x0000000737400000| PB 0x0000000737400000| Untracked 
| 443|0x0000000737600000, 0x0000000737800000, 0x0000000737800000|100%|HS|  |TAMS 0x0000000737600000| PB 0x0000000737600000| Complete 
| 444|0x0000000737800000, 0x0000000737a00000, 0x0000000737a00000|100%|HC|  |TAMS 0x0000000737800000| PB 0x0000000737800000| Complete 
| 445|0x0000000737a00000, 0x0000000737c00000, 0x0000000737c00000|100%|HC|  |TAMS 0x0000000737a00000| PB 0x0000000737a00000| Complete 
| 446|0x0000000737c00000, 0x0000000737e00000, 0x0000000737e00000|100%|HC|  |TAMS 0x0000000737c00000| PB 0x0000000737c00000| Complete 
| 447|0x0000000737e00000, 0x0000000737e00000, 0x0000000738000000|  0%| F|  |TAMS 0x0000000737e00000| PB 0x0000000737e00000| Untracked 
| 448|0x0000000738000000, 0x0000000738000000, 0x0000000738200000|  0%| F|  |TAMS 0x0000000738000000| PB 0x0000000738000000| Untracked 
| 449|0x0000000738200000, 0x0000000738200000, 0x0000000738400000|  0%| F|  |TAMS 0x0000000738200000| PB 0x0000000738200000| Untracked 
| 450|0x0000000738400000, 0x0000000738400000, 0x0000000738600000|  0%| F|  |TAMS 0x0000000738400000| PB 0x0000000738400000| Untracked 
| 451|0x0000000738600000, 0x0000000738600000, 0x0000000738800000|  0%| F|  |TAMS 0x0000000738600000| PB 0x0000000738600000| Untracked 
| 452|0x0000000738800000, 0x0000000738800000, 0x0000000738a00000|  0%| F|  |TAMS 0x0000000738800000| PB 0x0000000738800000| Untracked 
| 453|0x0000000738a00000, 0x0000000738a00000, 0x0000000738c00000|  0%| F|  |TAMS 0x0000000738a00000| PB 0x0000000738a00000| Untracked 
| 454|0x0000000738c00000, 0x0000000738c00000, 0x0000000738e00000|  0%| F|  |TAMS 0x0000000738c00000| PB 0x0000000738c00000| Untracked 
| 455|0x0000000738e00000, 0x0000000738e00000, 0x0000000739000000|  0%| F|  |TAMS 0x0000000738e00000| PB 0x0000000738e00000| Untracked 
| 456|0x0000000739000000, 0x0000000739000000, 0x0000000739200000|  0%| F|  |TAMS 0x0000000739000000| PB 0x0000000739000000| Untracked 
| 457|0x0000000739200000, 0x0000000739400000, 0x0000000739400000|100%| O|  |TAMS 0x0000000739200000| PB 0x0000000739200000| Untracked 
| 458|0x0000000739400000, 0x0000000739600000, 0x0000000739600000|100%| O|  |TAMS 0x0000000739400000| PB 0x0000000739400000| Untracked 
| 459|0x0000000739600000, 0x0000000739800000, 0x0000000739800000|100%| O|  |TAMS 0x0000000739600000| PB 0x0000000739600000| Untracked 
| 460|0x0000000739800000, 0x0000000739a00000, 0x0000000739a00000|100%| O|  |TAMS 0x0000000739800000| PB 0x0000000739800000| Untracked 
| 461|0x0000000739a00000, 0x0000000739c00000, 0x0000000739c00000|100%| O|  |TAMS 0x0000000739a00000| PB 0x0000000739a00000| Untracked 
| 462|0x0000000739c00000, 0x0000000739e00000, 0x0000000739e00000|100%| O|  |TAMS 0x0000000739c00000| PB 0x0000000739c00000| Untracked 
| 463|0x0000000739e00000, 0x000000073a000000, 0x000000073a000000|100%| O|  |TAMS 0x0000000739e00000| PB 0x0000000739e00000| Untracked 
| 464|0x000000073a000000, 0x000000073a200000, 0x000000073a200000|100%| O|  |TAMS 0x000000073a000000| PB 0x000000073a000000| Untracked 
| 465|0x000000073a200000, 0x000000073a400000, 0x000000073a400000|100%| O|  |TAMS 0x000000073a200000| PB 0x000000073a200000| Untracked 
| 466|0x000000073a400000, 0x000000073a600000, 0x000000073a600000|100%| O|  |TAMS 0x000000073a400000| PB 0x000000073a400000| Untracked 
| 467|0x000000073a600000, 0x000000073a800000, 0x000000073a800000|100%| O|  |TAMS 0x000000073a600000| PB 0x000000073a600000| Untracked 
| 468|0x000000073a800000, 0x000000073aa00000, 0x000000073aa00000|100%| O|  |TAMS 0x000000073a800000| PB 0x000000073a800000| Untracked 
| 469|0x000000073aa00000, 0x000000073ac00000, 0x000000073ac00000|100%| O|  |TAMS 0x000000073aa00000| PB 0x000000073aa00000| Untracked 
| 470|0x000000073ac00000, 0x000000073ae00000, 0x000000073ae00000|100%| O|  |TAMS 0x000000073ac00000| PB 0x000000073ac00000| Untracked 
| 471|0x000000073ae00000, 0x000000073b000000, 0x000000073b000000|100%| O|  |TAMS 0x000000073ae00000| PB 0x000000073ae00000| Untracked 
| 472|0x000000073b000000, 0x000000073b200000, 0x000000073b200000|100%| O|  |TAMS 0x000000073b000000| PB 0x000000073b000000| Untracked 
| 473|0x000000073b200000, 0x000000073b400000, 0x000000073b400000|100%| O|  |TAMS 0x000000073b200000| PB 0x000000073b200000| Untracked 
| 474|0x000000073b400000, 0x000000073b600000, 0x000000073b600000|100%| O|  |TAMS 0x000000073b400000| PB 0x000000073b400000| Untracked 
| 475|0x000000073b600000, 0x000000073b800000, 0x000000073b800000|100%| O|  |TAMS 0x000000073b600000| PB 0x000000073b600000| Untracked 
| 476|0x000000073b800000, 0x000000073ba00000, 0x000000073ba00000|100%| O|  |TAMS 0x000000073b800000| PB 0x000000073b800000| Untracked 
| 477|0x000000073ba00000, 0x000000073bc00000, 0x000000073bc00000|100%| O|  |TAMS 0x000000073ba00000| PB 0x000000073ba00000| Untracked 
| 478|0x000000073bc00000, 0x000000073be00000, 0x000000073be00000|100%| O|  |TAMS 0x000000073bc00000| PB 0x000000073bc00000| Untracked 
| 479|0x000000073be00000, 0x000000073c000000, 0x000000073c000000|100%| O|  |TAMS 0x000000073be00000| PB 0x000000073be00000| Untracked 
| 480|0x000000073c000000, 0x000000073c200000, 0x000000073c200000|100%| O|  |TAMS 0x000000073c000000| PB 0x000000073c000000| Untracked 
| 481|0x000000073c200000, 0x000000073c400000, 0x000000073c400000|100%| O|  |TAMS 0x000000073c200000| PB 0x000000073c200000| Untracked 
| 482|0x000000073c400000, 0x000000073c600000, 0x000000073c600000|100%| O|  |TAMS 0x000000073c400000| PB 0x000000073c400000| Untracked 
| 483|0x000000073c600000, 0x000000073c800000, 0x000000073c800000|100%| O|  |TAMS 0x000000073c600000| PB 0x000000073c600000| Untracked 
| 484|0x000000073c800000, 0x000000073ca00000, 0x000000073ca00000|100%| O|  |TAMS 0x000000073c800000| PB 0x000000073c800000| Untracked 
| 485|0x000000073ca00000, 0x000000073cc00000, 0x000000073cc00000|100%| O|  |TAMS 0x000000073ca00000| PB 0x000000073ca00000| Untracked 
| 486|0x000000073cc00000, 0x000000073ce00000, 0x000000073ce00000|100%| O|  |TAMS 0x000000073cc00000| PB 0x000000073cc00000| Untracked 
| 487|0x000000073ce00000, 0x000000073d000000, 0x000000073d000000|100%| O|  |TAMS 0x000000073ce00000| PB 0x000000073ce00000| Untracked 
| 488|0x000000073d000000, 0x000000073d200000, 0x000000073d200000|100%| O|  |TAMS 0x000000073d000000| PB 0x000000073d000000| Untracked 
| 489|0x000000073d200000, 0x000000073d400000, 0x000000073d400000|100%| O|  |TAMS 0x000000073d200000| PB 0x000000073d200000| Untracked 
| 490|0x000000073d400000, 0x000000073d600000, 0x000000073d600000|100%| O|  |TAMS 0x000000073d400000| PB 0x000000073d400000| Untracked 
| 491|0x000000073d600000, 0x000000073d800000, 0x000000073d800000|100%| O|  |TAMS 0x000000073d600000| PB 0x000000073d600000| Untracked 
| 492|0x000000073d800000, 0x000000073da00000, 0x000000073da00000|100%| O|  |TAMS 0x000000073d800000| PB 0x000000073d800000| Untracked 
| 493|0x000000073da00000, 0x000000073dc00000, 0x000000073dc00000|100%| O|  |TAMS 0x000000073da00000| PB 0x000000073da00000| Untracked 
| 494|0x000000073dc00000, 0x000000073de00000, 0x000000073de00000|100%| O|  |TAMS 0x000000073dc00000| PB 0x000000073dc00000| Untracked 
| 495|0x000000073de00000, 0x000000073e000000, 0x000000073e000000|100%| O|  |TAMS 0x000000073de00000| PB 0x000000073de00000| Untracked 
| 496|0x000000073e000000, 0x000000073e200000, 0x000000073e200000|100%| O|  |TAMS 0x000000073e000000| PB 0x000000073e000000| Untracked 
| 497|0x000000073e200000, 0x000000073e400000, 0x000000073e400000|100%| O|  |TAMS 0x000000073e200000| PB 0x000000073e200000| Untracked 
| 498|0x000000073e400000, 0x000000073e600000, 0x000000073e600000|100%| O|  |TAMS 0x000000073e400000| PB 0x000000073e400000| Untracked 
| 499|0x000000073e600000, 0x000000073e800000, 0x000000073e800000|100%| O|  |TAMS 0x000000073e600000| PB 0x000000073e600000| Untracked 
| 500|0x000000073e800000, 0x000000073ea00000, 0x000000073ea00000|100%| O|  |TAMS 0x000000073e800000| PB 0x000000073e800000| Untracked 
| 501|0x000000073ea00000, 0x000000073ec00000, 0x000000073ec00000|100%| O|  |TAMS 0x000000073ea00000| PB 0x000000073ea00000| Untracked 
| 502|0x000000073ec00000, 0x000000073ee00000, 0x000000073ee00000|100%| O|  |TAMS 0x000000073ec00000| PB 0x000000073ec00000| Untracked 
| 503|0x000000073ee00000, 0x000000073f000000, 0x000000073f000000|100%| O|  |TAMS 0x000000073ee00000| PB 0x000000073ee00000| Untracked 
| 504|0x000000073f000000, 0x000000073f200000, 0x000000073f200000|100%| O|  |TAMS 0x000000073f000000| PB 0x000000073f000000| Untracked 
| 505|0x000000073f200000, 0x000000073f400000, 0x000000073f400000|100%| O|  |TAMS 0x000000073f200000| PB 0x000000073f200000| Untracked 
| 506|0x000000073f400000, 0x000000073f600000, 0x000000073f600000|100%| O|  |TAMS 0x000000073f400000| PB 0x000000073f400000| Untracked 
| 507|0x000000073f600000, 0x000000073f800000, 0x000000073f800000|100%| O|  |TAMS 0x000000073f600000| PB 0x000000073f600000| Untracked 
| 508|0x000000073f800000, 0x000000073fa00000, 0x000000073fa00000|100%| O|  |TAMS 0x000000073f800000| PB 0x000000073f800000| Untracked 
| 509|0x000000073fa00000, 0x000000073fc00000, 0x000000073fc00000|100%| O|  |TAMS 0x000000073fa00000| PB 0x000000073fa00000| Untracked 
| 510|0x000000073fc00000, 0x000000073fe00000, 0x000000073fe00000|100%| O|  |TAMS 0x000000073fc00000| PB 0x000000073fc00000| Untracked 
| 511|0x000000073fe00000, 0x0000000740000000, 0x0000000740000000|100%| O|  |TAMS 0x000000073fe00000| PB 0x000000073fe00000| Untracked 
| 512|0x0000000740000000, 0x0000000740200000, 0x0000000740200000|100%| O|  |TAMS 0x0000000740000000| PB 0x0000000740000000| Untracked 
| 513|0x0000000740200000, 0x0000000740400000, 0x0000000740400000|100%| O|  |TAMS 0x0000000740200000| PB 0x0000000740200000| Untracked 
| 514|0x0000000740400000, 0x0000000740600000, 0x0000000740600000|100%| O|  |TAMS 0x0000000740400000| PB 0x0000000740400000| Untracked 
| 515|0x0000000740600000, 0x0000000740800000, 0x0000000740800000|100%| O|  |TAMS 0x0000000740600000| PB 0x0000000740600000| Untracked 
| 516|0x0000000740800000, 0x0000000740a00000, 0x0000000740a00000|100%| O|  |TAMS 0x0000000740800000| PB 0x0000000740800000| Untracked 
| 517|0x0000000740a00000, 0x0000000740a00000, 0x0000000740c00000|  0%| F|  |TAMS 0x0000000740a00000| PB 0x0000000740a00000| Untracked 
| 518|0x0000000740c00000, 0x0000000740e00000, 0x0000000740e00000|100%| O|  |TAMS 0x0000000740c00000| PB 0x0000000740c00000| Untracked 
| 519|0x0000000740e00000, 0x0000000740e00000, 0x0000000741000000|  0%| F|  |TAMS 0x0000000740e00000| PB 0x0000000740e00000| Untracked 
| 520|0x0000000741000000, 0x0000000741000000, 0x0000000741200000|  0%| F|  |TAMS 0x0000000741000000| PB 0x0000000741000000| Untracked 
| 521|0x0000000741200000, 0x0000000741200000, 0x0000000741400000|  0%| F|  |TAMS 0x0000000741200000| PB 0x0000000741200000| Untracked 
| 522|0x0000000741400000, 0x0000000741400000, 0x0000000741600000|  0%| F|  |TAMS 0x0000000741400000| PB 0x0000000741400000| Untracked 
| 523|0x0000000741600000, 0x0000000741600000, 0x0000000741800000|  0%| F|  |TAMS 0x0000000741600000| PB 0x0000000741600000| Untracked 
| 524|0x0000000741800000, 0x0000000741800000, 0x0000000741a00000|  0%| F|  |TAMS 0x0000000741800000| PB 0x0000000741800000| Untracked 
| 525|0x0000000741a00000, 0x0000000741a00000, 0x0000000741c00000|  0%| F|  |TAMS 0x0000000741a00000| PB 0x0000000741a00000| Untracked 
| 526|0x0000000741c00000, 0x0000000741c00000, 0x0000000741e00000|  0%| F|  |TAMS 0x0000000741c00000| PB 0x0000000741c00000| Untracked 
| 527|0x0000000741e00000, 0x0000000741e00000, 0x0000000742000000|  0%| F|  |TAMS 0x0000000741e00000| PB 0x0000000741e00000| Untracked 
| 528|0x0000000742000000, 0x0000000742000000, 0x0000000742200000|  0%| F|  |TAMS 0x0000000742000000| PB 0x0000000742000000| Untracked 
| 529|0x0000000742200000, 0x0000000742200000, 0x0000000742400000|  0%| F|  |TAMS 0x0000000742200000| PB 0x0000000742200000| Untracked 
| 530|0x0000000742400000, 0x0000000742400000, 0x0000000742600000|  0%| F|  |TAMS 0x0000000742400000| PB 0x0000000742400000| Untracked 
| 531|0x0000000742600000, 0x0000000742600000, 0x0000000742800000|  0%| F|  |TAMS 0x0000000742600000| PB 0x0000000742600000| Untracked 
| 532|0x0000000742800000, 0x0000000742800000, 0x0000000742a00000|  0%| F|  |TAMS 0x0000000742800000| PB 0x0000000742800000| Untracked 
| 533|0x0000000742a00000, 0x0000000742a00000, 0x0000000742c00000|  0%| F|  |TAMS 0x0000000742a00000| PB 0x0000000742a00000| Untracked 
| 534|0x0000000742c00000, 0x0000000742c00000, 0x0000000742e00000|  0%| F|  |TAMS 0x0000000742c00000| PB 0x0000000742c00000| Untracked 
| 535|0x0000000742e00000, 0x0000000742e00000, 0x0000000743000000|  0%| F|  |TAMS 0x0000000742e00000| PB 0x0000000742e00000| Untracked 
| 536|0x0000000743000000, 0x0000000743000000, 0x0000000743200000|  0%| F|  |TAMS 0x0000000743000000| PB 0x0000000743000000| Untracked 
| 537|0x0000000743200000, 0x0000000743200000, 0x0000000743400000|  0%| F|  |TAMS 0x0000000743200000| PB 0x0000000743200000| Untracked 
| 538|0x0000000743400000, 0x0000000743400000, 0x0000000743600000|  0%| F|  |TAMS 0x0000000743400000| PB 0x0000000743400000| Untracked 
| 539|0x0000000743600000, 0x0000000743600000, 0x0000000743800000|  0%| F|  |TAMS 0x0000000743600000| PB 0x0000000743600000| Untracked 
| 540|0x0000000743800000, 0x0000000743800000, 0x0000000743a00000|  0%| F|  |TAMS 0x0000000743800000| PB 0x0000000743800000| Untracked 
| 541|0x0000000743a00000, 0x0000000743a00000, 0x0000000743c00000|  0%| F|  |TAMS 0x0000000743a00000| PB 0x0000000743a00000| Untracked 
| 542|0x0000000743c00000, 0x0000000743c00000, 0x0000000743e00000|  0%| F|  |TAMS 0x0000000743c00000| PB 0x0000000743c00000| Untracked 
| 543|0x0000000743e00000, 0x0000000743e00000, 0x0000000744000000|  0%| F|  |TAMS 0x0000000743e00000| PB 0x0000000743e00000| Untracked 
| 544|0x0000000744000000, 0x0000000744000000, 0x0000000744200000|  0%| F|  |TAMS 0x0000000744000000| PB 0x0000000744000000| Untracked 
| 545|0x0000000744200000, 0x0000000744200000, 0x0000000744400000|  0%| F|  |TAMS 0x0000000744200000| PB 0x0000000744200000| Untracked 
| 546|0x0000000744400000, 0x0000000744400000, 0x0000000744600000|  0%| F|  |TAMS 0x0000000744400000| PB 0x0000000744400000| Untracked 
| 547|0x0000000744600000, 0x0000000744600000, 0x0000000744800000|  0%| F|  |TAMS 0x0000000744600000| PB 0x0000000744600000| Untracked 
| 548|0x0000000744800000, 0x0000000744800000, 0x0000000744a00000|  0%| F|  |TAMS 0x0000000744800000| PB 0x0000000744800000| Untracked 
| 549|0x0000000744a00000, 0x0000000744a00000, 0x0000000744c00000|  0%| F|  |TAMS 0x0000000744a00000| PB 0x0000000744a00000| Untracked 
| 550|0x0000000744c00000, 0x0000000744c00000, 0x0000000744e00000|  0%| F|  |TAMS 0x0000000744c00000| PB 0x0000000744c00000| Untracked 
| 551|0x0000000744e00000, 0x0000000744e00000, 0x0000000745000000|  0%| F|  |TAMS 0x0000000744e00000| PB 0x0000000744e00000| Untracked 
| 552|0x0000000745000000, 0x0000000745000000, 0x0000000745200000|  0%| F|  |TAMS 0x0000000745000000| PB 0x0000000745000000| Untracked 
| 553|0x0000000745200000, 0x0000000745200000, 0x0000000745400000|  0%| F|  |TAMS 0x0000000745200000| PB 0x0000000745200000| Untracked 
| 554|0x0000000745400000, 0x0000000745400000, 0x0000000745600000|  0%| F|  |TAMS 0x0000000745400000| PB 0x0000000745400000| Untracked 
| 555|0x0000000745600000, 0x0000000745600000, 0x0000000745800000|  0%| F|  |TAMS 0x0000000745600000| PB 0x0000000745600000| Untracked 
| 556|0x0000000745800000, 0x0000000745800000, 0x0000000745a00000|  0%| F|  |TAMS 0x0000000745800000| PB 0x0000000745800000| Untracked 
| 557|0x0000000745a00000, 0x0000000745a00000, 0x0000000745c00000|  0%| F|  |TAMS 0x0000000745a00000| PB 0x0000000745a00000| Untracked 
| 558|0x0000000745c00000, 0x0000000745c00000, 0x0000000745e00000|  0%| F|  |TAMS 0x0000000745c00000| PB 0x0000000745c00000| Untracked 
| 559|0x0000000745e00000, 0x0000000745e00000, 0x0000000746000000|  0%| F|  |TAMS 0x0000000745e00000| PB 0x0000000745e00000| Untracked 
| 560|0x0000000746000000, 0x0000000746000000, 0x0000000746200000|  0%| F|  |TAMS 0x0000000746000000| PB 0x0000000746000000| Untracked 
| 561|0x0000000746200000, 0x0000000746200000, 0x0000000746400000|  0%| F|  |TAMS 0x0000000746200000| PB 0x0000000746200000| Untracked 
| 562|0x0000000746400000, 0x0000000746400000, 0x0000000746600000|  0%| F|  |TAMS 0x0000000746400000| PB 0x0000000746400000| Untracked 
| 563|0x0000000746600000, 0x0000000746600000, 0x0000000746800000|  0%| F|  |TAMS 0x0000000746600000| PB 0x0000000746600000| Untracked 
| 564|0x0000000746800000, 0x0000000746800000, 0x0000000746a00000|  0%| F|  |TAMS 0x0000000746800000| PB 0x0000000746800000| Untracked 
| 565|0x0000000746a00000, 0x0000000746a00000, 0x0000000746c00000|  0%| F|  |TAMS 0x0000000746a00000| PB 0x0000000746a00000| Untracked 
| 566|0x0000000746c00000, 0x0000000746c00000, 0x0000000746e00000|  0%| F|  |TAMS 0x0000000746c00000| PB 0x0000000746c00000| Untracked 
| 567|0x0000000746e00000, 0x0000000746e00000, 0x0000000747000000|  0%| F|  |TAMS 0x0000000746e00000| PB 0x0000000746e00000| Untracked 
| 568|0x0000000747000000, 0x0000000747000000, 0x0000000747200000|  0%| F|  |TAMS 0x0000000747000000| PB 0x0000000747000000| Untracked 
| 569|0x0000000747200000, 0x0000000747200000, 0x0000000747400000|  0%| F|  |TAMS 0x0000000747200000| PB 0x0000000747200000| Untracked 
| 570|0x0000000747400000, 0x0000000747400000, 0x0000000747600000|  0%| F|  |TAMS 0x0000000747400000| PB 0x0000000747400000| Untracked 
| 571|0x0000000747600000, 0x0000000747600000, 0x0000000747800000|  0%| F|  |TAMS 0x0000000747600000| PB 0x0000000747600000| Untracked 
| 572|0x0000000747800000, 0x0000000747800000, 0x0000000747a00000|  0%| F|  |TAMS 0x0000000747800000| PB 0x0000000747800000| Untracked 
| 573|0x0000000747a00000, 0x0000000747a00000, 0x0000000747c00000|  0%| F|  |TAMS 0x0000000747a00000| PB 0x0000000747a00000| Untracked 
| 574|0x0000000747c00000, 0x0000000747c00000, 0x0000000747e00000|  0%| F|  |TAMS 0x0000000747c00000| PB 0x0000000747c00000| Untracked 
| 575|0x0000000747e00000, 0x0000000747e00000, 0x0000000748000000|  0%| F|  |TAMS 0x0000000747e00000| PB 0x0000000747e00000| Untracked 
| 576|0x0000000748000000, 0x0000000748000000, 0x0000000748200000|  0%| F|  |TAMS 0x0000000748000000| PB 0x0000000748000000| Untracked 
| 577|0x0000000748200000, 0x0000000748200000, 0x0000000748400000|  0%| F|  |TAMS 0x0000000748200000| PB 0x0000000748200000| Untracked 
| 578|0x0000000748400000, 0x0000000748400000, 0x0000000748600000|  0%| F|  |TAMS 0x0000000748400000| PB 0x0000000748400000| Untracked 
| 579|0x0000000748600000, 0x0000000748600000, 0x0000000748800000|  0%| F|  |TAMS 0x0000000748600000| PB 0x0000000748600000| Untracked 
| 580|0x0000000748800000, 0x0000000748800000, 0x0000000748a00000|  0%| F|  |TAMS 0x0000000748800000| PB 0x0000000748800000| Untracked 
| 581|0x0000000748a00000, 0x0000000748a00000, 0x0000000748c00000|  0%| F|  |TAMS 0x0000000748a00000| PB 0x0000000748a00000| Untracked 
| 582|0x0000000748c00000, 0x0000000748c00000, 0x0000000748e00000|  0%| F|  |TAMS 0x0000000748c00000| PB 0x0000000748c00000| Untracked 
| 583|0x0000000748e00000, 0x0000000748e00000, 0x0000000749000000|  0%| F|  |TAMS 0x0000000748e00000| PB 0x0000000748e00000| Untracked 
| 584|0x0000000749000000, 0x0000000749000000, 0x0000000749200000|  0%| F|  |TAMS 0x0000000749000000| PB 0x0000000749000000| Untracked 
| 585|0x0000000749200000, 0x0000000749200000, 0x0000000749400000|  0%| F|  |TAMS 0x0000000749200000| PB 0x0000000749200000| Untracked 
| 586|0x0000000749400000, 0x0000000749400000, 0x0000000749600000|  0%| F|  |TAMS 0x0000000749400000| PB 0x0000000749400000| Untracked 
| 587|0x0000000749600000, 0x0000000749600000, 0x0000000749800000|  0%| F|  |TAMS 0x0000000749600000| PB 0x0000000749600000| Untracked 
| 588|0x0000000749800000, 0x0000000749800000, 0x0000000749a00000|  0%| F|  |TAMS 0x0000000749800000| PB 0x0000000749800000| Untracked 
| 589|0x0000000749a00000, 0x0000000749a00000, 0x0000000749c00000|  0%| F|  |TAMS 0x0000000749a00000| PB 0x0000000749a00000| Untracked 
| 590|0x0000000749c00000, 0x0000000749c00000, 0x0000000749e00000|  0%| F|  |TAMS 0x0000000749c00000| PB 0x0000000749c00000| Untracked 
| 591|0x0000000749e00000, 0x0000000749e00000, 0x000000074a000000|  0%| F|  |TAMS 0x0000000749e00000| PB 0x0000000749e00000| Untracked 
| 592|0x000000074a000000, 0x000000074a000000, 0x000000074a200000|  0%| F|  |TAMS 0x000000074a000000| PB 0x000000074a000000| Untracked 
| 593|0x000000074a200000, 0x000000074a200000, 0x000000074a400000|  0%| F|  |TAMS 0x000000074a200000| PB 0x000000074a200000| Untracked 
| 594|0x000000074a400000, 0x000000074a400000, 0x000000074a600000|  0%| F|  |TAMS 0x000000074a400000| PB 0x000000074a400000| Untracked 
| 595|0x000000074a600000, 0x000000074a600000, 0x000000074a800000|  0%| F|  |TAMS 0x000000074a600000| PB 0x000000074a600000| Untracked 
| 596|0x000000074a800000, 0x000000074a800000, 0x000000074aa00000|  0%| F|  |TAMS 0x000000074a800000| PB 0x000000074a800000| Untracked 
| 597|0x000000074aa00000, 0x000000074aa00000, 0x000000074ac00000|  0%| F|  |TAMS 0x000000074aa00000| PB 0x000000074aa00000| Untracked 
| 598|0x000000074ac00000, 0x000000074ac00000, 0x000000074ae00000|  0%| F|  |TAMS 0x000000074ac00000| PB 0x000000074ac00000| Untracked 
| 599|0x000000074ae00000, 0x000000074ae00000, 0x000000074b000000|  0%| F|  |TAMS 0x000000074ae00000| PB 0x000000074ae00000| Untracked 
| 600|0x000000074b000000, 0x000000074b000000, 0x000000074b200000|  0%| F|  |TAMS 0x000000074b000000| PB 0x000000074b000000| Untracked 
| 601|0x000000074b200000, 0x000000074b200000, 0x000000074b400000|  0%| F|  |TAMS 0x000000074b200000| PB 0x000000074b200000| Untracked 
| 602|0x000000074b400000, 0x000000074b400000, 0x000000074b600000|  0%| F|  |TAMS 0x000000074b400000| PB 0x000000074b400000| Untracked 
| 603|0x000000074b600000, 0x000000074b600000, 0x000000074b800000|  0%| F|  |TAMS 0x000000074b600000| PB 0x000000074b600000| Untracked 
| 604|0x000000074b800000, 0x000000074b800000, 0x000000074ba00000|  0%| F|  |TAMS 0x000000074b800000| PB 0x000000074b800000| Untracked 
| 605|0x000000074ba00000, 0x000000074ba00000, 0x000000074bc00000|  0%| F|  |TAMS 0x000000074ba00000| PB 0x000000074ba00000| Untracked 
| 606|0x000000074bc00000, 0x000000074bc00000, 0x000000074be00000|  0%| F|  |TAMS 0x000000074bc00000| PB 0x000000074bc00000| Untracked 
| 607|0x000000074be00000, 0x000000074be00000, 0x000000074c000000|  0%| F|  |TAMS 0x000000074be00000| PB 0x000000074be00000| Untracked 
| 608|0x000000074c000000, 0x000000074c000000, 0x000000074c200000|  0%| F|  |TAMS 0x000000074c000000| PB 0x000000074c000000| Untracked 
| 609|0x000000074c200000, 0x000000074c200000, 0x000000074c400000|  0%| F|  |TAMS 0x000000074c200000| PB 0x000000074c200000| Untracked 
| 610|0x000000074c400000, 0x000000074c400000, 0x000000074c600000|  0%| F|  |TAMS 0x000000074c400000| PB 0x000000074c400000| Untracked 
| 611|0x000000074c600000, 0x000000074c600000, 0x000000074c800000|  0%| F|  |TAMS 0x000000074c600000| PB 0x000000074c600000| Untracked 
| 612|0x000000074c800000, 0x000000074c800000, 0x000000074ca00000|  0%| F|  |TAMS 0x000000074c800000| PB 0x000000074c800000| Untracked 
| 613|0x000000074ca00000, 0x000000074ca00000, 0x000000074cc00000|  0%| F|  |TAMS 0x000000074ca00000| PB 0x000000074ca00000| Untracked 
| 614|0x000000074cc00000, 0x000000074cc00000, 0x000000074ce00000|  0%| F|  |TAMS 0x000000074cc00000| PB 0x000000074cc00000| Untracked 
| 615|0x000000074ce00000, 0x000000074cfc45c0, 0x000000074d000000| 88%| S|CS|TAMS 0x000000074ce00000| PB 0x000000074ce00000| Complete 
| 616|0x000000074d000000, 0x000000074d200000, 0x000000074d200000|100%| S|CS|TAMS 0x000000074d000000| PB 0x000000074d000000| Complete 
| 617|0x000000074d200000, 0x000000074d400000, 0x000000074d400000|100%| S|CS|TAMS 0x000000074d200000| PB 0x000000074d200000| Complete 
| 618|0x000000074d400000, 0x000000074d600000, 0x000000074d600000|100%| S|CS|TAMS 0x000000074d400000| PB 0x000000074d400000| Complete 
| 619|0x000000074d600000, 0x000000074d800000, 0x000000074d800000|100%| S|CS|TAMS 0x000000074d600000| PB 0x000000074d600000| Complete 
| 620|0x000000074d800000, 0x000000074da00000, 0x000000074da00000|100%| S|CS|TAMS 0x000000074d800000| PB 0x000000074d800000| Complete 
| 621|0x000000074da00000, 0x000000074da00000, 0x000000074dc00000|  0%| F|  |TAMS 0x000000074da00000| PB 0x000000074da00000| Untracked 
| 622|0x000000074dc00000, 0x000000074dc00000, 0x000000074de00000|  0%| F|  |TAMS 0x000000074dc00000| PB 0x000000074dc00000| Untracked 
| 623|0x000000074de00000, 0x000000074e000000, 0x000000074e000000|100%| S|CS|TAMS 0x000000074de00000| PB 0x000000074de00000| Complete 
| 624|0x000000074e000000, 0x000000074e200000, 0x000000074e200000|100%| S|CS|TAMS 0x000000074e000000| PB 0x000000074e000000| Complete 
| 625|0x000000074e200000, 0x000000074e400000, 0x000000074e400000|100%| S|CS|TAMS 0x000000074e200000| PB 0x000000074e200000| Complete 
| 626|0x000000074e400000, 0x000000074e600000, 0x000000074e600000|100%| S|CS|TAMS 0x000000074e400000| PB 0x000000074e400000| Complete 
| 627|0x000000074e600000, 0x000000074e800000, 0x000000074e800000|100%| S|CS|TAMS 0x000000074e600000| PB 0x000000074e600000| Complete 
| 628|0x000000074e800000, 0x000000074ea00000, 0x000000074ea00000|100%| S|CS|TAMS 0x000000074e800000| PB 0x000000074e800000| Complete 
| 629|0x000000074ea00000, 0x000000074ec00000, 0x000000074ec00000|100%| S|CS|TAMS 0x000000074ea00000| PB 0x000000074ea00000| Complete 
| 630|0x000000074ec00000, 0x000000074ee00000, 0x000000074ee00000|100%| S|CS|TAMS 0x000000074ec00000| PB 0x000000074ec00000| Complete 
| 631|0x000000074ee00000, 0x000000074f000000, 0x000000074f000000|100%| S|CS|TAMS 0x000000074ee00000| PB 0x000000074ee00000| Complete 
| 632|0x000000074f000000, 0x000000074f200000, 0x000000074f200000|100%| S|CS|TAMS 0x000000074f000000| PB 0x000000074f000000| Complete 
| 633|0x000000074f200000, 0x000000074f400000, 0x000000074f400000|100%| S|CS|TAMS 0x000000074f200000| PB 0x000000074f200000| Complete 
| 634|0x000000074f400000, 0x000000074f600000, 0x000000074f600000|100%| S|CS|TAMS 0x000000074f400000| PB 0x000000074f400000| Complete 
| 635|0x000000074f600000, 0x000000074f800000, 0x000000074f800000|100%| S|CS|TAMS 0x000000074f600000| PB 0x000000074f600000| Complete 
| 636|0x000000074f800000, 0x000000074fa00000, 0x000000074fa00000|100%| S|CS|TAMS 0x000000074f800000| PB 0x000000074f800000| Complete 
| 637|0x000000074fa00000, 0x000000074fc00000, 0x000000074fc00000|100%| S|CS|TAMS 0x000000074fa00000| PB 0x000000074fa00000| Complete 
| 638|0x000000074fc00000, 0x000000074fe00000, 0x000000074fe00000|100%| S|CS|TAMS 0x000000074fc00000| PB 0x000000074fc00000| Complete 
| 639|0x000000074fe00000, 0x0000000750000000, 0x0000000750000000|100%| S|CS|TAMS 0x000000074fe00000| PB 0x000000074fe00000| Complete 
| 640|0x0000000750000000, 0x0000000750200000, 0x0000000750200000|100%| S|CS|TAMS 0x0000000750000000| PB 0x0000000750000000| Complete 
| 641|0x0000000750200000, 0x0000000750400000, 0x0000000750400000|100%| S|CS|TAMS 0x0000000750200000| PB 0x0000000750200000| Complete 
| 642|0x0000000750400000, 0x0000000750600000, 0x0000000750600000|100%| S|CS|TAMS 0x0000000750400000| PB 0x0000000750400000| Complete 
| 643|0x0000000750600000, 0x0000000750800000, 0x0000000750800000|100%| S|CS|TAMS 0x0000000750600000| PB 0x0000000750600000| Complete 
| 644|0x0000000750800000, 0x0000000750800000, 0x0000000750a00000|  0%| F|  |TAMS 0x0000000750800000| PB 0x0000000750800000| Untracked 
| 645|0x0000000750a00000, 0x0000000750a00000, 0x0000000750c00000|  0%| F|  |TAMS 0x0000000750a00000| PB 0x0000000750a00000| Untracked 
| 646|0x0000000750c00000, 0x0000000750c00000, 0x0000000750e00000|  0%| F|  |TAMS 0x0000000750c00000| PB 0x0000000750c00000| Untracked 
| 647|0x0000000750e00000, 0x0000000750e00000, 0x0000000751000000|  0%| F|  |TAMS 0x0000000750e00000| PB 0x0000000750e00000| Untracked 
| 648|0x0000000751000000, 0x0000000751000000, 0x0000000751200000|  0%| F|  |TAMS 0x0000000751000000| PB 0x0000000751000000| Untracked 
| 649|0x0000000751200000, 0x0000000751200000, 0x0000000751400000|  0%| F|  |TAMS 0x0000000751200000| PB 0x0000000751200000| Untracked 
| 650|0x0000000751400000, 0x0000000751400000, 0x0000000751600000|  0%| F|  |TAMS 0x0000000751400000| PB 0x0000000751400000| Untracked 
| 651|0x0000000751600000, 0x0000000751600000, 0x0000000751800000|  0%| F|  |TAMS 0x0000000751600000| PB 0x0000000751600000| Untracked 
| 652|0x0000000751800000, 0x0000000751800000, 0x0000000751a00000|  0%| F|  |TAMS 0x0000000751800000| PB 0x0000000751800000| Untracked 
| 653|0x0000000751a00000, 0x0000000751a00000, 0x0000000751c00000|  0%| F|  |TAMS 0x0000000751a00000| PB 0x0000000751a00000| Untracked 
| 654|0x0000000751c00000, 0x0000000751c00000, 0x0000000751e00000|  0%| F|  |TAMS 0x0000000751c00000| PB 0x0000000751c00000| Untracked 
| 655|0x0000000751e00000, 0x0000000751e00000, 0x0000000752000000|  0%| F|  |TAMS 0x0000000751e00000| PB 0x0000000751e00000| Untracked 
| 656|0x0000000752000000, 0x0000000752000000, 0x0000000752200000|  0%| F|  |TAMS 0x0000000752000000| PB 0x0000000752000000| Untracked 
| 657|0x0000000752200000, 0x0000000752200000, 0x0000000752400000|  0%| F|  |TAMS 0x0000000752200000| PB 0x0000000752200000| Untracked 
| 658|0x0000000752400000, 0x0000000752400000, 0x0000000752600000|  0%| F|  |TAMS 0x0000000752400000| PB 0x0000000752400000| Untracked 
| 659|0x0000000752600000, 0x0000000752600000, 0x0000000752800000|  0%| F|  |TAMS 0x0000000752600000| PB 0x0000000752600000| Untracked 
| 660|0x0000000752800000, 0x0000000752800000, 0x0000000752a00000|  0%| F|  |TAMS 0x0000000752800000| PB 0x0000000752800000| Untracked 
| 661|0x0000000752a00000, 0x0000000752a00000, 0x0000000752c00000|  0%| F|  |TAMS 0x0000000752a00000| PB 0x0000000752a00000| Untracked 
| 662|0x0000000752c00000, 0x0000000752c00000, 0x0000000752e00000|  0%| F|  |TAMS 0x0000000752c00000| PB 0x0000000752c00000| Untracked 
| 663|0x0000000752e00000, 0x0000000752e00000, 0x0000000753000000|  0%| F|  |TAMS 0x0000000752e00000| PB 0x0000000752e00000| Untracked 
| 664|0x0000000753000000, 0x0000000753000000, 0x0000000753200000|  0%| F|  |TAMS 0x0000000753000000| PB 0x0000000753000000| Untracked 
| 665|0x0000000753200000, 0x0000000753200000, 0x0000000753400000|  0%| F|  |TAMS 0x0000000753200000| PB 0x0000000753200000| Untracked 
| 666|0x0000000753400000, 0x0000000753400000, 0x0000000753600000|  0%| F|  |TAMS 0x0000000753400000| PB 0x0000000753400000| Untracked 
| 667|0x0000000753600000, 0x0000000753600000, 0x0000000753800000|  0%| F|  |TAMS 0x0000000753600000| PB 0x0000000753600000| Untracked 
| 668|0x0000000753800000, 0x0000000753800000, 0x0000000753a00000|  0%| F|  |TAMS 0x0000000753800000| PB 0x0000000753800000| Untracked 
| 669|0x0000000753a00000, 0x0000000753a00000, 0x0000000753c00000|  0%| F|  |TAMS 0x0000000753a00000| PB 0x0000000753a00000| Untracked 
| 670|0x0000000753c00000, 0x0000000753c00000, 0x0000000753e00000|  0%| F|  |TAMS 0x0000000753c00000| PB 0x0000000753c00000| Untracked 
| 671|0x0000000753e00000, 0x0000000753e00000, 0x0000000754000000|  0%| F|  |TAMS 0x0000000753e00000| PB 0x0000000753e00000| Untracked 
| 672|0x0000000754000000, 0x0000000754000000, 0x0000000754200000|  0%| F|  |TAMS 0x0000000754000000| PB 0x0000000754000000| Untracked 
| 673|0x0000000754200000, 0x0000000754200000, 0x0000000754400000|  0%| F|  |TAMS 0x0000000754200000| PB 0x0000000754200000| Untracked 
| 674|0x0000000754400000, 0x0000000754400000, 0x0000000754600000|  0%| F|  |TAMS 0x0000000754400000| PB 0x0000000754400000| Untracked 
| 675|0x0000000754600000, 0x0000000754600000, 0x0000000754800000|  0%| F|  |TAMS 0x0000000754600000| PB 0x0000000754600000| Untracked 
| 676|0x0000000754800000, 0x0000000754800000, 0x0000000754a00000|  0%| F|  |TAMS 0x0000000754800000| PB 0x0000000754800000| Untracked 
| 677|0x0000000754a00000, 0x0000000754a00000, 0x0000000754c00000|  0%| F|  |TAMS 0x0000000754a00000| PB 0x0000000754a00000| Untracked 
| 678|0x0000000754c00000, 0x0000000754c00000, 0x0000000754e00000|  0%| F|  |TAMS 0x0000000754c00000| PB 0x0000000754c00000| Untracked 
| 679|0x0000000754e00000, 0x0000000754e00000, 0x0000000755000000|  0%| F|  |TAMS 0x0000000754e00000| PB 0x0000000754e00000| Untracked 
| 680|0x0000000755000000, 0x0000000755000000, 0x0000000755200000|  0%| F|  |TAMS 0x0000000755000000| PB 0x0000000755000000| Untracked 
| 681|0x0000000755200000, 0x0000000755200000, 0x0000000755400000|  0%| F|  |TAMS 0x0000000755200000| PB 0x0000000755200000| Untracked 
| 682|0x0000000755400000, 0x0000000755400000, 0x0000000755600000|  0%| F|  |TAMS 0x0000000755400000| PB 0x0000000755400000| Untracked 
| 683|0x0000000755600000, 0x0000000755600000, 0x0000000755800000|  0%| F|  |TAMS 0x0000000755600000| PB 0x0000000755600000| Untracked 
| 684|0x0000000755800000, 0x0000000755800000, 0x0000000755a00000|  0%| F|  |TAMS 0x0000000755800000| PB 0x0000000755800000| Untracked 
| 685|0x0000000755a00000, 0x0000000755a00000, 0x0000000755c00000|  0%| F|  |TAMS 0x0000000755a00000| PB 0x0000000755a00000| Untracked 
| 686|0x0000000755c00000, 0x0000000755d00000, 0x0000000755e00000| 50%| E|  |TAMS 0x0000000755c00000| PB 0x0000000755c00000| Complete 
| 687|0x0000000755e00000, 0x0000000756000000, 0x0000000756000000|100%| E|CS|TAMS 0x0000000755e00000| PB 0x0000000755e00000| Complete 
| 688|0x0000000756000000, 0x0000000756200000, 0x0000000756200000|100%| E|CS|TAMS 0x0000000756000000| PB 0x0000000756000000| Complete 
| 689|0x0000000756200000, 0x0000000756400000, 0x0000000756400000|100%| E|CS|TAMS 0x0000000756200000| PB 0x0000000756200000| Complete 
| 690|0x0000000756400000, 0x0000000756600000, 0x0000000756600000|100%| E|CS|TAMS 0x0000000756400000| PB 0x0000000756400000| Complete 
| 691|0x0000000756600000, 0x0000000756800000, 0x0000000756800000|100%| E|CS|TAMS 0x0000000756600000| PB 0x0000000756600000| Complete 
| 692|0x0000000756800000, 0x0000000756a00000, 0x0000000756a00000|100%| E|CS|TAMS 0x0000000756800000| PB 0x0000000756800000| Complete 
| 693|0x0000000756a00000, 0x0000000756c00000, 0x0000000756c00000|100%| E|CS|TAMS 0x0000000756a00000| PB 0x0000000756a00000| Complete 
| 694|0x0000000756c00000, 0x0000000756e00000, 0x0000000756e00000|100%| E|CS|TAMS 0x0000000756c00000| PB 0x0000000756c00000| Complete 
| 695|0x0000000756e00000, 0x0000000757000000, 0x0000000757000000|100%| E|CS|TAMS 0x0000000756e00000| PB 0x0000000756e00000| Complete 
| 696|0x0000000757000000, 0x0000000757200000, 0x0000000757200000|100%| E|CS|TAMS 0x0000000757000000| PB 0x0000000757000000| Complete 
| 697|0x0000000757200000, 0x0000000757400000, 0x0000000757400000|100%| E|CS|TAMS 0x0000000757200000| PB 0x0000000757200000| Complete 
| 698|0x0000000757400000, 0x0000000757600000, 0x0000000757600000|100%| E|CS|TAMS 0x0000000757400000| PB 0x0000000757400000| Complete 
| 699|0x0000000757600000, 0x0000000757800000, 0x0000000757800000|100%| E|CS|TAMS 0x0000000757600000| PB 0x0000000757600000| Complete 
| 700|0x0000000757800000, 0x0000000757a00000, 0x0000000757a00000|100%| E|CS|TAMS 0x0000000757800000| PB 0x0000000757800000| Complete 
| 701|0x0000000757a00000, 0x0000000757c00000, 0x0000000757c00000|100%| E|CS|TAMS 0x0000000757a00000| PB 0x0000000757a00000| Complete 
| 702|0x0000000757c00000, 0x0000000757e00000, 0x0000000757e00000|100%| E|CS|TAMS 0x0000000757c00000| PB 0x0000000757c00000| Complete 
| 703|0x0000000757e00000, 0x0000000758000000, 0x0000000758000000|100%| E|CS|TAMS 0x0000000757e00000| PB 0x0000000757e00000| Complete 
| 704|0x0000000758000000, 0x0000000758200000, 0x0000000758200000|100%| E|CS|TAMS 0x0000000758000000| PB 0x0000000758000000| Complete 
| 705|0x0000000758200000, 0x0000000758400000, 0x0000000758400000|100%| E|CS|TAMS 0x0000000758200000| PB 0x0000000758200000| Complete 
| 706|0x0000000758400000, 0x0000000758600000, 0x0000000758600000|100%| E|CS|TAMS 0x0000000758400000| PB 0x0000000758400000| Complete 
| 707|0x0000000758600000, 0x0000000758800000, 0x0000000758800000|100%| E|CS|TAMS 0x0000000758600000| PB 0x0000000758600000| Complete 
| 708|0x0000000758800000, 0x0000000758a00000, 0x0000000758a00000|100%| E|CS|TAMS 0x0000000758800000| PB 0x0000000758800000| Complete 
| 709|0x0000000758a00000, 0x0000000758c00000, 0x0000000758c00000|100%| E|CS|TAMS 0x0000000758a00000| PB 0x0000000758a00000| Complete 
| 710|0x0000000758c00000, 0x0000000758e00000, 0x0000000758e00000|100%| E|CS|TAMS 0x0000000758c00000| PB 0x0000000758c00000| Complete 
| 711|0x0000000758e00000, 0x0000000759000000, 0x0000000759000000|100%| E|CS|TAMS 0x0000000758e00000| PB 0x0000000758e00000| Complete 
| 712|0x0000000759000000, 0x0000000759200000, 0x0000000759200000|100%| E|CS|TAMS 0x0000000759000000| PB 0x0000000759000000| Complete 
| 713|0x0000000759200000, 0x0000000759400000, 0x0000000759400000|100%| E|CS|TAMS 0x0000000759200000| PB 0x0000000759200000| Complete 
| 714|0x0000000759400000, 0x0000000759600000, 0x0000000759600000|100%| E|CS|TAMS 0x0000000759400000| PB 0x0000000759400000| Complete 
| 715|0x0000000759600000, 0x0000000759800000, 0x0000000759800000|100%| E|CS|TAMS 0x0000000759600000| PB 0x0000000759600000| Complete 
| 716|0x0000000759800000, 0x0000000759a00000, 0x0000000759a00000|100%| E|CS|TAMS 0x0000000759800000| PB 0x0000000759800000| Complete 
| 717|0x0000000759a00000, 0x0000000759c00000, 0x0000000759c00000|100%| E|CS|TAMS 0x0000000759a00000| PB 0x0000000759a00000| Complete 
| 718|0x0000000759c00000, 0x0000000759e00000, 0x0000000759e00000|100%| E|CS|TAMS 0x0000000759c00000| PB 0x0000000759c00000| Complete 
| 719|0x0000000759e00000, 0x000000075a000000, 0x000000075a000000|100%| E|CS|TAMS 0x0000000759e00000| PB 0x0000000759e00000| Complete 
| 720|0x000000075a000000, 0x000000075a200000, 0x000000075a200000|100%| E|CS|TAMS 0x000000075a000000| PB 0x000000075a000000| Complete 
| 721|0x000000075a200000, 0x000000075a400000, 0x000000075a400000|100%| E|CS|TAMS 0x000000075a200000| PB 0x000000075a200000| Complete 
| 722|0x000000075a400000, 0x000000075a600000, 0x000000075a600000|100%| E|CS|TAMS 0x000000075a400000| PB 0x000000075a400000| Complete 
| 723|0x000000075a600000, 0x000000075a800000, 0x000000075a800000|100%| E|CS|TAMS 0x000000075a600000| PB 0x000000075a600000| Complete 
| 724|0x000000075a800000, 0x000000075aa00000, 0x000000075aa00000|100%| E|CS|TAMS 0x000000075a800000| PB 0x000000075a800000| Complete 
| 725|0x000000075aa00000, 0x000000075ac00000, 0x000000075ac00000|100%| E|CS|TAMS 0x000000075aa00000| PB 0x000000075aa00000| Complete 
| 726|0x000000075ac00000, 0x000000075ae00000, 0x000000075ae00000|100%| E|CS|TAMS 0x000000075ac00000| PB 0x000000075ac00000| Complete 
| 727|0x000000075ae00000, 0x000000075b000000, 0x000000075b000000|100%| E|CS|TAMS 0x000000075ae00000| PB 0x000000075ae00000| Complete 
| 728|0x000000075b000000, 0x000000075b200000, 0x000000075b200000|100%| E|CS|TAMS 0x000000075b000000| PB 0x000000075b000000| Complete 
| 729|0x000000075b200000, 0x000000075b400000, 0x000000075b400000|100%| E|CS|TAMS 0x000000075b200000| PB 0x000000075b200000| Complete 
| 730|0x000000075b400000, 0x000000075b600000, 0x000000075b600000|100%| E|CS|TAMS 0x000000075b400000| PB 0x000000075b400000| Complete 
| 731|0x000000075b600000, 0x000000075b800000, 0x000000075b800000|100%| E|CS|TAMS 0x000000075b600000| PB 0x000000075b600000| Complete 
| 732|0x000000075b800000, 0x000000075ba00000, 0x000000075ba00000|100%| E|CS|TAMS 0x000000075b800000| PB 0x000000075b800000| Complete 
| 733|0x000000075ba00000, 0x000000075bc00000, 0x000000075bc00000|100%| E|CS|TAMS 0x000000075ba00000| PB 0x000000075ba00000| Complete 
| 734|0x000000075bc00000, 0x000000075be00000, 0x000000075be00000|100%| O|  |TAMS 0x000000075bc00000| PB 0x000000075bc00000| Untracked 
| 735|0x000000075be00000, 0x000000075c000000, 0x000000075c000000|100%| E|CS|TAMS 0x000000075be00000| PB 0x000000075be00000| Complete 
| 736|0x000000075c000000, 0x000000075c200000, 0x000000075c200000|100%| E|CS|TAMS 0x000000075c000000| PB 0x000000075c000000| Complete 
| 737|0x000000075c200000, 0x000000075c400000, 0x000000075c400000|100%| O|  |TAMS 0x000000075c200000| PB 0x000000075c200000| Untracked 
| 738|0x000000075c400000, 0x000000075c600000, 0x000000075c600000|100%| E|CS|TAMS 0x000000075c400000| PB 0x000000075c400000| Complete 
| 739|0x000000075c600000, 0x000000075c800000, 0x000000075c800000|100%| O|  |TAMS 0x000000075c600000| PB 0x000000075c600000| Untracked 
| 740|0x000000075c800000, 0x000000075ca00000, 0x000000075ca00000|100%| E|CS|TAMS 0x000000075c800000| PB 0x000000075c800000| Complete 
| 741|0x000000075ca00000, 0x000000075cc00000, 0x000000075cc00000|100%| E|CS|TAMS 0x000000075ca00000| PB 0x000000075ca00000| Complete 
| 742|0x000000075cc00000, 0x000000075ce00000, 0x000000075ce00000|100%| E|CS|TAMS 0x000000075cc00000| PB 0x000000075cc00000| Complete 
| 743|0x000000075ce00000, 0x000000075d000000, 0x000000075d000000|100%| E|CS|TAMS 0x000000075ce00000| PB 0x000000075ce00000| Complete 
| 744|0x000000075d000000, 0x000000075d200000, 0x000000075d200000|100%| E|CS|TAMS 0x000000075d000000| PB 0x000000075d000000| Complete 
| 745|0x000000075d200000, 0x000000075d400000, 0x000000075d400000|100%| E|CS|TAMS 0x000000075d200000| PB 0x000000075d200000| Complete 
| 746|0x000000075d400000, 0x000000075d600000, 0x000000075d600000|100%| E|CS|TAMS 0x000000075d400000| PB 0x000000075d400000| Complete 
| 747|0x000000075d600000, 0x000000075d800000, 0x000000075d800000|100%| E|CS|TAMS 0x000000075d600000| PB 0x000000075d600000| Complete 
| 748|0x000000075d800000, 0x000000075da00000, 0x000000075da00000|100%| E|CS|TAMS 0x000000075d800000| PB 0x000000075d800000| Complete 
| 749|0x000000075da00000, 0x000000075dc00000, 0x000000075dc00000|100%| E|CS|TAMS 0x000000075da00000| PB 0x000000075da00000| Complete 
| 750|0x000000075dc00000, 0x000000075de00000, 0x000000075de00000|100%| E|CS|TAMS 0x000000075dc00000| PB 0x000000075dc00000| Complete 
| 751|0x000000075de00000, 0x000000075e000000, 0x000000075e000000|100%| E|CS|TAMS 0x000000075de00000| PB 0x000000075de00000| Complete 
| 752|0x000000075e000000, 0x000000075e200000, 0x000000075e200000|100%| E|CS|TAMS 0x000000075e000000| PB 0x000000075e000000| Complete 
| 753|0x000000075e200000, 0x000000075e400000, 0x000000075e400000|100%| E|CS|TAMS 0x000000075e200000| PB 0x000000075e200000| Complete 
| 754|0x000000075e400000, 0x000000075e600000, 0x000000075e600000|100%| E|CS|TAMS 0x000000075e400000| PB 0x000000075e400000| Complete 
| 755|0x000000075e600000, 0x000000075e800000, 0x000000075e800000|100%| E|CS|TAMS 0x000000075e600000| PB 0x000000075e600000| Complete 
| 756|0x000000075e800000, 0x000000075ea00000, 0x000000075ea00000|100%| E|CS|TAMS 0x000000075e800000| PB 0x000000075e800000| Complete 
| 757|0x000000075ea00000, 0x000000075ec00000, 0x000000075ec00000|100%| E|CS|TAMS 0x000000075ea00000| PB 0x000000075ea00000| Complete 
| 758|0x000000075ec00000, 0x000000075ee00000, 0x000000075ee00000|100%| E|CS|TAMS 0x000000075ec00000| PB 0x000000075ec00000| Complete 
| 759|0x000000075ee00000, 0x000000075f000000, 0x000000075f000000|100%| E|CS|TAMS 0x000000075ee00000| PB 0x000000075ee00000| Complete 
| 760|0x000000075f000000, 0x000000075f200000, 0x000000075f200000|100%| E|CS|TAMS 0x000000075f000000| PB 0x000000075f000000| Complete 
| 761|0x000000075f200000, 0x000000075f400000, 0x000000075f400000|100%| E|CS|TAMS 0x000000075f200000| PB 0x000000075f200000| Complete 
| 762|0x000000075f400000, 0x000000075f600000, 0x000000075f600000|100%| E|CS|TAMS 0x000000075f400000| PB 0x000000075f400000| Complete 
| 763|0x000000075f600000, 0x000000075f800000, 0x000000075f800000|100%| E|CS|TAMS 0x000000075f600000| PB 0x000000075f600000| Complete 
| 764|0x000000075f800000, 0x000000075fa00000, 0x000000075fa00000|100%| E|CS|TAMS 0x000000075f800000| PB 0x000000075f800000| Complete 
| 765|0x000000075fa00000, 0x000000075fc00000, 0x000000075fc00000|100%| E|CS|TAMS 0x000000075fa00000| PB 0x000000075fa00000| Complete 
| 766|0x000000075fc00000, 0x000000075fe00000, 0x000000075fe00000|100%| E|CS|TAMS 0x000000075fc00000| PB 0x000000075fc00000| Complete 
| 767|0x000000075fe00000, 0x0000000760000000, 0x0000000760000000|100%| E|CS|TAMS 0x000000075fe00000| PB 0x000000075fe00000| Complete 
| 768|0x0000000760000000, 0x0000000760200000, 0x0000000760200000|100%| E|CS|TAMS 0x0000000760000000| PB 0x0000000760000000| Complete 
| 769|0x0000000760200000, 0x0000000760400000, 0x0000000760400000|100%| E|CS|TAMS 0x0000000760200000| PB 0x0000000760200000| Complete 
| 770|0x0000000760400000, 0x0000000760600000, 0x0000000760600000|100%| E|CS|TAMS 0x0000000760400000| PB 0x0000000760400000| Complete 
| 771|0x0000000760600000, 0x0000000760800000, 0x0000000760800000|100%| E|CS|TAMS 0x0000000760600000| PB 0x0000000760600000| Complete 
| 772|0x0000000760800000, 0x0000000760a00000, 0x0000000760a00000|100%| E|CS|TAMS 0x0000000760800000| PB 0x0000000760800000| Complete 
| 773|0x0000000760a00000, 0x0000000760c00000, 0x0000000760c00000|100%| E|CS|TAMS 0x0000000760a00000| PB 0x0000000760a00000| Complete 
| 774|0x0000000760c00000, 0x0000000760e00000, 0x0000000760e00000|100%| E|CS|TAMS 0x0000000760c00000| PB 0x0000000760c00000| Complete 
| 775|0x0000000760e00000, 0x0000000761000000, 0x0000000761000000|100%| E|CS|TAMS 0x0000000760e00000| PB 0x0000000760e00000| Complete 
| 776|0x0000000761000000, 0x0000000761200000, 0x0000000761200000|100%| E|CS|TAMS 0x0000000761000000| PB 0x0000000761000000| Complete 
| 777|0x0000000761200000, 0x0000000761400000, 0x0000000761400000|100%| E|CS|TAMS 0x0000000761200000| PB 0x0000000761200000| Complete 
| 778|0x0000000761400000, 0x0000000761600000, 0x0000000761600000|100%| E|CS|TAMS 0x0000000761400000| PB 0x0000000761400000| Complete 
| 779|0x0000000761600000, 0x0000000761800000, 0x0000000761800000|100%| E|CS|TAMS 0x0000000761600000| PB 0x0000000761600000| Complete 
| 780|0x0000000761800000, 0x0000000761a00000, 0x0000000761a00000|100%| E|CS|TAMS 0x0000000761800000| PB 0x0000000761800000| Complete 
| 781|0x0000000761a00000, 0x0000000761c00000, 0x0000000761c00000|100%| E|CS|TAMS 0x0000000761a00000| PB 0x0000000761a00000| Complete 
| 782|0x0000000761c00000, 0x0000000761e00000, 0x0000000761e00000|100%| E|CS|TAMS 0x0000000761c00000| PB 0x0000000761c00000| Complete 
| 783|0x0000000761e00000, 0x0000000762000000, 0x0000000762000000|100%| E|CS|TAMS 0x0000000761e00000| PB 0x0000000761e00000| Complete 
| 784|0x0000000762000000, 0x0000000762200000, 0x0000000762200000|100%| E|CS|TAMS 0x0000000762000000| PB 0x0000000762000000| Complete 
| 785|0x0000000762200000, 0x0000000762400000, 0x0000000762400000|100%| E|CS|TAMS 0x0000000762200000| PB 0x0000000762200000| Complete 
| 786|0x0000000762400000, 0x0000000762600000, 0x0000000762600000|100%| E|CS|TAMS 0x0000000762400000| PB 0x0000000762400000| Complete 
| 787|0x0000000762600000, 0x0000000762800000, 0x0000000762800000|100%| E|CS|TAMS 0x0000000762600000| PB 0x0000000762600000| Complete 
| 788|0x0000000762800000, 0x0000000762a00000, 0x0000000762a00000|100%| E|CS|TAMS 0x0000000762800000| PB 0x0000000762800000| Complete 
| 789|0x0000000762a00000, 0x0000000762c00000, 0x0000000762c00000|100%| E|CS|TAMS 0x0000000762a00000| PB 0x0000000762a00000| Complete 
| 790|0x0000000762c00000, 0x0000000762e00000, 0x0000000762e00000|100%| E|CS|TAMS 0x0000000762c00000| PB 0x0000000762c00000| Complete 
| 791|0x0000000762e00000, 0x0000000763000000, 0x0000000763000000|100%| E|CS|TAMS 0x0000000762e00000| PB 0x0000000762e00000| Complete 
| 792|0x0000000763000000, 0x0000000763200000, 0x0000000763200000|100%| E|CS|TAMS 0x0000000763000000| PB 0x0000000763000000| Complete 
| 793|0x0000000763200000, 0x0000000763400000, 0x0000000763400000|100%| E|CS|TAMS 0x0000000763200000| PB 0x0000000763200000| Complete 
| 794|0x0000000763400000, 0x0000000763600000, 0x0000000763600000|100%| E|CS|TAMS 0x0000000763400000| PB 0x0000000763400000| Complete 
| 795|0x0000000763600000, 0x0000000763800000, 0x0000000763800000|100%| E|CS|TAMS 0x0000000763600000| PB 0x0000000763600000| Complete 
| 796|0x0000000763800000, 0x0000000763a00000, 0x0000000763a00000|100%| E|CS|TAMS 0x0000000763800000| PB 0x0000000763800000| Complete 
| 797|0x0000000763a00000, 0x0000000763c00000, 0x0000000763c00000|100%| E|CS|TAMS 0x0000000763a00000| PB 0x0000000763a00000| Complete 
| 798|0x0000000763c00000, 0x0000000763e00000, 0x0000000763e00000|100%| E|CS|TAMS 0x0000000763c00000| PB 0x0000000763c00000| Complete 
| 799|0x0000000763e00000, 0x0000000764000000, 0x0000000764000000|100%| E|CS|TAMS 0x0000000763e00000| PB 0x0000000763e00000| Complete 
| 800|0x0000000764000000, 0x0000000764200000, 0x0000000764200000|100%| E|CS|TAMS 0x0000000764000000| PB 0x0000000764000000| Complete 
| 801|0x0000000764200000, 0x0000000764400000, 0x0000000764400000|100%| E|CS|TAMS 0x0000000764200000| PB 0x0000000764200000| Complete 
| 802|0x0000000764400000, 0x0000000764600000, 0x0000000764600000|100%| E|CS|TAMS 0x0000000764400000| PB 0x0000000764400000| Complete 
| 803|0x0000000764600000, 0x0000000764800000, 0x0000000764800000|100%| E|CS|TAMS 0x0000000764600000| PB 0x0000000764600000| Complete 
| 804|0x0000000764800000, 0x0000000764a00000, 0x0000000764a00000|100%| E|CS|TAMS 0x0000000764800000| PB 0x0000000764800000| Complete 
| 805|0x0000000764a00000, 0x0000000764c00000, 0x0000000764c00000|100%| E|CS|TAMS 0x0000000764a00000| PB 0x0000000764a00000| Complete 
| 806|0x0000000764c00000, 0x0000000764e00000, 0x0000000764e00000|100%| E|CS|TAMS 0x0000000764c00000| PB 0x0000000764c00000| Complete 
| 807|0x0000000764e00000, 0x0000000765000000, 0x0000000765000000|100%| E|CS|TAMS 0x0000000764e00000| PB 0x0000000764e00000| Complete 
| 808|0x0000000765000000, 0x0000000765200000, 0x0000000765200000|100%| E|CS|TAMS 0x0000000765000000| PB 0x0000000765000000| Complete 
| 809|0x0000000765200000, 0x0000000765400000, 0x0000000765400000|100%| E|CS|TAMS 0x0000000765200000| PB 0x0000000765200000| Complete 
| 810|0x0000000765400000, 0x0000000765600000, 0x0000000765600000|100%| E|CS|TAMS 0x0000000765400000| PB 0x0000000765400000| Complete 
| 811|0x0000000765600000, 0x0000000765800000, 0x0000000765800000|100%| E|CS|TAMS 0x0000000765600000| PB 0x0000000765600000| Complete 
| 812|0x0000000765800000, 0x0000000765a00000, 0x0000000765a00000|100%| E|CS|TAMS 0x0000000765800000| PB 0x0000000765800000| Complete 
| 813|0x0000000765a00000, 0x0000000765c00000, 0x0000000765c00000|100%| E|CS|TAMS 0x0000000765a00000| PB 0x0000000765a00000| Complete 
| 814|0x0000000765c00000, 0x0000000765e00000, 0x0000000765e00000|100%| E|CS|TAMS 0x0000000765c00000| PB 0x0000000765c00000| Complete 
| 815|0x0000000765e00000, 0x0000000766000000, 0x0000000766000000|100%| E|CS|TAMS 0x0000000765e00000| PB 0x0000000765e00000| Complete 
| 816|0x0000000766000000, 0x0000000766200000, 0x0000000766200000|100%| E|CS|TAMS 0x0000000766000000| PB 0x0000000766000000| Complete 
| 817|0x0000000766200000, 0x0000000766400000, 0x0000000766400000|100%| E|CS|TAMS 0x0000000766200000| PB 0x0000000766200000| Complete 
| 818|0x0000000766400000, 0x0000000766600000, 0x0000000766600000|100%| E|CS|TAMS 0x0000000766400000| PB 0x0000000766400000| Complete 
| 819|0x0000000766600000, 0x0000000766800000, 0x0000000766800000|100%| E|CS|TAMS 0x0000000766600000| PB 0x0000000766600000| Complete 
| 820|0x0000000766800000, 0x0000000766a00000, 0x0000000766a00000|100%| E|CS|TAMS 0x0000000766800000| PB 0x0000000766800000| Complete 
| 821|0x0000000766a00000, 0x0000000766c00000, 0x0000000766c00000|100%| E|CS|TAMS 0x0000000766a00000| PB 0x0000000766a00000| Complete 
| 822|0x0000000766c00000, 0x0000000766e00000, 0x0000000766e00000|100%| E|CS|TAMS 0x0000000766c00000| PB 0x0000000766c00000| Complete 
| 823|0x0000000766e00000, 0x0000000767000000, 0x0000000767000000|100%| E|CS|TAMS 0x0000000766e00000| PB 0x0000000766e00000| Complete 
| 824|0x0000000767000000, 0x0000000767200000, 0x0000000767200000|100%| E|CS|TAMS 0x0000000767000000| PB 0x0000000767000000| Complete 
| 825|0x0000000767200000, 0x0000000767400000, 0x0000000767400000|100%| E|CS|TAMS 0x0000000767200000| PB 0x0000000767200000| Complete 
| 826|0x0000000767400000, 0x0000000767600000, 0x0000000767600000|100%| E|CS|TAMS 0x0000000767400000| PB 0x0000000767400000| Complete 
| 827|0x0000000767600000, 0x0000000767800000, 0x0000000767800000|100%| E|CS|TAMS 0x0000000767600000| PB 0x0000000767600000| Complete 
| 828|0x0000000767800000, 0x0000000767a00000, 0x0000000767a00000|100%| E|CS|TAMS 0x0000000767800000| PB 0x0000000767800000| Complete 
| 829|0x0000000767a00000, 0x0000000767c00000, 0x0000000767c00000|100%| E|CS|TAMS 0x0000000767a00000| PB 0x0000000767a00000| Complete 
| 830|0x0000000767c00000, 0x0000000767e00000, 0x0000000767e00000|100%| E|CS|TAMS 0x0000000767c00000| PB 0x0000000767c00000| Complete 
| 831|0x0000000767e00000, 0x0000000768000000, 0x0000000768000000|100%| E|CS|TAMS 0x0000000767e00000| PB 0x0000000767e00000| Complete 
| 832|0x0000000768000000, 0x0000000768200000, 0x0000000768200000|100%| E|CS|TAMS 0x0000000768000000| PB 0x0000000768000000| Complete 
| 833|0x0000000768200000, 0x0000000768400000, 0x0000000768400000|100%| E|CS|TAMS 0x0000000768200000| PB 0x0000000768200000| Complete 
| 834|0x0000000768400000, 0x0000000768600000, 0x0000000768600000|100%| E|CS|TAMS 0x0000000768400000| PB 0x0000000768400000| Complete 
| 835|0x0000000768600000, 0x0000000768800000, 0x0000000768800000|100%| E|CS|TAMS 0x0000000768600000| PB 0x0000000768600000| Complete 
| 836|0x0000000768800000, 0x0000000768a00000, 0x0000000768a00000|100%| E|CS|TAMS 0x0000000768800000| PB 0x0000000768800000| Complete 
| 837|0x0000000768a00000, 0x0000000768c00000, 0x0000000768c00000|100%| E|CS|TAMS 0x0000000768a00000| PB 0x0000000768a00000| Complete 
| 838|0x0000000768c00000, 0x0000000768e00000, 0x0000000768e00000|100%| E|CS|TAMS 0x0000000768c00000| PB 0x0000000768c00000| Complete 
| 839|0x0000000768e00000, 0x0000000769000000, 0x0000000769000000|100%| E|CS|TAMS 0x0000000768e00000| PB 0x0000000768e00000| Complete 
| 840|0x0000000769000000, 0x0000000769200000, 0x0000000769200000|100%| E|CS|TAMS 0x0000000769000000| PB 0x0000000769000000| Complete 
| 841|0x0000000769200000, 0x0000000769400000, 0x0000000769400000|100%| E|CS|TAMS 0x0000000769200000| PB 0x0000000769200000| Complete 
| 842|0x0000000769400000, 0x0000000769600000, 0x0000000769600000|100%| E|CS|TAMS 0x0000000769400000| PB 0x0000000769400000| Complete 
| 843|0x0000000769600000, 0x0000000769800000, 0x0000000769800000|100%| E|CS|TAMS 0x0000000769600000| PB 0x0000000769600000| Complete 
| 844|0x0000000769800000, 0x0000000769a00000, 0x0000000769a00000|100%| E|CS|TAMS 0x0000000769800000| PB 0x0000000769800000| Complete 
| 845|0x0000000769a00000, 0x0000000769c00000, 0x0000000769c00000|100%| E|CS|TAMS 0x0000000769a00000| PB 0x0000000769a00000| Complete 
| 846|0x0000000769c00000, 0x0000000769e00000, 0x0000000769e00000|100%| E|CS|TAMS 0x0000000769c00000| PB 0x0000000769c00000| Complete 
| 847|0x0000000769e00000, 0x000000076a000000, 0x000000076a000000|100%| E|CS|TAMS 0x0000000769e00000| PB 0x0000000769e00000| Complete 
| 848|0x000000076a000000, 0x000000076a200000, 0x000000076a200000|100%| E|CS|TAMS 0x000000076a000000| PB 0x000000076a000000| Complete 
| 849|0x000000076a200000, 0x000000076a400000, 0x000000076a400000|100%| E|CS|TAMS 0x000000076a200000| PB 0x000000076a200000| Complete 
| 850|0x000000076a400000, 0x000000076a600000, 0x000000076a600000|100%| E|CS|TAMS 0x000000076a400000| PB 0x000000076a400000| Complete 
| 851|0x000000076a600000, 0x000000076a800000, 0x000000076a800000|100%| E|CS|TAMS 0x000000076a600000| PB 0x000000076a600000| Complete 
| 852|0x000000076a800000, 0x000000076aa00000, 0x000000076aa00000|100%| E|CS|TAMS 0x000000076a800000| PB 0x000000076a800000| Complete 
| 853|0x000000076aa00000, 0x000000076ac00000, 0x000000076ac00000|100%| E|CS|TAMS 0x000000076aa00000| PB 0x000000076aa00000| Complete 
| 854|0x000000076ac00000, 0x000000076ae00000, 0x000000076ae00000|100%| E|CS|TAMS 0x000000076ac00000| PB 0x000000076ac00000| Complete 
| 855|0x000000076ae00000, 0x000000076b000000, 0x000000076b000000|100%| E|CS|TAMS 0x000000076ae00000| PB 0x000000076ae00000| Complete 
| 856|0x000000076b000000, 0x000000076b200000, 0x000000076b200000|100%| E|CS|TAMS 0x000000076b000000| PB 0x000000076b000000| Complete 
| 857|0x000000076b200000, 0x000000076b400000, 0x000000076b400000|100%| E|CS|TAMS 0x000000076b200000| PB 0x000000076b200000| Complete 
| 858|0x000000076b400000, 0x000000076b600000, 0x000000076b600000|100%| E|CS|TAMS 0x000000076b400000| PB 0x000000076b400000| Complete 
| 859|0x000000076b600000, 0x000000076b800000, 0x000000076b800000|100%| E|CS|TAMS 0x000000076b600000| PB 0x000000076b600000| Complete 
| 860|0x000000076b800000, 0x000000076ba00000, 0x000000076ba00000|100%| E|CS|TAMS 0x000000076b800000| PB 0x000000076b800000| Complete 
| 861|0x000000076ba00000, 0x000000076bc00000, 0x000000076bc00000|100%| E|CS|TAMS 0x000000076ba00000| PB 0x000000076ba00000| Complete 
| 862|0x000000076bc00000, 0x000000076be00000, 0x000000076be00000|100%| E|CS|TAMS 0x000000076bc00000| PB 0x000000076bc00000| Complete 
| 863|0x000000076be00000, 0x000000076c000000, 0x000000076c000000|100%| E|CS|TAMS 0x000000076be00000| PB 0x000000076be00000| Complete 
| 864|0x000000076c000000, 0x000000076c200000, 0x000000076c200000|100%| E|CS|TAMS 0x000000076c000000| PB 0x000000076c000000| Complete 
| 865|0x000000076c200000, 0x000000076c400000, 0x000000076c400000|100%| E|CS|TAMS 0x000000076c200000| PB 0x000000076c200000| Complete 
| 866|0x000000076c400000, 0x000000076c600000, 0x000000076c600000|100%| E|CS|TAMS 0x000000076c400000| PB 0x000000076c400000| Complete 
| 867|0x000000076c600000, 0x000000076c800000, 0x000000076c800000|100%| E|CS|TAMS 0x000000076c600000| PB 0x000000076c600000| Complete 
| 868|0x000000076c800000, 0x000000076ca00000, 0x000000076ca00000|100%| E|CS|TAMS 0x000000076c800000| PB 0x000000076c800000| Complete 
| 869|0x000000076ca00000, 0x000000076cc00000, 0x000000076cc00000|100%| E|CS|TAMS 0x000000076ca00000| PB 0x000000076ca00000| Complete 
| 870|0x000000076cc00000, 0x000000076ce00000, 0x000000076ce00000|100%| E|CS|TAMS 0x000000076cc00000| PB 0x000000076cc00000| Complete 
| 871|0x000000076ce00000, 0x000000076d000000, 0x000000076d000000|100%| E|CS|TAMS 0x000000076ce00000| PB 0x000000076ce00000| Complete 
| 872|0x000000076d000000, 0x000000076d200000, 0x000000076d200000|100%| E|CS|TAMS 0x000000076d000000| PB 0x000000076d000000| Complete 
| 873|0x000000076d200000, 0x000000076d400000, 0x000000076d400000|100%| E|CS|TAMS 0x000000076d200000| PB 0x000000076d200000| Complete 
| 874|0x000000076d400000, 0x000000076d600000, 0x000000076d600000|100%| E|CS|TAMS 0x000000076d400000| PB 0x000000076d400000| Complete 
| 875|0x000000076d600000, 0x000000076d800000, 0x000000076d800000|100%| E|CS|TAMS 0x000000076d600000| PB 0x000000076d600000| Complete 
| 876|0x000000076d800000, 0x000000076da00000, 0x000000076da00000|100%| E|CS|TAMS 0x000000076d800000| PB 0x000000076d800000| Complete 
| 877|0x000000076da00000, 0x000000076dc00000, 0x000000076dc00000|100%| E|CS|TAMS 0x000000076da00000| PB 0x000000076da00000| Complete 
| 878|0x000000076dc00000, 0x000000076de00000, 0x000000076de00000|100%| E|CS|TAMS 0x000000076dc00000| PB 0x000000076dc00000| Complete 
| 879|0x000000076de00000, 0x000000076e000000, 0x000000076e000000|100%| E|CS|TAMS 0x000000076de00000| PB 0x000000076de00000| Complete 
| 880|0x000000076e000000, 0x000000076e200000, 0x000000076e200000|100%| E|CS|TAMS 0x000000076e000000| PB 0x000000076e000000| Complete 
| 881|0x000000076e200000, 0x000000076e400000, 0x000000076e400000|100%| E|CS|TAMS 0x000000076e200000| PB 0x000000076e200000| Complete 
| 882|0x000000076e400000, 0x000000076e600000, 0x000000076e600000|100%| E|CS|TAMS 0x000000076e400000| PB 0x000000076e400000| Complete 
| 883|0x000000076e600000, 0x000000076e800000, 0x000000076e800000|100%| E|CS|TAMS 0x000000076e600000| PB 0x000000076e600000| Complete 
| 884|0x000000076e800000, 0x000000076ea00000, 0x000000076ea00000|100%| E|CS|TAMS 0x000000076e800000| PB 0x000000076e800000| Complete 
| 885|0x000000076ea00000, 0x000000076ec00000, 0x000000076ec00000|100%| E|CS|TAMS 0x000000076ea00000| PB 0x000000076ea00000| Complete 
| 886|0x000000076ec00000, 0x000000076ee00000, 0x000000076ee00000|100%| E|CS|TAMS 0x000000076ec00000| PB 0x000000076ec00000| Complete 
| 887|0x000000076ee00000, 0x000000076f000000, 0x000000076f000000|100%| E|CS|TAMS 0x000000076ee00000| PB 0x000000076ee00000| Complete 
| 888|0x000000076f000000, 0x000000076f200000, 0x000000076f200000|100%| E|CS|TAMS 0x000000076f000000| PB 0x000000076f000000| Complete 
| 889|0x000000076f200000, 0x000000076f400000, 0x000000076f400000|100%| E|CS|TAMS 0x000000076f200000| PB 0x000000076f200000| Complete 
| 890|0x000000076f400000, 0x000000076f600000, 0x000000076f600000|100%| E|CS|TAMS 0x000000076f400000| PB 0x000000076f400000| Complete 
| 891|0x000000076f600000, 0x000000076f800000, 0x000000076f800000|100%| E|CS|TAMS 0x000000076f600000| PB 0x000000076f600000| Complete 
| 892|0x000000076f800000, 0x000000076fa00000, 0x000000076fa00000|100%| E|CS|TAMS 0x000000076f800000| PB 0x000000076f800000| Complete 
| 893|0x000000076fa00000, 0x000000076fc00000, 0x000000076fc00000|100%| E|CS|TAMS 0x000000076fa00000| PB 0x000000076fa00000| Complete 
| 894|0x000000076fc00000, 0x000000076fe00000, 0x000000076fe00000|100%| E|CS|TAMS 0x000000076fc00000| PB 0x000000076fc00000| Complete 
| 895|0x000000076fe00000, 0x0000000770000000, 0x0000000770000000|100%| E|CS|TAMS 0x000000076fe00000| PB 0x000000076fe00000| Complete 
| 896|0x0000000770000000, 0x0000000770200000, 0x0000000770200000|100%| E|CS|TAMS 0x0000000770000000| PB 0x0000000770000000| Complete 
| 897|0x0000000770200000, 0x0000000770400000, 0x0000000770400000|100%| E|CS|TAMS 0x0000000770200000| PB 0x0000000770200000| Complete 
| 898|0x0000000770400000, 0x0000000770600000, 0x0000000770600000|100%| E|CS|TAMS 0x0000000770400000| PB 0x0000000770400000| Complete 
| 899|0x0000000770600000, 0x0000000770800000, 0x0000000770800000|100%| E|CS|TAMS 0x0000000770600000| PB 0x0000000770600000| Complete 
| 900|0x0000000770800000, 0x0000000770a00000, 0x0000000770a00000|100%| E|CS|TAMS 0x0000000770800000| PB 0x0000000770800000| Complete 
| 901|0x0000000770a00000, 0x0000000770c00000, 0x0000000770c00000|100%| E|CS|TAMS 0x0000000770a00000| PB 0x0000000770a00000| Complete 
| 902|0x0000000770c00000, 0x0000000770e00000, 0x0000000770e00000|100%| E|CS|TAMS 0x0000000770c00000| PB 0x0000000770c00000| Complete 
| 903|0x0000000770e00000, 0x0000000771000000, 0x0000000771000000|100%| E|CS|TAMS 0x0000000770e00000| PB 0x0000000770e00000| Complete 
| 914|0x0000000772400000, 0x0000000772600000, 0x0000000772600000|100%| E|CS|TAMS 0x0000000772400000| PB 0x0000000772400000| Complete 
| 915|0x0000000772600000, 0x0000000772800000, 0x0000000772800000|100%| E|CS|TAMS 0x0000000772600000| PB 0x0000000772600000| Complete 
| 916|0x0000000772800000, 0x0000000772a00000, 0x0000000772a00000|100%| E|CS|TAMS 0x0000000772800000| PB 0x0000000772800000| Complete 
| 917|0x0000000772a00000, 0x0000000772c00000, 0x0000000772c00000|100%| E|CS|TAMS 0x0000000772a00000| PB 0x0000000772a00000| Complete 
| 918|0x0000000772c00000, 0x0000000772e00000, 0x0000000772e00000|100%| E|CS|TAMS 0x0000000772c00000| PB 0x0000000772c00000| Complete 
| 919|0x0000000772e00000, 0x0000000773000000, 0x0000000773000000|100%| E|CS|TAMS 0x0000000772e00000| PB 0x0000000772e00000| Complete 
| 920|0x0000000773000000, 0x0000000773200000, 0x0000000773200000|100%| E|CS|TAMS 0x0000000773000000| PB 0x0000000773000000| Complete 
|2042|0x00000007ff400000, 0x00000007ff600000, 0x00000007ff600000|100%| O|  |TAMS 0x00000007ff400000| PB 0x00000007ff400000| Untracked 
|2046|0x00000007ffc00000, 0x00000007ffe00000, 0x00000007ffe00000|100%| E|CS|TAMS 0x00000007ffc00000| PB 0x00000007ffc00000| Complete 
|2047|0x00000007ffe00000, 0x0000000800000000, 0x0000000800000000|100%| E|CS|TAMS 0x00000007ffe00000| PB 0x00000007ffe00000| Complete 

Card table byte_map: [0x000001fb3b340000,0x000001fb3bb40000] _byte_map_base: 0x000001fb37b40000

Marking Bits: (CMBitMap*) 0x000001fb22c1b670
 Bits: [0x000001fb3bb40000, 0x000001fb3fb40000)

Polling page: 0x000001fb22370000

Metaspace:

Usage:
  Non-class:    314.49 MB used.
      Class:     43.20 MB used.
       Both:    357.69 MB used.

Virtual space:
  Non-class space:      320.00 MB reserved,     315.81 MB ( 99%) committed,  5 nodes.
      Class space:        1.00 GB reserved,      44.75 MB (  4%) committed,  1 nodes.
             Both:        1.31 GB reserved,     360.56 MB ( 27%) committed. 

Chunk freelists:
   Non-Class:  4.24 MB
       Class:  3.62 MB
        Both:  7.86 MB

MaxMetaspaceSize: unlimited
CompressedClassSpaceSize: 1.00 GB
Initial GC threshold: 21.00 MB
Current GC threshold: 601.19 MB
CDS: on
 - commit_granule_bytes: 65536.
 - commit_granule_words: 8192.
 - virtual_space_node_default_size: 8388608.
 - enlarge_chunks_in_place: 1.
 - use_allocation_guard: 0.


Internal statistics:

num_allocs_failed_limit: 15.
num_arena_births: 9534.
num_arena_deaths: 5254.
num_vsnodes_births: 6.
num_vsnodes_deaths: 0.
num_space_committed: 6792.
num_space_uncommitted: 334.
num_chunks_returned_to_freelist: 10331.
num_chunks_taken_from_freelist: 31333.
num_chunk_merges: 3461.
num_chunk_splits: 19710.
num_chunks_enlarged: 13596.
num_inconsistent_stats: 0.

CodeHeap 'non-profiled nmethods': size=119168Kb used=24143Kb max_used=70717Kb free=95024Kb
 bounds [0x000001fb32e50000, 0x000001fb37360000, 0x000001fb3a2b0000]
CodeHeap 'profiled nmethods': size=119104Kb used=50505Kb max_used=93477Kb free=68598Kb
 bounds [0x000001fb2b2b0000, 0x000001fb30e10000, 0x000001fb32700000]
CodeHeap 'non-nmethods': size=7488Kb used=4614Kb max_used=4733Kb free=2873Kb
 bounds [0x000001fb32700000, 0x000001fb32bd0000, 0x000001fb32e50000]
CodeCache: size=245760Kb, used=79262Kb, max_used=168927Kb, free=166495Kb
 total_blobs=22117, nmethods=20700, adapters=1310, full_count=0
Compilation: enabled, stopped_count=0, restarted_count=0

Compilation events (20 events):
Event: 13432.419 Thread 0x000001fba9647d80 nmethod 358846 0x000001fb2bf8ff90 code [0x000001fb2bf90300, 0x000001fb2bf910a8]
Event: 13432.420 Thread 0x000001fb9b0cc210 nmethod 354515 0x000001fb32ea2610 code [0x000001fb32ea2900, 0x000001fb32ea3a88]
Event: 13432.440 Thread 0x000001fba96476b0 355816       4       org.jetbrains.kotlin.fir.resolve.dfa.cfg.ControlFlowGraphBuilder::enterCallArguments (205 bytes)
Event: 13432.443 Thread 0x000001fb9b0cc210 352714       4       org.jetbrains.kotlin.fir.declarations.DeprecationAnnotationInfoPerUseSiteStorageBuilder::add (97 bytes)
Event: 13432.448 Thread 0x000001fba96491f0 nmethod 352320 0x000001fb33414d90 code [0x000001fb33414f60, 0x000001fb33415818]
Event: 13432.453 Thread 0x000001fba96491f0 355371       4       org.jetbrains.kotlin.types.model.TypeSystemInferenceExtensionContext::extractTypeOf (114 bytes)
Event: 13432.464 Thread 0x000001fba9646910 nmethod 358037 0x000001fb33db0b90 code [0x000001fb33db1680, 0x000001fb33db9520]
Event: 13432.465 Thread 0x000001fba9642bc0 nmethod 355055 0x000001fb330cfc10 code [0x000001fb330d0380, 0x000001fb330d8278]
Event: 13432.474 Thread 0x000001fb9b0cc210 nmethod 352714 0x000001fb32eb0a10 code [0x000001fb32eb0be0, 0x000001fb32eb1090]
Event: 13432.479 Thread 0x000001fba9645b70 358851       1       org.jetbrains.kotlin.analysis.api.fir.symbols.KaFirNamedClassSymbol::getAnalysisSession (5 bytes)
Event: 13432.480 Thread 0x000001fba9645b70 nmethod 358851 0x000001fb34a0f190 code [0x000001fb34a0f320, 0x000001fb34a0f3f0]
Event: 13432.483 Thread 0x000001fb9b0cc210 352538       4       org.jetbrains.kotlin.fir.renderer.ConeTypeRenderer::renderTypeArguments (92 bytes)
Event: 13432.503 Thread 0x000001fba9647d80 358853       2       com.android.tools.r8.graph.U3$$Lambda/0x000001fb4614de90::accept (12 bytes)
Event: 13432.503 Thread 0x000001fb42ac9600 358854       2       com.android.tools.r8.graph.U3::b (6 bytes)
Event: 13432.504 Thread 0x000001fba9647d80 nmethod 358853 0x000001fb2c35c990 code [0x000001fb2c35cb40, 0x000001fb2c35ccb8]
Event: 13432.504 Thread 0x000001fb42ac9600 nmethod 358854 0x000001fb2cf34010 code [0x000001fb2cf341c0, 0x000001fb2cf342f0]
Event: 13432.510 Thread 0x000001fba9645b70 358855       2       com.android.tools.r8.graph.E0::e (23 bytes)
Event: 13432.511 Thread 0x000001fba9645b70 nmethod 358855 0x000001fb2cc0b710 code [0x000001fb2cc0b8c0, 0x000001fb2cc0ba80]
Event: 13432.512 Thread 0x000001fb9b0cc210 nmethod 352538 0x000001fb32f49790 code [0x000001fb32f49980, 0x000001fb32f49c88]
Event: 13432.520 Thread 0x000001fb9b0cc210 356064       4       org.jetbrains.kotlin.resolve.calls.inference.components.TypeVariableDependencyInformationProvider::computePostponeArgumentsEdges (131 bytes)

GC Heap History (20 events):
Event: 13398.265 GC heap before
{Heap before GC invocations=437 (full 1):
 garbage-first heap   total 1863680K, used 1186473K [0x0000000700000000, 0x0000000800000000)
  region size 2048K, 305 young (624640K), 25 survivors (51200K)
 Metaspace       used 366530K, committed 369344K, reserved 1376256K
  class space    used 44294K, committed 45824K, reserved 1048576K
}
Event: 13398.284 GC heap after
{Heap after GC invocations=438 (full 1):
 garbage-first heap   total 1863680K, used 582542K [0x0000000700000000, 0x0000000800000000)
  region size 2048K, 17 young (34816K), 17 survivors (34816K)
 Metaspace       used 366530K, committed 369344K, reserved 1376256K
  class space    used 44294K, committed 45824K, reserved 1048576K
}
Event: 13401.491 GC heap before
{Heap before GC invocations=439 (full 1):
 garbage-first heap   total 1863680K, used 1674126K [0x0000000700000000, 0x0000000800000000)
  region size 2048K, 546 young (1118208K), 17 survivors (34816K)
 Metaspace       used 366592K, committed 369408K, reserved 1376256K
  class space    used 44294K, committed 45824K, reserved 1048576K
}
Event: 13401.546 GC heap after
{Heap after GC invocations=440 (full 1):
 garbage-first heap   total 1863680K, used 670445K [0x0000000700000000, 0x0000000800000000)
  region size 2048K, 59 young (120832K), 59 survivors (120832K)
 Metaspace       used 366592K, committed 369408K, reserved 1376256K
  class space    used 44294K, committed 45824K, reserved 1048576K
}
Event: 13408.203 GC heap before
{Heap before GC invocations=440 (full 1):
 garbage-first heap   total 1863680K, used 1655533K [0x0000000700000000, 0x0000000800000000)
  region size 2048K, 535 young (1095680K), 59 survivors (120832K)
 Metaspace       used 366649K, committed 369472K, reserved 1376256K
  class space    used 44296K, committed 45824K, reserved 1048576K
}
Event: 13408.264 GC heap after
{Heap after GC invocations=441 (full 1):
 garbage-first heap   total 1871872K, used 573007K [0x0000000700000000, 0x0000000800000000)
  region size 2048K, 64 young (131072K), 64 survivors (131072K)
 Metaspace       used 366649K, committed 369472K, reserved 1376256K
  class space    used 44296K, committed 45824K, reserved 1048576K
}
Event: 13410.489 GC heap before
{Heap before GC invocations=441 (full 1):
 garbage-first heap   total 1871872K, used 1021519K [0x0000000700000000, 0x0000000800000000)
  region size 2048K, 284 young (581632K), 64 survivors (131072K)
 Metaspace       used 366649K, committed 369472K, reserved 1376256K
  class space    used 44296K, committed 45824K, reserved 1048576K
}
Event: 13410.539 GC heap after
{Heap after GC invocations=442 (full 1):
 garbage-first heap   total 1871872K, used 717125K [0x0000000700000000, 0x0000000800000000)
  region size 2048K, 69 young (141312K), 69 survivors (141312K)
 Metaspace       used 366649K, committed 369472K, reserved 1376256K
  class space    used 44296K, committed 45824K, reserved 1048576K
}
Event: 13413.893 GC heap before
{Heap before GC invocations=443 (full 1):
 garbage-first heap   total 1871872K, used 1505605K [0x0000000700000000, 0x0000000800000000)
  region size 2048K, 453 young (927744K), 69 survivors (141312K)
 Metaspace       used 366041K, committed 369152K, reserved 1376256K
  class space    used 44240K, committed 45824K, reserved 1048576K
}
Event: 13414.032 GC heap after
{Heap after GC invocations=444 (full 1):
 garbage-first heap   total 1871872K, used 886085K [0x0000000700000000, 0x0000000800000000)
  region size 2048K, 57 young (116736K), 57 survivors (116736K)
 Metaspace       used 366041K, committed 369152K, reserved 1376256K
  class space    used 44240K, committed 45824K, reserved 1048576K
}
Event: 13418.446 GC heap before
{Heap before GC invocations=444 (full 1):
 garbage-first heap   total 1871872K, used 1559877K [0x0000000700000000, 0x0000000800000000)
  region size 2048K, 378 young (774144K), 57 survivors (116736K)
 Metaspace       used 366041K, committed 369152K, reserved 1376256K
  class space    used 44240K, committed 45824K, reserved 1048576K
}
Event: 13418.591 GC heap after
{Heap after GC invocations=445 (full 1):
 garbage-first heap   total 1871872K, used 979269K [0x0000000700000000, 0x0000000800000000)
  region size 2048K, 48 young (98304K), 48 survivors (98304K)
 Metaspace       used 366041K, committed 369152K, reserved 1376256K
  class space    used 44240K, committed 45824K, reserved 1048576K
}
Event: 13418.732 GC heap before
{Heap before GC invocations=445 (full 1):
 garbage-first heap   total 1871872K, used 993605K [0x0000000700000000, 0x0000000800000000)
  region size 2048K, 56 young (114688K), 48 survivors (98304K)
 Metaspace       used 366041K, committed 369152K, reserved 1376256K
  class space    used 44240K, committed 45824K, reserved 1048576K
}
Event: 13418.793 GC heap after
{Heap after GC invocations=446 (full 1):
 garbage-first heap   total 1871872K, used 998725K [0x0000000700000000, 0x0000000800000000)
  region size 2048K, 6 young (12288K), 6 survivors (12288K)
 Metaspace       used 366041K, committed 369152K, reserved 1376256K
  class space    used 44240K, committed 45824K, reserved 1048576K
}
Event: 13422.897 GC heap before
{Heap before GC invocations=447 (full 1):
 garbage-first heap   total 1871872K, used 1572165K [0x0000000700000000, 0x0000000800000000)
  region size 2048K, 289 young (591872K), 6 survivors (12288K)
 Metaspace       used 366030K, committed 369152K, reserved 1376256K
  class space    used 44234K, committed 45824K, reserved 1048576K
}
Event: 13422.922 GC heap after
{Heap after GC invocations=448 (full 1):
 garbage-first heap   total 1871872K, used 1026580K [0x0000000700000000, 0x0000000800000000)
  region size 2048K, 23 young (47104K), 23 survivors (47104K)
 Metaspace       used 366030K, committed 369152K, reserved 1376256K
  class space    used 44234K, committed 45824K, reserved 1048576K
}
Event: 13424.414 GC heap before
{Heap before GC invocations=448 (full 1):
 garbage-first heap   total 1871872K, used 1612308K [0x0000000700000000, 0x0000000800000000)
  region size 2048K, 310 young (634880K), 23 survivors (47104K)
 Metaspace       used 366063K, committed 369152K, reserved 1376256K
  class space    used 44234K, committed 45824K, reserved 1048576K
}
Event: 13424.446 GC heap after
{Heap after GC invocations=449 (full 1):
 garbage-first heap   total 1871872K, used 1013929K [0x0000000700000000, 0x0000000800000000)
  region size 2048K, 5 young (10240K), 5 survivors (10240K)
 Metaspace       used 366063K, committed 369152K, reserved 1376256K
  class space    used 44234K, committed 45824K, reserved 1048576K
}
Event: 13428.304 GC heap before
{Heap before GC invocations=449 (full 1):
 garbage-first heap   total 1871872K, used 1556649K [0x0000000700000000, 0x0000000800000000)
  region size 2048K, 271 young (555008K), 5 survivors (10240K)
 Metaspace       used 366114K, committed 369152K, reserved 1376256K
  class space    used 44234K, committed 45824K, reserved 1048576K
}
Event: 13428.353 GC heap after
{Heap after GC invocations=450 (full 1):
 garbage-first heap   total 1871872K, used 1058746K [0x0000000700000000, 0x0000000800000000)
  region size 2048K, 27 young (55296K), 27 survivors (55296K)
 Metaspace       used 366114K, committed 369152K, reserved 1376256K
  class space    used 44234K, committed 45824K, reserved 1048576K
}

Dll operation events (17 events):
Event: 0.013 Loaded shared library C:\Program Files\Android\openjdk\jdk-21.0.8\bin\java.dll
Event: 0.036 Loaded shared library C:\Program Files\Android\openjdk\jdk-21.0.8\bin\jsvml.dll
Event: 0.060 Loaded shared library C:\Program Files\Android\openjdk\jdk-21.0.8\bin\zip.dll
Event: 0.063 Loaded shared library C:\Program Files\Android\openjdk\jdk-21.0.8\bin\instrument.dll
Event: 0.069 Loaded shared library C:\Program Files\Android\openjdk\jdk-21.0.8\bin\net.dll
Event: 0.071 Loaded shared library C:\Program Files\Android\openjdk\jdk-21.0.8\bin\nio.dll
Event: 0.074 Loaded shared library C:\Program Files\Android\openjdk\jdk-21.0.8\bin\zip.dll
Event: 0.311 Loaded shared library C:\Program Files\Android\openjdk\jdk-21.0.8\bin\jimage.dll
Event: 0.517 Loaded shared library C:\Program Files\Android\openjdk\jdk-21.0.8\bin\verify.dll
Event: 0.621 Loaded shared library C:\Users\LearnersYT\.gradle\native\c067742578af261105cb4f569cf0c3c89f3d7b1fecec35dd04571415982c5e48\windows-amd64\native-platform.dll
Event: 0.626 Loaded shared library C:\Users\LearnersYT\.gradle\native\100fb08df4bc3b14c8652ba06237920a3bd2aa13389f12d3474272988ae205f9\windows-amd64\native-platform-file-events.dll
Event: 1.565 Loaded shared library C:\Program Files\Android\openjdk\jdk-21.0.8\bin\management.dll
Event: 1.568 Loaded shared library C:\Program Files\Android\openjdk\jdk-21.0.8\bin\management_ext.dll
Event: 1.733 Loaded shared library C:\Program Files\Android\openjdk\jdk-21.0.8\bin\extnet.dll
Event: 1.832 Loaded shared library C:\Program Files\Android\openjdk\jdk-21.0.8\bin\sunmscapi.dll
Event: 19.230 Loaded shared library C:\Program Files\Android\openjdk\jdk-21.0.8\bin\rmi.dll
Event: 369.638 Loaded shared library C:\Program Files\Android\openjdk\jdk-21.0.8\bin\awt.dll

Deoptimization events (20 events):
Event: 13431.514 Thread 0x000001fbc6332600 DEOPT PACKING pc=0x000001fb2d72af1e sp=0x000000a483febb40
Event: 13431.514 Thread 0x000001fbc6332600 DEOPT UNPACKING pc=0x000001fb32754e42 sp=0x000000a483feafd0 mode 0
Event: 13431.804 Thread 0x000001fbc6332600 Uncommon trap: trap_request=0xffffffd6 fr.pc=0x000001fb32f0bdcc relative=0x00000000000009cc
Event: 13431.804 Thread 0x000001fbc6332600 Uncommon trap: reason=array_check action=maybe_recompile pc=0x000001fb32f0bdcc method=com.intellij.extapi.psi.StubBasedPsiElementBase.getStubOrPsiChildren(Lcom/intellij/psi/tree/TokenSet;Lcom/intellij/util/ArrayFactory;)[Lcom/intellij/psi/PsiElement; @ 96
Event: 13431.805 Thread 0x000001fbc6332600 DEOPT PACKING pc=0x000001fb32f0bdcc sp=0x000000a483fed5a0
Event: 13431.805 Thread 0x000001fbc6332600 DEOPT UNPACKING pc=0x000001fb327546a2 sp=0x000000a483fed548 mode 2
Event: 13431.805 Thread 0x000001fbc6332600 Uncommon trap: trap_request=0xffffffd6 fr.pc=0x000001fb32f0bdcc relative=0x00000000000009cc
Event: 13431.806 Thread 0x000001fbc6332600 Uncommon trap: reason=array_check action=maybe_recompile pc=0x000001fb32f0bdcc method=com.intellij.extapi.psi.StubBasedPsiElementBase.getStubOrPsiChildren(Lcom/intellij/psi/tree/TokenSet;Lcom/intellij/util/ArrayFactory;)[Lcom/intellij/psi/PsiElement; @ 96
Event: 13431.806 Thread 0x000001fbc6332600 DEOPT PACKING pc=0x000001fb32f0bdcc sp=0x000000a483fed1e0
Event: 13431.806 Thread 0x000001fbc6332600 DEOPT UNPACKING pc=0x000001fb327546a2 sp=0x000000a483fed188 mode 2
Event: 13431.806 Thread 0x000001fbc6332600 Uncommon trap: trap_request=0xffffffd6 fr.pc=0x000001fb32f0bdcc relative=0x00000000000009cc
Event: 13431.807 Thread 0x000001fbc6332600 Uncommon trap: reason=array_check action=maybe_recompile pc=0x000001fb32f0bdcc method=com.intellij.extapi.psi.StubBasedPsiElementBase.getStubOrPsiChildren(Lcom/intellij/psi/tree/TokenSet;Lcom/intellij/util/ArrayFactory;)[Lcom/intellij/psi/PsiElement; @ 96
Event: 13431.807 Thread 0x000001fbc6332600 DEOPT PACKING pc=0x000001fb32f0bdcc sp=0x000000a483fec9b0
Event: 13431.807 Thread 0x000001fbc6332600 DEOPT UNPACKING pc=0x000001fb327546a2 sp=0x000000a483fec958 mode 2
Event: 13431.808 Thread 0x000001fbc6332600 Uncommon trap: trap_request=0xffffffd6 fr.pc=0x000001fb32f0bdcc relative=0x00000000000009cc
Event: 13431.809 Thread 0x000001fbc6332600 Uncommon trap: reason=array_check action=maybe_recompile pc=0x000001fb32f0bdcc method=com.intellij.extapi.psi.StubBasedPsiElementBase.getStubOrPsiChildren(Lcom/intellij/psi/tree/TokenSet;Lcom/intellij/util/ArrayFactory;)[Lcom/intellij/psi/PsiElement; @ 96
Event: 13431.809 Thread 0x000001fbc6332600 DEOPT PACKING pc=0x000001fb32f0bdcc sp=0x000000a483fed5a0
Event: 13431.809 Thread 0x000001fbc6332600 DEOPT UNPACKING pc=0x000001fb327546a2 sp=0x000000a483fed548 mode 2
Event: 13432.408 Thread 0x000001fbc6332600 DEOPT PACKING pc=0x000001fb2cb2ad19 sp=0x000000a483ffb1c0
Event: 13432.408 Thread 0x000001fbc6332600 DEOPT UNPACKING pc=0x000001fb32754e42 sp=0x000000a483ffa6b0 mode 0

Classes loaded (20 events):
Event: 511.226 Loading class java/nio/BufferOverflowException
Event: 511.226 Loading class java/nio/BufferOverflowException done
Event: 511.230 Loading class java/security/DigestException
Event: 511.230 Loading class java/security/DigestException done
Event: 511.249 Loading class java/util/concurrent/ForkJoinTask$AdaptedRunnableAction
Event: 511.250 Loading class java/util/concurrent/ForkJoinTask$AdaptedRunnableAction done
Event: 511.299 Loading class sun/security/rsa/RSACore$BlindingParameters
Event: 511.299 Loading class sun/security/rsa/RSACore$BlindingParameters done
Event: 511.306 Loading class sun/security/rsa/RSACore$BlindingRandomPair
Event: 511.306 Loading class sun/security/rsa/RSACore$BlindingRandomPair done
Event: 4111.586 Loading class sun/rmi/transport/ObjectTable$1
Event: 4111.586 Loading class sun/rmi/transport/ObjectTable$1 done
Event: 6751.268 Loading class java/util/function/ToIntBiFunction
Event: 6751.269 Loading class java/util/function/ToIntBiFunction done
Event: 9757.012 Loading class java/lang/invoke/WrongMethodTypeException
Event: 9757.012 Loading class java/lang/invoke/WrongMethodTypeException done
Event: 9869.349 Loading class java/net/URLDecoder
Event: 9869.349 Loading class java/net/URLDecoder done
Event: 13374.744 Loading class java/util/concurrent/locks/ReentrantReadWriteLock$Sync$HoldCounter
Event: 13374.745 Loading class java/util/concurrent/locks/ReentrantReadWriteLock$Sync$HoldCounter done

Classes unloaded (20 events):
Event: 13410.867 Thread 0x000001fb42a8e660 Unloading class 0x000001fb444b9210 'Build_gradle'
Event: 13410.867 Thread 0x000001fb42a8e660 Unloading class 0x000001fb444b9000 'Program'
Event: 13410.867 Thread 0x000001fb42a8e660 Unloading class 0x000001fb444c4000 'org/gradle/kotlin/dsl/VersionCatalogAccessorsKt'
Event: 13410.867 Thread 0x000001fb42a8e660 Unloading class 0x000001fb444d3430 'Build_gradle$1'
Event: 13410.867 Thread 0x000001fb42a8e660 Unloading class 0x000001fb444d3220 'Build_gradle'
Event: 13410.867 Thread 0x000001fb42a8e660 Unloading class 0x000001fb444d3000 'Program'
Event: 13419.523 Thread 0x000001fb42a8e660 Unloading class 0x000001fb440f1000 'java/lang/invoke/LambdaForm$MH+0x000001fb440f1000'
Event: 13419.523 Thread 0x000001fb42a8e660 Unloading class 0x000001fb440eec00 'java/lang/invoke/LambdaForm$MH+0x000001fb440eec00'
Event: 13419.523 Thread 0x000001fb42a8e660 Unloading class 0x000001fb440e3000 'java/lang/invoke/LambdaForm$MH+0x000001fb440e3000'
Event: 13419.523 Thread 0x000001fb42a8e660 Unloading class 0x000001fb440e2800 'java/lang/invoke/LambdaForm$MH+0x000001fb440e2800'
Event: 13419.523 Thread 0x000001fb42a8e660 Unloading class 0x000001fb440e1800 'java/lang/invoke/LambdaForm$MH+0x000001fb440e1800'
Event: 13419.523 Thread 0x000001fb42a8e660 Unloading class 0x000001fb440d2000 'java/lang/invoke/LambdaForm$MH+0x000001fb440d2000'
Event: 13419.523 Thread 0x000001fb42a8e660 Unloading class 0x000001fb440d0c00 'java/lang/invoke/LambdaForm$MH+0x000001fb440d0c00'
Event: 13419.523 Thread 0x000001fb42a8e660 Unloading class 0x000001fb440ad000 'java/lang/invoke/LambdaForm$MH+0x000001fb440ad000'
Event: 13419.523 Thread 0x000001fb42a8e660 Unloading class 0x000001fb44095000 'java/lang/invoke/LambdaForm$MH+0x000001fb44095000'
Event: 13419.523 Thread 0x000001fb42a8e660 Unloading class 0x000001fb44094c00 'java/lang/invoke/LambdaForm$MH+0x000001fb44094c00'
Event: 13419.523 Thread 0x000001fb42a8e660 Unloading class 0x000001fb444a8400 'java/lang/invoke/LambdaForm$MH+0x000001fb444a8400'
Event: 13419.523 Thread 0x000001fb42a8e660 Unloading class 0x000001fb443b8c00 'java/lang/invoke/LambdaForm$MH+0x000001fb443b8c00'
Event: 13429.209 Thread 0x000001fb42a8e660 Unloading class 0x000001fb445fb800 'jdk/internal/reflect/GeneratedSerializationConstructorAccessor375'
Event: 13429.209 Thread 0x000001fb42a8e660 Unloading class 0x000001fb445e1400 'jdk/internal/reflect/GeneratedSerializationConstructorAccessor374'

Classes redefined (0 events):
No events

Internal exceptions (20 events):
Event: 13406.083 Thread 0x000001fbc6332600 Exception <a 'sun/nio/fs/WindowsException'{0x00000007455d2578}> (0x00000007455d2578) 
thrown [s\src\hotspot\share\prims\jni.cpp, line 520]
Event: 13406.965 Thread 0x000001fb8eba9160 Exception <a 'sun/nio/fs/WindowsException'{0x0000000742c516b0}> (0x0000000742c516b0) 
thrown [s\src\hotspot\share\prims\jni.cpp, line 520]
Event: 13407.090 Thread 0x000001fb8eba9160 Exception <a 'sun/nio/fs/WindowsException'{0x00000007418e7df8}> (0x00000007418e7df8) 
thrown [s\src\hotspot\share\prims\jni.cpp, line 520]
Event: 13407.091 Thread 0x000001fb8eba9160 Exception <a 'sun/nio/fs/WindowsException'{0x00000007418e8e60}> (0x00000007418e8e60) 
thrown [s\src\hotspot\share\prims\jni.cpp, line 520]
Event: 13407.091 Thread 0x000001fb8eba9160 Exception <a 'sun/nio/fs/WindowsException'{0x00000007418e9d08}> (0x00000007418e9d08) 
thrown [s\src\hotspot\share\prims\jni.cpp, line 520]
Event: 13407.091 Thread 0x000001fb8eba9160 Exception <a 'sun/nio/fs/WindowsException'{0x00000007418e9e50}> (0x00000007418e9e50) 
thrown [s\src\hotspot\share\prims\jni.cpp, line 520]
Event: 13407.094 Thread 0x000001fb8eba9160 Exception <a 'sun/nio/fs/WindowsException'{0x00000007418eb228}> (0x00000007418eb228) 
thrown [s\src\hotspot\share\prims\jni.cpp, line 520]
Event: 13407.098 Thread 0x000001fb8eba9160 Exception <a 'sun/nio/fs/WindowsException'{0x00000007418ec7f0}> (0x00000007418ec7f0) 
thrown [s\src\hotspot\share\prims\jni.cpp, line 520]
Event: 13407.100 Thread 0x000001fb8eba9160 Exception <a 'sun/nio/fs/WindowsException'{0x00000007418edb88}> (0x00000007418edb88) 
thrown [s\src\hotspot\share\prims\jni.cpp, line 520]
Event: 13407.102 Thread 0x000001fb8eba9160 Exception <a 'sun/nio/fs/WindowsException'{0x00000007418eee60}> (0x00000007418eee60) 
thrown [s\src\hotspot\share\prims\jni.cpp, line 520]
Event: 13407.105 Thread 0x000001fb8eba9160 Exception <a 'sun/nio/fs/WindowsException'{0x00000007418f00f8}> (0x00000007418f00f8) 
thrown [s\src\hotspot\share\prims\jni.cpp, line 520]
Event: 13407.107 Thread 0x000001fb8eba9160 Exception <a 'sun/nio/fs/WindowsException'{0x00000007418f1390}> (0x00000007418f1390) 
thrown [s\src\hotspot\share\prims\jni.cpp, line 520]
Event: 13407.109 Thread 0x000001fb8eba9160 Exception <a 'sun/nio/fs/WindowsException'{0x00000007418f2700}> (0x00000007418f2700) 
thrown [s\src\hotspot\share\prims\jni.cpp, line 520]
Event: 13407.130 Thread 0x000001fb981b4510 Exception <a 'sun/nio/fs/WindowsException'{0x00000007415137c0}> (0x00000007415137c0) 
thrown [s\src\hotspot\share\prims\jni.cpp, line 520]
Event: 13407.167 Thread 0x000001fb981b4510 Exception <a 'sun/nio/fs/WindowsException'{0x0000000741206b90}> (0x0000000741206b90) 
thrown [s\src\hotspot\share\prims\jni.cpp, line 520]
Event: 13407.167 Thread 0x000001fb981b4510 Exception <a 'sun/nio/fs/WindowsException'{0x0000000741206c88}> (0x0000000741206c88) 
thrown [s\src\hotspot\share\prims\jni.cpp, line 520]
Event: 13407.167 Thread 0x000001fb981b4510 Exception <a 'sun/nio/fs/WindowsException'{0x0000000741206d80}> (0x0000000741206d80) 
thrown [s\src\hotspot\share\prims\jni.cpp, line 520]
Event: 13407.167 Thread 0x000001fb981b4510 Exception <a 'sun/nio/fs/WindowsException'{0x0000000741206e88}> (0x0000000741206e88) 
thrown [s\src\hotspot\share\prims\jni.cpp, line 520]
Event: 13407.167 Thread 0x000001fb981b4510 Exception <a 'sun/nio/fs/WindowsException'{0x0000000741206f90}> (0x0000000741206f90) 
thrown [s\src\hotspot\share\prims\jni.cpp, line 520]
Event: 13407.167 Thread 0x000001fb981b4510 Exception <a 'sun/nio/fs/WindowsException'{0x0000000741207120}> (0x0000000741207120) 
thrown [s\src\hotspot\share\prims\jni.cpp, line 520]

ZGC Phase Switch (0 events):
No events

VM Operations (20 events):
Event: 13426.218 Executing VM operation: ICBufferFull
Event: 13426.218 Executing VM operation: ICBufferFull done
Event: 13427.070 Executing VM operation: ICBufferFull
Event: 13427.070 Executing VM operation: ICBufferFull done
Event: 13427.665 Executing VM operation: ICBufferFull
Event: 13427.666 Executing VM operation: ICBufferFull done
Event: 13428.197 Executing VM operation: ICBufferFull
Event: 13428.197 Executing VM operation: ICBufferFull done
Event: 13428.304 Executing VM operation: G1TryInitiateConcMark (G1 Humongous Allocation)
Event: 13428.353 Executing VM operation: G1TryInitiateConcMark (G1 Humongous Allocation) done
Event: 13428.562 Executing VM operation: G1TryInitiateConcMark (CodeCache GC Threshold)
Event: 13428.563 Executing VM operation: G1TryInitiateConcMark (CodeCache GC Threshold) done
Event: 13429.208 Executing VM operation: G1PauseRemark
Event: 13429.449 Executing VM operation: G1PauseRemark done
Event: 13430.079 Executing VM operation: G1PauseCleanup
Event: 13430.080 Executing VM operation: G1PauseCleanup done
Event: 13431.080 Executing VM operation: Cleanup
Event: 13431.081 Executing VM operation: Cleanup done
Event: 13432.030 Executing VM operation: ICBufferFull
Event: 13432.031 Executing VM operation: ICBufferFull done

Memory protections (0 events):
No events

Nmethod flushes (20 events):
Event: 13429.431 Thread 0x000001fb42a8e660 flushing  nmethod 0x000001fb2f996290
Event: 13429.431 Thread 0x000001fb42a8e660 flushing  nmethod 0x000001fb2f996c90
Event: 13429.431 Thread 0x000001fb42a8e660 flushing  nmethod 0x000001fb2f998310
Event: 13429.431 Thread 0x000001fb42a8e660 flushing  nmethod 0x000001fb2f99a210
Event: 13429.431 Thread 0x000001fb42a8e660 flushing  nmethod 0x000001fb3031bb90
Event: 13429.431 Thread 0x000001fb42a8e660 flushing  nmethod 0x000001fb3031d110
Event: 13429.431 Thread 0x000001fb42a8e660 flushing  nmethod 0x000001fb3031d510
Event: 13429.431 Thread 0x000001fb42a8e660 flushing  nmethod 0x000001fb3031e210
Event: 13429.431 Thread 0x000001fb42a8e660 flushing  nmethod 0x000001fb3031e810
Event: 13429.431 Thread 0x000001fb42a8e660 flushing  nmethod 0x000001fb3031ef90
Event: 13429.431 Thread 0x000001fb42a8e660 flushing  nmethod 0x000001fb3031f610
Event: 13429.431 Thread 0x000001fb42a8e660 flushing  nmethod 0x000001fb30320490
Event: 13429.431 Thread 0x000001fb42a8e660 flushing  nmethod 0x000001fb3049a290
Event: 13429.431 Thread 0x000001fb42a8e660 flushing  nmethod 0x000001fb304cff90
Event: 13429.431 Thread 0x000001fb42a8e660 flushing  nmethod 0x000001fb305eb210
Event: 13429.431 Thread 0x000001fb42a8e660 flushing  nmethod 0x000001fb305eca90
Event: 13429.431 Thread 0x000001fb42a8e660 flushing  nmethod 0x000001fb305ee610
Event: 13429.431 Thread 0x000001fb42a8e660 flushing  nmethod 0x000001fb305ef310
Event: 13429.431 Thread 0x000001fb42a8e660 flushing  nmethod 0x000001fb305efb10
Event: 13429.431 Thread 0x000001fb42a8e660 flushing  nmethod 0x000001fb305f0d10

Events (20 events):
Event: 13398.215 Thread 0x000001fba9647d80 Thread added: 0x000001fba9646910
Event: 13398.295 Thread 0x000001fbaabebea0 Thread exited: 0x000001fbaabebea0
Event: 13398.295 Thread 0x000001fbaa332360 Thread exited: 0x000001fbaa332360
Event: 13401.070 Thread 0x000001fbc396ee40 Thread exited: 0x000001fbc396ee40
Event: 13401.073 Thread 0x000001fbc396e120 Thread exited: 0x000001fbc396e120
Event: 13401.073 Thread 0x000001fbc3970f10 Thread exited: 0x000001fbc3970f10
Event: 13401.073 Thread 0x000001fb97510310 Thread exited: 0x000001fb97510310
Event: 13401.073 Thread 0x000001fbc396e7b0 Thread exited: 0x000001fbc396e7b0
Event: 13401.073 Thread 0x000001fbc3970880 Thread exited: 0x000001fbc3970880
Event: 13401.374 Thread 0x000001fba9648b20 Thread exited: 0x000001fba9648b20
Event: 13402.132 Thread 0x000001fba9647d80 Thread added: 0x000001fba9648b20
Event: 13407.128 Thread 0x000001fb8eba9160 Thread added: 0x000001fb97157ee0
Event: 13411.222 Thread 0x000001fb981b4510 Thread added: 0x000001fbc1c87840
Event: 13411.224 Thread 0x000001fbc1c87840 Thread added: 0x000001fbc1c89fa0
Event: 13411.225 Thread 0x000001fb981b4510 Thread added: 0x000001fbc1c89910
Event: 13411.226 Thread 0x000001fbc1c89fa0 Thread added: 0x000001fb8ebaa510
Event: 13411.226 Thread 0x000001fbc1c89910 Thread added: 0x000001fbaabec530
Event: 13411.227 Thread 0x000001fb8ebaa510 Thread added: 0x000001fb8ebaaba0
Event: 13411.227 Thread 0x000001fb981b4510 Thread added: 0x000001fbc1c89280
Event: 13411.228 Thread 0x000001fbaabec530 Thread added: 0x000001fb8f9144f0


Dynamic libraries:
0x00007ff75f410000 - 0x00007ff75f41e000 	C:\Program Files\Android\openjdk\jdk-21.0.8\bin\java.exe
0x00007ffeb6be0000 - 0x00007ffeb6e47000 	C:\WINDOWS\SYSTEM32\ntdll.dll
0x00007ffeb4d30000 - 0x00007ffeb4dfb000 	C:\WINDOWS\System32\KERNEL32.DLL
0x00007ffeb4300000 - 0x00007ffeb4702000 	C:\WINDOWS\System32\KERNELBASE.dll
0x00007ffeb3e30000 - 0x00007ffeb3f7c000 	C:\WINDOWS\System32\ucrtbase.dll
0x00007ffea0870000 - 0x00007ffea0888000 	C:\Program Files\Android\openjdk\jdk-21.0.8\bin\jli.dll
0x00007ffea0890000 - 0x00007ffea08ae000 	C:\Program Files\Android\openjdk\jdk-21.0.8\bin\VCRUNTIME140.dll
0x00007ffeb6050000 - 0x00007ffeb621f000 	C:\WINDOWS\System32\USER32.dll
0x00007ffeb4030000 - 0x00007ffeb4057000 	C:\WINDOWS\System32\win32u.dll
0x00007ffe81740000 - 0x00007ffe819d0000 	C:\WINDOWS\WinSxS\amd64_microsoft.windows.common-controls_6595b64144ccf1df_6.0.26100.9278_none_3e0d1ba8e3303201\COMCTL32.dll
0x00007ffeb6010000 - 0x00007ffeb603b000 	C:\WINDOWS\System32\GDI32.dll
0x00007ffeb41d0000 - 0x00007ffeb42f9000 	C:\WINDOWS\System32\gdi32full.dll
0x00007ffeb6340000 - 0x00007ffeb63e9000 	C:\WINDOWS\System32\msvcrt.dll
0x00007ffeb3f80000 - 0x00007ffeb4023000 	C:\WINDOWS\System32\msvcp_win.dll
0x00007ffeb5cd0000 - 0x00007ffeb5d01000 	C:\WINDOWS\System32\IMM32.DLL
0x00007ffeabee0000 - 0x00007ffeabeec000 	C:\Program Files\Android\openjdk\jdk-21.0.8\bin\vcruntime140_1.dll
0x00007ffe7d7d0000 - 0x00007ffe7d859000 	C:\Program Files\Android\openjdk\jdk-21.0.8\bin\msvcp140.dll
0x00007ffe26f10000 - 0x00007ffe27cbc000 	C:\Program Files\Android\openjdk\jdk-21.0.8\bin\server\jvm.dll
0x00007ffeb5660000 - 0x00007ffeb571c000 	C:\WINDOWS\System32\ADVAPI32.dll
0x00007ffeb4930000 - 0x00007ffeb49d9000 	C:\WINDOWS\System32\sechost.dll
0x00007ffeb49e0000 - 0x00007ffeb4af8000 	C:\WINDOWS\System32\RPCRT4.dll
0x00007ffeb5e80000 - 0x00007ffeb5f00000 	C:\WINDOWS\System32\WS2_32.dll
0x00007ffe9f700000 - 0x00007ffe9f70b000 	C:\WINDOWS\SYSTEM32\VERSION.dll
0x00007ffeb3c90000 - 0x00007ffeb3cee000 	C:\WINDOWS\SYSTEM32\POWRPROF.dll
0x00007ffea67a0000 - 0x00007ffea67d6000 	C:\WINDOWS\SYSTEM32\WINMM.dll
0x00007ffeb3c70000 - 0x00007ffeb3c85000 	C:\WINDOWS\SYSTEM32\UMPDC.dll
0x00007ffeb2b20000 - 0x00007ffeb2b3b000 	C:\WINDOWS\SYSTEM32\kernel.appcore.dll
0x00007ffea0830000 - 0x00007ffea083a000 	C:\Program Files\Android\openjdk\jdk-21.0.8\bin\jimage.dll
0x00007ffeb1410000 - 0x00007ffeb165c000 	C:\WINDOWS\SYSTEM32\DBGHELP.DLL
0x00007ffeb4fe0000 - 0x00007ffeb5365000 	C:\WINDOWS\System32\combase.dll
0x00007ffeb5370000 - 0x00007ffeb5449000 	C:\WINDOWS\System32\OLEAUT32.dll
0x00007ffe9acd0000 - 0x00007ffe9ad0b000 	C:\WINDOWS\SYSTEM32\dbgcore.DLL
0x00007ffeb4060000 - 0x00007ffeb410c000 	C:\WINDOWS\System32\bcryptPrimitives.dll
0x00007ffea0710000 - 0x00007ffea0720000 	C:\Program Files\Android\openjdk\jdk-21.0.8\bin\instrument.dll
0x00007ffe9dff0000 - 0x00007ffe9e011000 	C:\Program Files\Android\openjdk\jdk-21.0.8\bin\java.dll
0x00007ffeb6400000 - 0x00007ffeb6b98000 	C:\WINDOWS\System32\SHELL32.dll
0x00007ffeb18f0000 - 0x00007ffeb219e000 	C:\WINDOWS\SYSTEM32\windows.storage.dll
0x00007ffeb5f10000 - 0x00007ffeb600b000 	C:\WINDOWS\System32\SHCORE.dll
0x00007ffeb4f70000 - 0x00007ffeb4fd6000 	C:\WINDOWS\System32\shlwapi.dll
0x00007ffeb3d50000 - 0x00007ffeb3d79000 	C:\WINDOWS\SYSTEM32\profapi.dll
0x00007ffe7d6f0000 - 0x00007ffe7d7c6000 	C:\Program Files\Android\openjdk\jdk-21.0.8\bin\jsvml.dll
0x00007ffe9dfd0000 - 0x00007ffe9dfe8000 	C:\Program Files\Android\openjdk\jdk-21.0.8\bin\zip.dll
0x00007ffe93a00000 - 0x00007ffe93a11000 	C:\Program Files\Android\openjdk\jdk-21.0.8\bin\net.dll
0x00007ffea59e0000 - 0x00007ffea5b0a000 	C:\WINDOWS\SYSTEM32\WINHTTP.dll
0x00007ffeb3090000 - 0x00007ffeb30fc000 	C:\WINDOWS\system32\mswsock.dll
0x00007ffe8ab00000 - 0x00007ffe8ab16000 	C:\Program Files\Android\openjdk\jdk-21.0.8\bin\nio.dll
0x00007ffea0680000 - 0x00007ffea0690000 	C:\Program Files\Android\openjdk\jdk-21.0.8\bin\verify.dll
0x00007ffe7b350000 - 0x00007ffe7b377000 	C:\Users\LearnersYT\.gradle\native\c067742578af261105cb4f569cf0c3c89f3d7b1fecec35dd04571415982c5e48\windows-amd64\native-platform.dll
0x00007ffe6af10000 - 0x00007ffe6b054000 	C:\Users\LearnersYT\.gradle\native\100fb08df4bc3b14c8652ba06237920a3bd2aa13389f12d3474272988ae205f9\windows-amd64\native-platform-file-events.dll
0x00007ffe9dfc0000 - 0x00007ffe9dfca000 	C:\Program Files\Android\openjdk\jdk-21.0.8\bin\management.dll
0x00007ffe8d140000 - 0x00007ffe8d14c000 	C:\Program Files\Android\openjdk\jdk-21.0.8\bin\management_ext.dll
0x00007ffeb6040000 - 0x00007ffeb6048000 	C:\WINDOWS\System32\PSAPI.DLL
0x00007ffeb3480000 - 0x00007ffeb349b000 	C:\WINDOWS\SYSTEM32\CRYPTSP.dll
0x00007ffeb2a80000 - 0x00007ffeb2ab9000 	C:\WINDOWS\system32\rsaenh.dll
0x00007ffeb3130000 - 0x00007ffeb3164000 	C:\WINDOWS\SYSTEM32\USERENV.dll
0x00007ffeb3d20000 - 0x00007ffeb3d4a000 	C:\WINDOWS\SYSTEM32\bcrypt.dll
0x00007ffeb32e0000 - 0x00007ffeb32ec000 	C:\WINDOWS\SYSTEM32\CRYPTBASE.dll
0x00007ffeb24e0000 - 0x00007ffeb2513000 	C:\WINDOWS\SYSTEM32\IPHLPAPI.DLL
0x00007ffeb5d10000 - 0x00007ffeb5d1a000 	C:\WINDOWS\System32\NSI.dll
0x00007ffe8b010000 - 0x00007ffe8b019000 	C:\Program Files\Android\openjdk\jdk-21.0.8\bin\extnet.dll
0x00007ffe85c50000 - 0x00007ffe85c5e000 	C:\Program Files\Android\openjdk\jdk-21.0.8\bin\sunmscapi.dll
0x00007ffeb47a0000 - 0x00007ffeb491e000 	C:\WINDOWS\System32\CRYPT32.dll
0x00007ffeb35f0000 - 0x00007ffeb3620000 	C:\WINDOWS\SYSTEM32\ncrypt.dll
0x00007ffeb35a0000 - 0x00007ffeb35df000 	C:\WINDOWS\SYSTEM32\NTASN1.dll
0x00007ffe997c0000 - 0x00007ffe997c8000 	C:\WINDOWS\system32\wshunix.dll
0x00007ffea0b60000 - 0x00007ffea0b78000 	C:\WINDOWS\system32\napinsp.dll
0x00007ffeb2570000 - 0x00007ffeb26c8000 	C:\WINDOWS\SYSTEM32\DNSAPI.dll
0x00007ffeb2ed0000 - 0x00007ffeb2edd000 	C:\WINDOWS\SYSTEM32\DSPARSE.dll
0x00007ffea0610000 - 0x00007ffea0623000 	C:\WINDOWS\System32\winrnr.dll
0x00007ffea05e0000 - 0x00007ffea0607000 	C:\WINDOWS\system32\nlansp_c.dll
0x00007ffe9b070000 - 0x00007ffe9b086000 	C:\WINDOWS\system32\wshbth.dll
0x00007ffea8180000 - 0x00007ffea818b000 	C:\Windows\System32\rasadhlp.dll
0x00007ffea9640000 - 0x00007ffea96c6000 	C:\WINDOWS\System32\fwpuclnt.dll
0x00007ffe850f0000 - 0x00007ffe850f7000 	C:\Program Files\Android\openjdk\jdk-21.0.8\bin\rmi.dll
0x00007ffe20710000 - 0x00007ffe208a2000 	C:\Program Files\Android\openjdk\jdk-21.0.8\bin\awt.dll
0x00007ffeb0700000 - 0x00007ffeb079f000 	C:\WINDOWS\SYSTEM32\apphelp.dll
0x00007ffeb0910000 - 0x00007ffeb09b8000 	C:\WINDOWS\system32\uxtheme.dll
0x00007ffeb5d20000 - 0x00007ffeb5e7b000 	C:\WINDOWS\System32\MSCTF.dll
0x00007ffeb4b00000 - 0x00007ffeb4c9a000 	C:\WINDOWS\System32\ole32.dll
0x00007ffeb2c50000 - 0x00007ffeb2c86000 	C:\WINDOWS\SYSTEM32\ntmarta.dll

JVMTI agents:
C:\Users\LearnersYT\.gradle\wrapper\dists\gradle-8.9-bin\90cnw93cvbtalezasaz0blq0a\gradle-8.9\lib\agents\gradle-instrumentation-agent-8.9.jar path:C:\Program Files\Android\openjdk\jdk-21.0.8\bin\instrument.dll, loaded, initialized, instrumentlib options:none

dbghelp: loaded successfully - version: 4.0.5 - missing functions: none
symbol engine: initialized successfully - sym options: 0x614 - pdb path: .;C:\Program Files\Android\openjdk\jdk-21.0.8\bin;C:\WINDOWS\SYSTEM32;C:\WINDOWS\WinSxS\amd64_microsoft.windows.common-controls_6595b64144ccf1df_6.0.26100.9278_none_3e0d1ba8e3303201;C:\Program Files\Android\openjdk\jdk-21.0.8\bin\server;C:\Users\LearnersYT\.gradle\native\c067742578af261105cb4f569cf0c3c89f3d7b1fecec35dd04571415982c5e48\windows-amd64;C:\Users\LearnersYT\.gradle\native\100fb08df4bc3b14c8652ba06237920a3bd2aa13389f12d3474272988ae205f9\windows-amd64

VM Arguments:
jvm_args: --add-exports=jdk.compiler/com.sun.tools.javac.api=ALL-UNNAMED --add-exports=jdk.compiler/com.sun.tools.javac.util=ALL-UNNAMED --add-opens=java.base/java.util=ALL-UNNAMED --add-opens=java.base/java.lang=ALL-UNNAMED --add-opens=java.base/java.lang.invoke=ALL-UNNAMED --add-opens=java.prefs/java.util.prefs=ALL-UNNAMED --add-exports=jdk.compiler/com.sun.tools.javac.api=ALL-UNNAMED --add-exports=jdk.compiler/com.sun.tools.javac.util=ALL-UNNAMED --add-opens=java.base/java.nio.charset=ALL-UNNAMED --add-opens=java.base/java.net=ALL-UNNAMED --add-opens=java.base/java.util.concurrent.atomic=ALL-UNNAMED -Xmx4096m -Dfile.encoding=UTF-8 -Duser.country=IN -Duser.language=en -Duser.variant -javaagent:C:\Users\LearnersYT\.gradle\wrapper\dists\gradle-8.9-bin\90cnw93cvbtalezasaz0blq0a\gradle-8.9\lib\agents\gradle-instrumentation-agent-8.9.jar 
java_command: org.gradle.launcher.daemon.bootstrap.GradleDaemon 8.9
java_class_path (initial): C:\Users\LearnersYT\.gradle\wrapper\dists\gradle-8.9-bin\90cnw93cvbtalezasaz0blq0a\gradle-8.9\lib\gradle-daemon-main-8.9.jar
Launcher Type: SUN_STANDARD

[Global flags]
     intx CICompilerCount                          = 12                                        {product} {ergonomic}
     uint ConcGCThreads                            = 3                                         {product} {ergonomic}
     uint G1ConcRefinementThreads                  = 13                                        {product} {ergonomic}
   size_t G1HeapRegionSize                         = 2097152                                   {product} {ergonomic}
    uintx GCDrainStackTargetSize                   = 64                                        {product} {ergonomic}
   size_t InitialHeapSize                          = 532676608                                 {product} {ergonomic}
   size_t MarkStackSize                            = 4194304                                   {product} {ergonomic}
   size_t MaxHeapSize                              = 4294967296                                {product} {command line}
   size_t MaxNewSize                               = 2575302656                                {product} {ergonomic}
   size_t MinHeapDeltaBytes                        = 2097152                                   {product} {ergonomic}
   size_t MinHeapSize                              = 8388608                                   {product} {ergonomic}
    uintx NonNMethodCodeHeapSize                   = 7602480                                {pd product} {ergonomic}
    uintx NonProfiledCodeHeapSize                  = 122027880                              {pd product} {ergonomic}
    uintx ProfiledCodeHeapSize                     = 122027880                              {pd product} {ergonomic}
    uintx ReservedCodeCacheSize                    = 251658240                              {pd product} {ergonomic}
     bool SegmentedCodeCache                       = true                                      {product} {ergonomic}
   size_t SoftMaxHeapSize                          = 4294967296                             {manageable} {ergonomic}
     bool UseCompressedOops                        = true                           {product lp64_product} {ergonomic}
     bool UseG1GC                                  = true                                      {product} {ergonomic}
     bool UseLargePagesIndividualAllocation        = false                                  {pd product} {ergonomic}

Logging:
Log output configuration:
 #0: stdout all=warning uptime,level,tags foldmultilines=false
 #1: stderr all=off uptime,level,tags foldmultilines=false

Environment Variables:
PATH=C:\WINDOWS\system32;C:\WINDOWS;C:\WINDOWS\System32\Wbem;C:\WINDOWS\System32\WindowsPowerShell\v1.0\;C:\Program Files\Common Files\Oracle\Java\javapath;C:\Program Files (x86)\Common Files\Oracle\Java\java8path;C:\Program Files (x86)\Common Files\Oracle\Java\javapath;C:\WINDOWS\System32\OpenSSH\;C:\Program Files\Microsoft SQL Server\Client SDK\ODBC\170\Tools\Binn\;C:\Program Files\Microsoft SQL Server\150\Tools\Binn\;C:\Program Files\dotnet\;C:\Users\LearnersYT\AppData\Local\Microsoft\WindowsApps;C:\Users\LearnersYT\AppData\Local\Programs\Fiddler;C:\Users\LearnersYT\ADB;C:\Program Files\Microsoft SQL Server\170\Tools\Binn\;C:\ProgramData\chocolatey\bin;C:\Program Files\nodejs\;C:\Program Files\Git\cmd;C:\Program Files\PostgreSQL\18\bin;C:\Program Files\nodejs;C:\Program Files\WinGet\Links;C:\WINDOWS\System32\OpenSSH\;C:\Users\LearnersYT\AppData\Local\qwen-code\bin;C:\Program Files\platform-tools;C:\Users\LearnersYT\AppData\Local\Microsoft\WindowsApps;C:\PHP;C:\Users\LearnersYT\.dotnet\tools;C:\Users\LearnersYT\AppData\Local\Programs\Microsoft VS Code\bin;C:\Users\LearnersYT\AppData\Local\Programs\Antigravity\bin;C:\Users\LearnersYT\AppData\Local\Programs\Ollama;C:\Users\LearnersYT\AppData\Local\Programs\Fiddler;C:\Users\LearnersYT\AppData\Roaming\npm;C:\Users\LearnersYT\AppData\Local\Programs\Antigravity IDE\bin;%USERPROFILE%\AppData\Local\Microsoft\WindowsApps;
USERNAME=urPathshala
OS=Windows_NT
PROCESSOR_IDENTIFIER=Intel64 Family 6 Model 154 Stepping 3, GenuineIntel
TMP=C:\Users\LEARNE~1\AppData\Local\Temp
TEMP=C:\Users\LEARNE~1\AppData\Local\Temp




Periodic native trim disabled

---------------  S Y S T E M  ---------------

OS:
 Windows 11 , 64 bit Build 26100 (10.0.26100.9444)
OS uptime: 0 days 11:09 hours
Hyper-V role detected

CPU: total 16 (initial active 16) (8 cores per cpu, 2 threads per core) family 6 model 154 stepping 3 microcode 0x435, cx8, cmov, fxsr, ht, mmx, 3dnowpref, sse, sse2, sse3, ssse3, sse4.1, sse4.2, popcnt, lzcnt, tsc, tscinvbit, avx, avx2, aes, erms, clmul, bmi1, bmi2, adx, sha, fma, vzeroupper, clflush, clflushopt, clwb, hv, serialize, rdtscp, rdpid, fsrm, f16c, cet_ibt, cet_ss
Processor Information for processor 0
  Max Mhz: 1700, Current Mhz: 1700, Mhz Limit: 1700
Processor Information for processor 1
  Max Mhz: 1700, Current Mhz: 1700, Mhz Limit: 1700
Processor Information for processor 2
  Max Mhz: 1700, Current Mhz: 1700, Mhz Limit: 1700
Processor Information for processor 3
  Max Mhz: 1700, Current Mhz: 1700, Mhz Limit: 1700
Processor Information for processor 4
  Max Mhz: 1700, Current Mhz: 1700, Mhz Limit: 1700
Processor Information for processor 5
  Max Mhz: 1700, Current Mhz: 1700, Mhz Limit: 1700
Processor Information for processor 6
  Max Mhz: 1700, Current Mhz: 1700, Mhz Limit: 1700
Processor Information for processor 7
  Max Mhz: 1700, Current Mhz: 1700, Mhz Limit: 1700
Processor Information for processor 8
  Max Mhz: 1700, Current Mhz: 1200, Mhz Limit: 1190
Processor Information for processor 9
  Max Mhz: 1700, Current Mhz: 1200, Mhz Limit: 1190
Processor Information for processor 10
  Max Mhz: 1700, Current Mhz: 1200, Mhz Limit: 1190
Processor Information for processor 11
  Max Mhz: 1700, Current Mhz: 1200, Mhz Limit: 1190
Processor Information for processor 12
  Max Mhz: 1700, Current Mhz: 1200, Mhz Limit: 1190
Processor Information for processor 13
  Max Mhz: 1700, Current Mhz: 1200, Mhz Limit: 1190
Processor Information for processor 14
  Max Mhz: 1700, Current Mhz: 1200, Mhz Limit: 1190
Processor Information for processor 15
  Max Mhz: 1700, Current Mhz: 1200, Mhz Limit: 1190

Memory: 4k page, system-wide physical 32439M (7597M free)
TotalPageFile size 32439M (AvailPageFile size 106M)
current process WorkingSet (physical memory assigned to process): 2761M, peak: 4110M
current process commit charge ("private bytes"): 2942M, peak: 4160M

vm_info: OpenJDK 64-Bit Server VM (21.0.8+9-LTS) for windows-amd64 JRE (21.0.8+9-LTS), built on 2025-07-10T20:22:44Z by "MicrosoftCorporation" with unknown MS VC++:1944

END.
